house_type,insulation,schedule,Loc_code,Hydro_resource,SH_code,DW_code,Occ_code,R_cap,HP_cap,Tank_Volume (L),kgCO2_oper_life,P_annual_kWh_life,kgCO2_manuf_life,kgCO2_dist_life,kgCO2_inst_life,kgCO2_eol_life,kgCO2_other_life,kgCO2_total_life
Mass,H1,Ideal,AK,Hhigh,HP,NA,NA,NA,6.5,NA,225.22277365979406,2855.0548309277096,1215.547618,27.44847036,76.31200903,241.3279934,1264.174085,3050.032949449794
Mass,H1,Ideal,AK,Hhigh,HPl,NA,NA,NA,4.5,NA,195.9781133178998,2529.423166391112,793.8182066,16.69170212,44.5649502,147.322111,615.6446734,1814.0197566378997
Mass,H1,Ideal,AK,Hhigh,HYD1000,HYD1000,3,NA,5,1000,1149.990526329049,19472.846563073326,3694.529233,120.3758619,110.2336872,694.3871549,1914.8617479999998,7684.378211329049
Mass,H1,Ideal,AK,Hhigh,HYD1000,HYD1000,4,NA,5,1000,1289.6286292734285,22373.148518637863,3694.529233,120.3758619,110.2336872,694.3871549,1914.8617479999998,7824.016314273427
Mass,H1,Ideal,AK,Hhigh,HYD1000,HYD1000,5,NA,5,1000,1451.1607582282322,25309.113823383097,3694.529233,120.3758619,110.2336872,694.3871549,1914.8617479999998,7985.548443228232
Mass,H1,Ideal,AK,Hhigh,HYD200,HYD200,3,NA,8.5,200,1010.2665985728611,16985.381365412137,3213.348484,111.70017279999999,108.6154548,484.7662779,2002.420748,6931.117736072862
Mass,H1,Ideal,AK,Hhigh,HYD200,HYD200,4,NA,8.5,200,1145.3000984602065,19954.37495369954,3213.348484,111.70017279999999,108.6154548,484.7662779,2002.420748,7066.1512359602075
Mass,H1,Ideal,AK,Hhigh,HYD200,HYD200,5,NA,8.5,200,1309.920583960789,23055.005108828525,3213.348484,111.70017279999999,108.6154548,484.7662779,2002.420748,7230.771721460789
Mass,H1,Ideal,AK,Hhigh,HYD500,HYD500,3,NA,5,500,1038.8617174878636,17526.5985520008,3380.197414,113.0762903,110.2336872,555.978064,1914.8617479999998,7113.208920987863
Mass,H1,Ideal,AK,Hhigh,HYD500,HYD500,4,NA,5,500,1173.766857170133,20442.409335086402,3380.197414,113.0762903,110.2336872,555.978064,1914.8617479999998,7248.114060670134
Mass,H1,Ideal,AK,Hhigh,HYD500,HYD500,5,NA,5,500,1331.240587283138,23395.034389350934,3380.197414,113.0762903,110.2336872,555.978064,1914.8617479999998,7405.587790783138
Mass,H1,Ideal,AK,Hhigh,R,NA,NA,7,NA,NA,890.9089962144009,11317.613790472351,833.7807930000001,34.39267655,4.221680447,40.8013688,0,1804.1055150114012
Mass,H1,Ideal,AK,Hhigh,Rb,NA,NA,2,NA,NA,156.5616102914182,1814.3390296115833,260.6117315,10.46295479,1.367578355,12.423650609999997,0,441.4275255464182
Mass,H1,Ideal,AK,Hhigh,Rl,NA,NA,5,NA,NA,734.3473859229825,9503.274760860771,573.1690614,23.92972175,2.854102092,28.37771819,0,1362.6779893549824
Mass,H1,Ideal,AK,Hlow,HP,NA,NA,NA,6.5,NA,298.67556746334446,2855.0548309277096,1215.547618,27.44847036,76.31200903,241.3279934,1264.174085,3123.4857432533445
Mass,H1,Ideal,AK,Hlow,HPl,NA,NA,NA,4.5,NA,259.1863230134975,2529.423166391112,793.8182066,16.69170212,44.5649502,147.322111,615.6446734,1877.2279663334975
Mass,H1,Ideal,AK,Hlow,HYD1000,HYD1000,3,NA,5,1000,1418.903392822448,19472.846563073326,3694.529233,120.3758619,110.2336872,694.3871549,1914.8617479999998,7953.291077822447
Mass,H1,Ideal,AK,Hlow,HYD1000,HYD1000,4,NA,5,1000,1575.4070786269242,22373.148518637863,3694.529233,120.3758619,110.2336872,694.3871549,1914.8617479999998,8109.794763626924
Mass,H1,Ideal,AK,Hlow,HYD1000,HYD1000,5,NA,5,1000,1756.851239125423,25309.113823383097,3694.529233,120.3758619,110.2336872,694.3871549,1914.8617479999998,8291.238924125422
Mass,H1,Ideal,AK,Hlow,HYD200,HYD200,3,NA,8.5,200,1269.7141542491308,16985.381365412137,3213.348484,111.70017279999999,108.6154548,484.7662779,2002.420748,7190.565291749132
Mass,H1,Ideal,AK,Hlow,HYD200,HYD200,4,NA,8.5,200,1426.465652482879,19954.37495369954,3213.348484,111.70017279999999,108.6154548,484.7662779,2002.420748,7347.316789982879
Mass,H1,Ideal,AK,Hlow,HYD200,HYD200,5,NA,8.5,200,1617.1042136863912,23055.005108828525,3213.348484,111.70017279999999,108.6154548,484.7662779,2002.420748,7537.9553511863905
Mass,H1,Ideal,AK,Hlow,HYD500,HYD500,3,NA,5,500,1286.6155966279755,17526.5985520008,3380.197414,113.0762903,110.2336872,555.978064,1914.8617479999998,7360.962800127976
Mass,H1,Ideal,AK,Hlow,HYD500,HYD500,4,NA,5,500,1439.8454249780264,20442.409335086402,3380.197414,113.0762903,110.2336872,555.978064,1914.8617479999998,7514.192628478026
Mass,H1,Ideal,AK,Hlow,HYD500,HYD500,5,NA,5,500,1617.2948479546053,23395.034389350934,3380.197414,113.0762903,110.2336872,555.978064,1914.8617479999998,7691.642051454604
Mass,H1,Ideal,AK,Hlow,R,NA,NA,7,NA,NA,1179.9782644285588,11317.613790472351,833.7807930000001,34.39267655,4.221680447,40.8013688,0,2093.1747832255587
Mass,H1,Ideal,AK,Hlow,Rb,NA,NA,2,NA,NA,209.86542996786343,1814.3390296115833,260.6117315,10.46295479,1.367578355,12.423650609999997,0,494.7313452228634
Mass,H1,Ideal,AK,Hlow,Rl,NA,NA,5,NA,NA,970.1128344606956,9503.274760860771,573.1690614,23.92972175,2.854102092,28.37771819,0,1598.4434378926956
Mass,H1,Ideal,CH,Hhigh,HP,NA,NA,NA,8,NA,968.2014031584596,12271.199480267622,1248.729155,28.28269202,81.11150315,246.4902634,1275.71918,3848.5341967284594
Mass,H1,Ideal,CH,Hhigh,HPl,NA,NA,NA,5,NA,603.831060059908,7962.039772749726,826.9997436999998,17.52592378,49.36444432999999,152.484381,627.1897679,2277.395320769908
Mass,H1,Ideal,CH,Hhigh,HYD1000,HYD1000,3,NA,5,1000,2299.840519657994,33961.96797018283,3861.745522,124.0935889,112.32240350000001,717.9529673000001,2096.290777,9212.245778357996
Mass,H1,Ideal,CH,Hhigh,HYD1000,HYD1000,4,NA,5,1000,2463.581054675191,37111.047744209965,3861.745522,124.0935889,112.32240350000001,717.9529673000001,2096.290777,9375.986313375191
Mass,H1,Ideal,CH,Hhigh,HYD1000,HYD1000,5,NA,5,1000,2641.2897641540035,40262.973409347505,3861.745522,124.0935889,112.32240350000001,717.9529673000001,2096.290777,9553.695022854004
Mass,H1,Ideal,CH,Hhigh,HYD200,HYD200,3,NA,11.2,200,1969.6361149928862,28570.852770529444,3499.338303,120.05053259999998,118.0814058,553.0027961,2249.519027,8509.628179492885
Mass,H1,Ideal,CH,Hhigh,HYD200,HYD200,4,NA,11.2,200,2108.86647882798,31386.12611125514,3499.338303,120.05053259999998,118.0814058,553.0027961,2249.519027,8648.858543327979
Mass,H1,Ideal,CH,Hhigh,HYD200,HYD200,5,NA,11.2,200,2266.1234173390953,34333.47443431575,3499.338303,120.05053259999998,118.0814058,553.0027961,2249.519027,8806.115481839095
Mass,H1,Ideal,CH,Hhigh,HYD500,HYD500,3,NA,6,500,2036.3757694975138,30418.85844581611,3587.0048809999994,118.33822830000001,114.78148169999999,594.4341117,2118.180527,8569.114999197513
Mass,H1,Ideal,CH,Hhigh,HYD500,HYD500,4,NA,6,500,2188.8782019862088,33520.43368169569,3587.0048809999994,118.33822830000001,114.78148169999999,594.4341117,2118.180527,8721.617431686209
Mass,H1,Ideal,CH,Hhigh,HYD500,HYD500,5,NA,6,500,2361.744456250437,36736.55883260742,3587.0048809999994,118.33822830000001,114.78148169999999,594.4341117,2118.180527,8894.483685950436
Mass,H1,Ideal,CH,Hhigh,R,NA,NA,8.5,NA,NA,3110.6424456107657,40291.66486860519,911.6991905000001,38.89839479,4.400098522,46.09699423,0,4111.737123652766
Mass,H1,Ideal,CH,Hhigh,Rb,NA,NA,3.5,NA,NA,1167.5447449389674,14038.187304758125,338.5301291,14.96867304,1.545996429,17.71927605,0,1540.3088195579676
Mass,H1,Ideal,CH,Hhigh,Rl,NA,NA,5,NA,NA,1943.0977006717985,26253.477563847075,573.1690614,23.92972175,2.854102092,28.37771819,0,2571.4283041037984
Mass,H1,Ideal,CH,Hlow,HP,NA,NA,NA,8,NA,1252.2111971505983,12271.199480267622,1248.729155,28.28269202,81.11150315,246.4902634,1275.71918,4132.543990720598
Mass,H1,Ideal,CH,Hlow,HPl,NA,NA,NA,5,NA,770.1238320035393,7962.039772749726,826.9997436999998,17.52592378,49.36444432999999,152.484381,627.1897679,2443.6880927135394
Mass,H1,Ideal,CH,Hlow,HYD1000,HYD1000,3,NA,5,1000,2878.6496304861525,33961.96797018283,3861.745522,124.0935889,112.32240350000001,717.9529673000001,2096.290777,9791.054889186154
Mass,H1,Ideal,CH,Hlow,HYD1000,HYD1000,4,NA,5,1000,3065.0067029422635,37111.047744209965,3861.745522,124.0935889,112.32240350000001,717.9529673000001,2096.290777,9977.411961642265
Mass,H1,Ideal,CH,Hlow,HYD1000,HYD1000,5,NA,5,1000,3261.8839872702124,40262.973409347505,3861.745522,124.0935889,112.32240350000001,717.9529673000001,2096.290777,10174.289245970213
Mass,H1,Ideal,CH,Hlow,HYD200,HYD200,3,NA,11.2,200,2500.909559827487,28570.852770529444,3499.338303,120.05053259999998,118.0814058,553.0027961,2249.519027,9040.901624327487
Mass,H1,Ideal,CH,Hlow,HYD200,HYD200,4,NA,11.2,200,2662.5322858515883,31386.12611125514,3499.338303,120.05053259999998,118.0814058,553.0027961,2249.519027,9202.524350351589
Mass,H1,Ideal,CH,Hlow,HYD200,HYD200,5,NA,11.2,200,2844.6567661045096,34333.47443431575,3499.338303,120.05053259999998,118.0814058,553.0027961,2249.519027,9384.648830604508
Mass,H1,Ideal,CH,Hlow,HYD500,HYD500,3,NA,6,500,2554.5097225777554,30418.85844581611,3587.0048809999994,118.33822830000001,114.78148169999999,594.4341117,2118.180527,9087.248952277754
Mass,H1,Ideal,CH,Hlow,HYD500,HYD500,4,NA,6,500,2728.837842991443,33520.43368169569,3587.0048809999994,118.33822830000001,114.78148169999999,594.4341117,2118.180527,9261.577072691442
Mass,H1,Ideal,CH,Hlow,HYD500,HYD500,5,NA,6,500,2923.274519788775,36736.55883260742,3587.0048809999994,118.33822830000001,114.78148169999999,594.4341117,2118.180527,9456.013749488775
Mass,H1,Ideal,CH,Hlow,R,NA,NA,8.5,NA,NA,4017.362525077176,40291.66486860519,911.6991905000001,38.89839479,4.400098522,46.09699423,0,5018.457203119176
Mass,H1,Ideal,CH,Hlow,Rb,NA,NA,3.5,NA,NA,1539.6444059559697,14038.187304758125,338.5301291,14.96867304,1.545996429,17.71927605,0,1912.4084805749699
Mass,H1,Ideal,CH,Hlow,Rl,NA,NA,5,NA,NA,2477.718119121206,26253.477563847075,573.1690614,23.92972175,2.854102092,28.37771819,0,3106.0487225532065
Mass,H1,Real,AK,Hhigh,HP,NA,NA,NA,6.5,NA,220.90247079606937,2799.5242136790635,1215.547618,27.44847036,76.31200903,241.3279934,1264.174085,3045.7126465860692
Mass,H1,Real,AK,Hhigh,HPl,NA,NA,NA,4.5,NA,195.6482047442175,2525.132156077758,793.8182066,16.69170212,44.5649502,147.322111,615.6446734,1813.6898480642176
Mass,H1,Real,AK,Hhigh,HYD1000,HYD1000,3,NA,5,1000,1144.3908150849315,19402.300207433036,3694.529233,120.3758619,110.2336872,694.3871549,1914.8617479999998,7678.778500084931
Mass,H1,Real,AK,Hhigh,HYD1000,HYD1000,4,NA,5,1000,1283.4299881841162,22298.711426755555,3694.529233,120.3758619,110.2336872,694.3871549,1914.8617479999998,7817.817673184116
Mass,H1,Real,AK,Hhigh,HYD1000,HYD1000,5,NA,5,1000,1444.958371664196,25234.974504637903,3694.529233,120.3758619,110.2336872,694.3871549,1914.8617479999998,7979.346056664195
Mass,H1,Real,AK,Hhigh,HYD200,HYD200,3,NA,8.5,200,1006.6744557251792,16916.942367876603,3213.348484,111.70017279999999,108.6154548,484.7662779,2002.420748,6927.52559322518
Mass,H1,Real,AK,Hhigh,HYD200,HYD200,4,NA,8.5,200,1141.799867769598,19886.79254878942,3213.348484,111.70017279999999,108.6154548,484.7662779,2002.420748,7062.651005269598
Mass,H1,Real,AK,Hhigh,HYD200,HYD200,5,NA,8.5,200,1305.7052222209174,22988.113776428952,3213.348484,111.70017279999999,108.6154548,484.7662779,2002.420748,7226.556359720918
Mass,H1,Real,AK,Hhigh,HYD500,HYD500,3,NA,5,500,1035.2696940425112,17463.79149147242,3380.197414,113.0762903,110.2336872,555.978064,1914.8617479999998,7109.616897542512
Mass,H1,Real,AK,Hhigh,HYD500,HYD500,4,NA,5,500,1170.286978285343,20376.931250719426,3380.197414,113.0762903,110.2336872,555.978064,1914.8617479999998,7244.634181785343
Mass,H1,Real,AK,Hhigh,HYD500,HYD500,5,NA,5,500,1327.1715171928392,23328.527821193657,3380.197414,113.0762903,110.2336872,555.978064,1914.8617479999998,7401.5187206928385
Mass,H1,Real,AK,Hhigh,R,NA,NA,7,NA,NA,876.9962635154066,11135.835785899315,833.7807930000001,34.39267655,4.221680447,40.8013688,0,1790.1927823124067
Mass,H1,Real,AK,Hhigh,Rb,NA,NA,2,NA,NA,143.8924356156474,1648.7852530191615,260.6117315,10.46295479,1.367578355,12.423650609999997,0,428.7583508706474
Mass,H1,Real,AK,Hhigh,Rl,NA,NA,5,NA,NA,733.1038278997593,9487.05053288015,573.1690614,23.92972175,2.854102092,28.37771819,0,1361.4344313317592
Mass,H1,Real,AK,Hlow,HP,NA,NA,NA,6.5,NA,291.71027169019317,2799.5242136790635,1215.547618,27.44847036,76.31200903,241.3279934,1264.174085,3116.520447480193
Mass,H1,Real,AK,Hlow,HPl,NA,NA,NA,4.5,NA,258.70914004000997,2525.132156077758,793.8182066,16.69170212,44.5649502,147.322111,615.6446734,1876.7507833600098
Mass,H1,Real,AK,Hlow,HYD1000,HYD1000,3,NA,5,1000,1408.387922959797,19402.300207433036,3694.529233,120.3758619,110.2336872,694.3871549,1914.8617479999998,7942.775607959797
Mass,H1,Real,AK,Hlow,HYD1000,HYD1000,4,NA,5,1000,1563.7129894501493,22298.711426755555,3694.529233,120.3758619,110.2336872,694.3871549,1914.8617479999998,8098.100674450148
Mass,H1,Real,AK,Hlow,HYD1000,HYD1000,5,NA,5,1000,1745.70737165592,25234.974504637903,3694.529233,120.3758619,110.2336872,694.3871549,1914.8617479999998,8280.095056655919
Mass,H1,Real,AK,Hlow,HYD200,HYD200,3,NA,8.5,200,1261.2412895158063,16916.942367876603,3213.348484,111.70017279999999,108.6154548,484.7662779,2002.420748,7182.092427015807
Mass,H1,Real,AK,Hlow,HYD200,HYD200,4,NA,8.5,200,1417.566146984893,19886.79254878942,3213.348484,111.70017279999999,108.6154548,484.7662779,2002.420748,7338.417284484893
Mass,H1,Real,AK,Hlow,HYD200,HYD200,5,NA,8.5,200,1608.3418543861021,22988.113776428952,3213.348484,111.70017279999999,108.6154548,484.7662779,2002.420748,7529.192991886102
Mass,H1,Real,AK,Hlow,HYD500,HYD500,3,NA,5,500,1278.1065257477421,17463.79149147242,3380.197414,113.0762903,110.2336872,555.978064,1914.8617479999998,7352.453729247742
Mass,H1,Real,AK,Hlow,HYD500,HYD500,4,NA,5,500,1430.9700568251658,20376.931250719426,3380.197414,113.0762903,110.2336872,555.978064,1914.8617479999998,7505.317260325166
Mass,H1,Real,AK,Hlow,HYD500,HYD500,5,NA,5,500,1608.1985716728757,23328.527821193657,3380.197414,113.0762903,110.2336872,555.978064,1914.8617479999998,7682.545775172875
Mass,H1,Real,AK,Hlow,R,NA,NA,7,NA,NA,1157.2451670992311,11135.835785899315,833.7807930000001,34.39267655,4.221680447,40.8013688,0,2070.4416858962313
Mass,H1,Real,AK,Hlow,Rb,NA,NA,2,NA,NA,188.93407643742717,1648.7852530191615,260.6117315,10.46295479,1.367578355,12.423650609999997,0,473.79999169242717
Mass,H1,Real,AK,Hlow,Rl,NA,NA,5,NA,NA,968.3110906618041,9487.05053288015,573.1690614,23.92972175,2.854102092,28.37771819,0,1596.641694093804
Mass,H1,Real,CH,Hhigh,HP,NA,NA,NA,8,NA,904.546704274942,11342.42930802875,1248.729155,28.28269202,81.11150315,246.4902634,1275.71918,3784.879497844942
Mass,H1,Real,CH,Hhigh,HPl,NA,NA,NA,5,NA,604.5270425024227,7965.460262396259,826.9997436999998,17.52592378,49.36444432999999,152.484381,627.1897679,2278.0913032124226
Mass,H1,Real,CH,Hhigh,HYD1000,HYD1000,3,NA,5,1000,2219.5298021311014,32680.60253817034,3861.745522,124.0935889,112.32240350000001,717.9529673000001,2096.290777,9131.935060831103
Mass,H1,Real,CH,Hhigh,HYD1000,HYD1000,4,NA,5,1000,2381.730482495572,35817.73422561584,3861.745522,124.0935889,112.32240350000001,717.9529673000001,2096.290777,9294.135741195572
Mass,H1,Real,CH,Hhigh,HYD1000,HYD1000,5,NA,5,1000,2559.6118614794736,38971.78516997633,3861.745522,124.0935889,112.32240350000001,717.9529673000001,2096.290777,9472.017120179473
Mass,H1,Real,CH,Hhigh,HYD200,HYD200,3,NA,11.2,200,1893.5282135599612,27329.972047923242,3499.338303,120.05053259999998,118.0814058,553.0027961,2249.519027,8433.520278059961
Mass,H1,Real,CH,Hhigh,HYD200,HYD200,4,NA,11.2,200,2031.4930861896883,30143.769926012756,3499.338303,120.05053259999998,118.0814058,553.0027961,2249.519027,8571.485150689688
Mass,H1,Real,CH,Hhigh,HYD200,HYD200,5,NA,11.2,200,2189.4461649324085,33089.532845512316,3499.338303,120.05053259999998,118.0814058,553.0027961,2249.519027,8729.438229432408
Mass,H1,Real,CH,Hhigh,HYD500,HYD500,3,NA,6,500,1974.8624377975038,29364.28654695003,3587.0048809999994,118.33822830000001,114.78148169999999,594.4341117,2118.180527,8507.601667497504
Mass,H1,Real,CH,Hhigh,HYD500,HYD500,4,NA,6,500,2127.501716162838,32462.871823591435,3587.0048809999994,118.33822830000001,114.78148169999999,594.4341117,2118.180527,8660.240945862837
Mass,H1,Real,CH,Hhigh,HYD500,HYD500,5,NA,6,500,2300.658574319288,35681.14662582105,3587.0048809999994,118.33822830000001,114.78148169999999,594.4341117,2118.180527,8833.397804019287
Mass,H1,Real,CH,Hhigh,R,NA,NA,8.5,NA,NA,2939.046969177647,37756.961331829305,911.6991905000001,38.89839479,4.400098522,46.09699423,0,3940.141647219647
Mass,H1,Real,CH,Hhigh,Rb,NA,NA,3.5,NA,NA,993.705376016663,11494.406411444526,338.5301291,14.96867304,1.545996429,17.71927605,0,1366.4694506356632
Mass,H1,Real,CH,Hhigh,Rl,NA,NA,5,NA,NA,1945.3415931609836,26262.554920384788,573.1690614,23.92972175,2.854102092,28.37771819,0,2573.672196592984
Mass,H1,Real,CH,Hlow,HP,NA,NA,NA,8,NA,1150.4862694465917,11342.42930802875,1248.729155,28.28269202,81.11150315,246.4902634,1275.71918,4030.819063016592
Mass,H1,Real,CH,Hlow,HPl,NA,NA,NA,5,NA,770.9997231228064,7965.460262396259,826.9997436999998,17.52592378,49.36444432999999,152.484381,627.1897679,2444.563983832806
Mass,H1,Real,CH,Hlow,HYD1000,HYD1000,3,NA,5,1000,2738.832879537623,32680.60253817034,3861.745522,124.0935889,112.32240350000001,717.9529673000001,2096.290777,9651.238138237622
Mass,H1,Real,CH,Hlow,HYD1000,HYD1000,4,NA,5,1000,2922.9738531139496,35817.73422561584,3861.745522,124.0935889,112.32240350000001,717.9529673000001,2096.290777,9835.379111813949
Mass,H1,Real,CH,Hlow,HYD1000,HYD1000,5,NA,5,1000,3120.3769911716804,38971.78516997633,3861.745522,124.0935889,112.32240350000001,717.9529673000001,2096.290777,10032.782249871681
Mass,H1,Real,CH,Hlow,HYD200,HYD200,3,NA,11.2,200,2368.7912400677965,27329.972047923242,3499.338303,120.05053259999998,118.0814058,553.0027961,2249.519027,8908.783304567796
Mass,H1,Real,CH,Hlow,HYD200,HYD200,4,NA,11.2,200,2529.722589097426,30143.769926012756,3499.338303,120.05053259999998,118.0814058,553.0027961,2249.519027,9069.714653597426
Mass,H1,Real,CH,Hlow,HYD200,HYD200,5,NA,11.2,200,2712.1489646548416,33089.532845512316,3499.338303,120.05053259999998,118.0814058,553.0027961,2249.519027,9252.141029154842
Mass,H1,Real,CH,Hlow,HYD500,HYD500,3,NA,6,500,2441.8119069430677,29364.28654695003,3587.0048809999994,118.33822830000001,114.78148169999999,594.4341117,2118.180527,8974.551136643067
Mass,H1,Real,CH,Hlow,HYD500,HYD500,4,NA,6,500,2616.0788338032603,32462.871823591435,3587.0048809999994,118.33822830000001,114.78148169999999,594.4341117,2118.180527,9148.81806350326
Mass,H1,Real,CH,Hlow,HYD500,HYD500,5,NA,6,500,2811.4490470374703,35681.14662582105,3587.0048809999994,118.33822830000001,114.78148169999999,594.4341117,2118.180527,9344.18827673747
Mass,H1,Real,CH,Hlow,R,NA,NA,8.5,NA,NA,3740.5336626313456,37756.961331829305,911.6991905000001,38.89839479,4.400098522,46.09699423,0,4741.6283406733455
Mass,H1,Real,CH,Hlow,Rb,NA,NA,3.5,NA,NA,1260.0192832262671,11494.406411444526,338.5301291,14.96867304,1.545996429,17.71927605,0,1632.7833578452673
Mass,H1,Real,CH,Hlow,Rl,NA,NA,5,NA,NA,2480.514379405078,26262.554920384788,573.1690614,23.92972175,2.854102092,28.37771819,0,3108.844982837078
Mass,Nom,Ideal,AK,Hhigh,HP,NA,NA,NA,11,NA,957.5944345934855,13080.438658650453,1534.508245,36.84429465,92.15653846000001,284.4334613,1321.899557,4227.4365310034855
Mass,Nom,Ideal,AK,Hhigh,HPl,NA,NA,NA,7,NA,590.4166556317708,8059.431615396971,959.725892,20.86281041,68.56242082,173.1334613,673.3701455,2486.071385661771
Mass,Nom,Ideal,AK,Hhigh,HYD1000,HYD1000,3,NA,6,1000,2153.841420149768,32820.09689783262,4068.5529889999993,129.3555268,116.870198,756.4090149,2299.609556,9524.638704849767
Mass,Nom,Ideal,AK,Hhigh,HYD1000,HYD1000,4,NA,6,1000,2299.1503096031165,35634.00168331389,4068.5529889999993,129.3555268,116.870198,756.4090149,2299.609556,9669.947594303116
Mass,Nom,Ideal,AK,Hhigh,HYD1000,HYD1000,5,NA,6,1000,2467.4965087099754,38586.813503376005,4068.5529889999993,129.3555268,116.870198,756.4090149,2299.609556,9838.293793409975
Mass,Nom,Ideal,AK,Hhigh,HYD200,HYD200,3,NA,11.2,200,1703.2330594955083,25924.143804794327,3666.5545929999994,123.7682596,120.17012209999999,576.5686085,2430.948056,8621.242698695509
Mass,Nom,Ideal,AK,Hhigh,HYD200,HYD200,4,NA,11.2,200,1815.2387632813977,28326.48935909748,3666.5545929999994,123.7682596,120.17012209999999,576.5686085,2430.948056,8733.248402481397
Mass,Nom,Ideal,AK,Hhigh,HYD200,HYD200,5,NA,11.2,200,1950.2718143062957,30858.17920425125,3666.5545929999994,123.7682596,120.17012209999999,576.5686085,2430.948056,8868.281453506295
Mass,Nom,Ideal,AK,Hhigh,HYD500,HYD500,3,NA,8.5,500,2129.6396494542005,32480.795390947867,3872.9947,126.688588,124.2474328,662.6706299,2365.278806,9281.5198061542
Mass,Nom,Ideal,AK,Hhigh,HYD500,HYD500,4,NA,8.5,500,2274.6530852727,35454.141351813196,3872.9947,126.688588,124.2474328,662.6706299,2365.278806,9426.5332419727
Mass,Nom,Ideal,AK,Hhigh,HYD500,HYD500,5,NA,8.5,500,2441.7882756542513,38560.80886910348,3872.9947,126.688588,124.2474328,662.6706299,2365.278806,9593.66843235425
Mass,Nom,Ideal,AK,Hhigh,R,NA,NA,11,NA,NA,3761.7186275627814,51487.944556249735,1041.563186,46.4079252,4.69746198,54.923036620000005,0,4909.310237362782
Mass,Nom,Ideal,AK,Hhigh,Rb,NA,NA,4,NA,NA,1362.7783913228473,18646.432836746353,364.50292819999993,16.47057912,1.6054691209999998,19.48448453,0,1764.841852293847
Mass,Nom,Ideal,AK,Hhigh,Rl,NA,NA,7,NA,NA,2398.9402362399346,32841.511719503374,677.0602581,29.93734608,3.091992859,35.4385521,0,3144.4683853789347
Mass,Nom,Ideal,AK,Hlow,HP,NA,NA,NA,11,NA,1313.1430828930245,13080.438658650453,1534.508245,36.84429465,92.15653846000001,284.4334613,1321.899557,4582.985179303024
Mass,Nom,Ideal,AK,Hlow,HPl,NA,NA,NA,7,NA,785.8047919934529,8059.431615396971,959.725892,20.86281041,68.56242082,173.1334613,673.3701455,2681.459522023453
Mass,Nom,Ideal,AK,Hlow,HYD1000,HYD1000,3,NA,6,1000,2808.01153841345,32820.09689783262,4068.5529889999993,129.3555268,116.870198,756.4090149,2299.609556,10178.80882311345
Mass,Nom,Ideal,AK,Hlow,HYD1000,HYD1000,4,NA,6,1000,2973.856744589788,35634.00168331389,4068.5529889999993,129.3555268,116.870198,756.4090149,2299.609556,10344.654029289788
Mass,Nom,Ideal,AK,Hlow,HYD1000,HYD1000,5,NA,6,1000,3162.7272636323323,38586.813503376005,4068.5529889999993,129.3555268,116.870198,756.4090149,2299.609556,10533.52454833233
Mass,Nom,Ideal,AK,Hlow,HYD200,HYD200,3,NA,11.2,200,2261.3816488859593,25924.143804794327,3666.5545929999994,123.7682596,120.17012209999999,576.5686085,2430.948056,9179.391288085959
Mass,Nom,Ideal,AK,Hlow,HYD200,HYD200,4,NA,11.2,200,2390.983431075929,28326.48935909748,3666.5545929999994,123.7682596,120.17012209999999,576.5686085,2430.948056,9308.993070275928
Mass,Nom,Ideal,AK,Hlow,HYD200,HYD200,5,NA,11.2,200,2549.10676407901,30858.17920425125,3666.5545929999994,123.7682596,120.17012209999999,576.5686085,2430.948056,9467.116403279011
Mass,Nom,Ideal,AK,Hlow,HYD500,HYD500,3,NA,8.5,500,2792.1355651504327,32480.795390947867,3872.9947,126.688588,124.2474328,662.6706299,2365.278806,9944.015721850432
Mass,Nom,Ideal,AK,Hlow,HYD500,HYD500,4,NA,8.5,500,2957.2013516370644,35454.141351813196,3872.9947,126.688588,124.2474328,662.6706299,2365.278806,10109.081508337063
Mass,Nom,Ideal,AK,Hlow,HYD500,HYD500,5,NA,8.5,500,3148.8878798662017,38560.80886910348,3872.9947,126.688588,124.2474328,662.6706299,2365.278806,10300.768036566202
Mass,Nom,Ideal,AK,Hlow,R,NA,NA,11,NA,NA,5141.4451959605785,51487.944556249735,1041.563186,46.4079252,4.69746198,54.923036620000005,0,6289.036805760579
Mass,Nom,Ideal,AK,Hlow,Rb,NA,NA,4,NA,NA,1953.6456025397479,18646.432836746353,364.50292819999993,16.47057912,1.6054691209999998,19.48448453,0,2355.709063510748
Mass,Nom,Ideal,AK,Hlow,Rl,NA,NA,7,NA,NA,3187.799593420831,32841.511719503374,677.0602581,29.93734608,3.091992859,35.4385521,0,3933.3277425598317
Mass,Nom,Ideal,CH,Hhigh,HP,NA,NA,NA,15.5,NA,3020.603935603157,41800.7411869606,2011.682268,51.02573656,123.72560910000001,517.2085068,1648.064252,7372.310308063156
Mass,Nom,Ideal,CH,Hhigh,HPl,NA,NA,NA,8.5,NA,1427.8479167112348,20247.617406804336,1059.270503,23.36547538,82.96090318,188.6202715,708.0054287,3490.0704984712347
Mass,Nom,Ideal,CH,Hhigh,HYD1000,HYD1000,3,NA,11.2,1000,4936.616826748698,70629.07990773025,4724.140772,147.9151098,136.8464583,904.6649576,2884.520629,13734.7047534487
Mass,Nom,Ideal,CH,Hhigh,HYD1000,HYD1000,4,NA,11.2,1000,5093.5908423650135,73503.06410052642,4724.140772,147.9151098,136.8464583,904.6649576,2884.520629,13891.678769065014
Mass,Nom,Ideal,CH,Hhigh,HYD1000,HYD1000,5,NA,11.2,1000,5268.197737499891,76474.25366199974,4724.140772,147.9151098,136.8464583,904.6649576,2884.520629,14066.285664199893
Mass,Nom,Ideal,CH,Hhigh,HYD200,HYD200,3,NA,14,200,4461.474188077264,64866.95144099878,4163.77767,136.1509989,130.3100694,665.26361,2928.3001289999997,12485.276665377265
Mass,Nom,Ideal,CH,Hhigh,HYD200,HYD200,4,NA,14,200,4600.5610519499405,67789.41500581508,4163.77767,136.1509989,130.3100694,665.26361,2928.3001289999997,12624.363529249942
Mass,Nom,Ideal,CH,Hhigh,HYD200,HYD200,5,NA,14,200,4764.055871521696,70843.87568779841,4163.77767,136.1509989,130.3100694,665.26361,2928.3001289999997,12787.858348821697
Mass,Nom,Ideal,CH,Hhigh,HYD500,HYD500,3,NA,14,500,4614.001442950153,66901.33457521255,4488.991306,143.7039601,141.7646148,796.0363372999999,2928.3001289999997,13112.797790150153
Mass,Nom,Ideal,CH,Hhigh,HYD500,HYD500,4,NA,14,500,4758.217118099597,69821.48018541741,4488.991306,143.7039601,141.7646148,796.0363372999999,2928.3001289999997,13257.013465299597
Mass,Nom,Ideal,CH,Hhigh,HYD500,HYD500,5,NA,14,500,4926.210976312984,72876.07711674203,4488.991306,143.7039601,141.7646148,796.0363372999999,2928.3001289999997,13425.007323512984
Mass,Nom,Ideal,CH,Hhigh,R,NA,NA,15.5,NA,NA,9999.845726608455,141893.37628257266,1510.399181,66.60807563,6.927247586,78.85413798,0,11662.634368804456
Mass,Nom,Ideal,CH,Hhigh,Rb,NA,NA,7,NA,NA,5032.6514397044375,69397.35368378452,677.0602581,29.93734608,3.091992859,35.4385521,0,5778.179588843438
Mass,Nom,Ideal,CH,Hhigh,Rl,NA,NA,8.5,NA,NA,4967.194286904017,72496.02259878816,833.3389231,36.67072956,3.8352547279999993,43.41558588,0,5884.454780172017
Mass,Nom,Ideal,CH,Hlow,HP,NA,NA,NA,15.5,NA,3881.9534412736652,41800.7411869606,2011.682268,51.02573656,123.72560910000001,517.2085068,1648.064252,8233.659813733664
Mass,Nom,Ideal,CH,Hlow,HPl,NA,NA,NA,8.5,NA,1792.3237393045865,20247.617406804336,1059.270503,23.36547538,82.96090318,188.6202715,708.0054287,3854.5463210645867
Mass,Nom,Ideal,CH,Hlow,HYD1000,HYD1000,3,NA,11.2,1000,6271.835718804639,70629.07990773025,4724.140772,147.9151098,136.8464583,904.6649576,2884.520629,15069.92364550464
Mass,Nom,Ideal,CH,Hlow,HYD1000,HYD1000,4,NA,11.2,1000,6449.6619053395025,73503.06410052642,4724.140772,147.9151098,136.8464583,904.6649576,2884.520629,15247.749832039504
Mass,Nom,Ideal,CH,Hlow,HYD1000,HYD1000,5,NA,11.2,1000,6643.7555086574175,76474.25366199974,4724.140772,147.9151098,136.8464583,904.6649576,2884.520629,15441.843435357418
Mass,Nom,Ideal,CH,Hlow,HYD200,HYD200,3,NA,14,200,5691.59758622779,64866.95144099878,4163.77767,136.1509989,130.3100694,665.26361,2928.3001289999997,13715.400063527792
Mass,Nom,Ideal,CH,Hlow,HYD200,HYD200,4,NA,14,200,5852.990004648126,67789.41500581508,4163.77767,136.1509989,130.3100694,665.26361,2928.3001289999997,13876.792481948127
Mass,Nom,Ideal,CH,Hlow,HYD200,HYD200,5,NA,14,200,6042.602747983118,70843.87568779841,4163.77767,136.1509989,130.3100694,665.26361,2928.3001289999997,14066.405225283119
Mass,Nom,Ideal,CH,Hlow,HYD500,HYD500,3,NA,14,500,5865.828728632345,66901.33457521255,4488.991306,143.7039601,141.7646148,796.0363372999999,2928.3001289999997,14364.625075832344
Mass,Nom,Ideal,CH,Hlow,HYD500,HYD500,4,NA,14,500,6030.962845042326,69821.48018541741,4488.991306,143.7039601,141.7646148,796.0363372999999,2928.3001289999997,14529.759192242325
Mass,Nom,Ideal,CH,Hlow,HYD500,HYD500,5,NA,14,500,6223.222642659851,72876.07711674203,4488.991306,143.7039601,141.7646148,796.0363372999999,2928.3001289999997,14722.01898985985
Mass,Nom,Ideal,CH,Hlow,R,NA,NA,15.5,NA,NA,12773.073393407765,141893.37628257266,1510.399181,66.60807563,6.927247586,78.85413798,0,14435.862035603766
Mass,Nom,Ideal,CH,Hlow,Rb,NA,NA,7,NA,NA,6559.398061360667,69397.35368378452,677.0602581,29.93734608,3.091992859,35.4385521,0,7304.926210499668
Mass,Nom,Ideal,CH,Hlow,Rl,NA,NA,8.5,NA,NA,6213.6753320471,72496.02259878816,833.3389231,36.67072956,3.8352547279999993,43.41558588,0,7130.9358253151
Mass,Nom,Real,AK,Hhigh,HP,NA,NA,NA,11,NA,840.2229063012594,11293.082684584544,1534.508245,36.84429465,92.15653846000001,284.4334613,1321.899557,4110.065002711259
Mass,Nom,Real,AK,Hhigh,HPl,NA,NA,NA,7,NA,590.9337552774391,8064.237307209007,959.725892,20.86281041,68.56242082,173.1334613,673.3701455,2486.588485307439
Mass,Nom,Real,AK,Hhigh,HYD1000,HYD1000,3,NA,6,1000,2016.8244683386313,30667.485395318257,4068.5529889999993,129.3555268,116.870198,756.4090149,2299.609556,9387.621753038631
Mass,Nom,Real,AK,Hhigh,HYD1000,HYD1000,4,NA,6,1000,2161.0711153882853,33475.71484104345,4068.5529889999993,129.3555268,116.870198,756.4090149,2299.609556,9531.868400088284
Mass,Nom,Real,AK,Hhigh,HYD1000,HYD1000,5,NA,6,1000,2327.550975137728,36425.83058359853,4068.5529889999993,129.3555268,116.870198,756.4090149,2299.609556,9698.348259837727
Mass,Nom,Real,AK,Hhigh,HYD200,HYD200,3,NA,11.2,200,1577.097960270195,23880.290337529037,3666.5545929999994,123.7682596,120.17012209999999,576.5686085,2430.948056,8495.107599470195
Mass,Nom,Real,AK,Hhigh,HYD200,HYD200,4,NA,11.2,200,1689.0639309882156,26284.138987584654,3666.5545929999994,123.7682596,120.17012209999999,576.5686085,2430.948056,8607.073570188215
Mass,Nom,Real,AK,Hhigh,HYD200,HYD200,5,NA,11.2,200,1823.9507158557014,28811.824043782064,3666.5545929999994,123.7682596,120.17012209999999,576.5686085,2430.948056,8741.9603550557
Mass,Nom,Real,AK,Hhigh,HYD500,HYD500,3,NA,8.5,500,1995.0328109441928,30237.421841425174,3872.9947,126.688588,124.2474328,662.6706299,2365.278806,9146.912967644192
Mass,Nom,Real,AK,Hhigh,HYD500,HYD500,4,NA,8.5,500,2140.1196580357664,33210.96618049232,3872.9947,126.688588,124.2474328,662.6706299,2365.278806,9291.999814735766
Mass,Nom,Real,AK,Hhigh,HYD500,HYD500,5,NA,8.5,500,2307.165199401642,36316.06189301788,3872.9947,126.688588,124.2474328,662.6706299,2365.278806,9459.045356101642
Mass,Nom,Real,AK,Hhigh,R,NA,NA,11,NA,NA,3356.2717969221094,45234.863143030976,1041.563186,46.4079252,4.69746198,54.923036620000005,0,4503.86340672211
Mass,Nom,Real,AK,Hhigh,Rb,NA,NA,4,NA,NA,955.3784305985865,12376.29997214701,364.50292819999993,16.47057912,1.6054691209999998,19.48448453,0,1357.4418915695862
Mass,Nom,Real,AK,Hhigh,Rl,NA,NA,7,NA,NA,2400.893366323523,32858.56317088399,677.0602581,29.93734608,3.091992859,35.4385521,0,3146.4215154625235
Mass,Nom,Real,AK,Hlow,HP,NA,NA,NA,11,NA,1118.5884119581265,11293.082684584544,1534.508245,36.84429465,92.15653846000001,284.4334613,1321.899557,4388.4305083681265
Mass,Nom,Real,AK,Hlow,HPl,NA,NA,NA,7,NA,786.6725512876437,8064.237307209007,959.725892,20.86281041,68.56242082,173.1334613,673.3701455,2682.3272813176436
Mass,Nom,Real,AK,Hlow,HYD1000,HYD1000,3,NA,6,1000,2568.914747194789,30667.485395318257,4068.5529889999993,129.3555268,116.870198,756.4090149,2299.609556,9939.71203189479
Mass,Nom,Real,AK,Hlow,HYD1000,HYD1000,4,NA,6,1000,2732.3499645954776,33475.71484104345,4068.5529889999993,129.3555268,116.870198,756.4090149,2299.609556,10103.147249295476
Mass,Nom,Real,AK,Hlow,HYD1000,HYD1000,5,NA,6,1000,2920.1517903733557,36425.83058359853,4068.5529889999993,129.3555268,116.870198,756.4090149,2299.609556,10290.949075073355
Mass,Nom,Real,AK,Hlow,HYD200,HYD200,3,NA,11.2,200,2040.280101391956,23880.290337529037,3666.5545929999994,123.7682596,120.17012209999999,576.5686085,2430.948056,8958.289740591956
Mass,Nom,Real,AK,Hlow,HYD200,HYD200,4,NA,11.2,200,2170.303053427192,26284.138987584654,3666.5545929999994,123.7682596,120.17012209999999,576.5686085,2430.948056,9088.312692627193
Mass,Nom,Real,AK,Hlow,HYD200,HYD200,5,NA,11.2,200,2328.188034355017,28811.824043782064,3666.5545929999994,123.7682596,120.17012209999999,576.5686085,2430.948056,9246.197673555016
Mass,Nom,Real,AK,Hlow,HYD500,HYD500,3,NA,8.5,500,2550.3468694031603,30237.421841425174,3872.9947,126.688588,124.2474328,662.6706299,2365.278806,9702.22702610316
Mass,Nom,Real,AK,Hlow,HYD500,HYD500,4,NA,8.5,500,2715.2666637162597,33210.96618049232,3872.9947,126.688588,124.2474328,662.6706299,2365.278806,9867.14682041626
Mass,Nom,Real,AK,Hlow,HYD500,HYD500,5,NA,8.5,500,2907.584565618145,36316.06189301788,3872.9947,126.688588,124.2474328,662.6706299,2365.278806,10059.464722318146
Mass,Nom,Real,AK,Hlow,R,NA,NA,11,NA,NA,4463.4738925098545,45234.863143030976,1041.563186,46.4079252,4.69746198,54.923036620000005,0,5611.065502309855
Mass,Nom,Real,AK,Hlow,Rb,NA,NA,4,NA,NA,1272.334576421443,12376.29997214701,364.50292819999993,16.47057912,1.6054691209999998,19.48448453,0,1674.3980373924426
Mass,Nom,Real,AK,Hlow,Rl,NA,NA,7,NA,NA,3191.1393160884104,32858.56317088399,677.0602581,29.93734608,3.091992859,35.4385521,0,3936.6674652274105
Mass,Nom,Real,CH,Hhigh,HP,NA,NA,NA,15.5,NA,2442.1156955760175,33106.25386040396,2011.682268,51.02573656,123.72560910000001,517.2085068,1648.064252,6793.822068036017
Mass,Nom,Real,CH,Hhigh,HPl,NA,NA,NA,8.5,NA,1431.7931238281647,20295.185987281493,1059.270503,23.36547538,82.96090318,188.6202715,708.0054287,3494.0157055881646
Mass,Nom,Real,CH,Hhigh,HYD1000,HYD1000,3,NA,11.2,1000,4220.582323636016,59411.773450560184,4724.140772,147.9151098,136.8464583,904.6649576,2884.520629,13018.670250336016
Mass,Nom,Real,CH,Hhigh,HYD1000,HYD1000,4,NA,11.2,1000,4377.600280129848,62267.54307395308,4724.140772,147.9151098,136.8464583,904.6649576,2884.520629,13175.68820682985
Mass,Nom,Real,CH,Hhigh,HYD1000,HYD1000,5,NA,11.2,1000,4551.468447747399,65239.42766726291,4724.140772,147.9151098,136.8464583,904.6649576,2884.520629,13349.5563744474
Mass,Nom,Real,CH,Hhigh,HYD200,HYD200,3,NA,14,200,3798.7881492265255,54628.74004339811,4163.77767,136.1509989,130.3100694,665.26361,2928.3001289999997,11822.590626526524
Mass,Nom,Real,CH,Hhigh,HYD200,HYD200,4,NA,14,200,3937.031284787973,57542.29551098214,4163.77767,136.1509989,130.3100694,665.26361,2928.3001289999997,11960.833762087974
Mass,Nom,Real,CH,Hhigh,HYD200,HYD200,5,NA,14,200,4099.897145414835,60594.69616971546,4163.77767,136.1509989,130.3100694,665.26361,2928.3001289999997,12123.699622714836
Mass,Nom,Real,CH,Hhigh,HYD500,HYD500,3,NA,14,500,3957.0281127556555,56633.5171590491,4488.991306,143.7039601,141.7646148,796.0363372999999,2928.3001289999997,12455.824459955655
Mass,Nom,Real,CH,Hhigh,HYD500,HYD500,4,NA,14,500,4103.933588546581,59544.96890327364,4488.991306,143.7039601,141.7646148,796.0363372999999,2928.3001289999997,12602.72993574658
Mass,Nom,Real,CH,Hhigh,HYD500,HYD500,5,NA,14,500,4269.341796781174,62598.48927440593,4488.991306,143.7039601,141.7646148,796.0363372999999,2928.3001289999997,12768.138143981172
Mass,Nom,Real,CH,Hhigh,R,NA,NA,15.5,NA,NA,8324.50566106285,116218.99574358456,1510.399181,66.60807563,6.927247586,78.85413798,0,9987.294303258852
Mass,Nom,Real,CH,Hhigh,Rb,NA,NA,7,NA,NA,3342.8056815013024,43546.465832453636,677.0602581,29.93734608,3.091992859,35.4385521,0,4088.333830640303
Mass,Nom,Real,CH,Hhigh,Rl,NA,NA,8.5,NA,NA,4981.699979561549,72672.52991113094,833.3389231,36.67072956,3.8352547279999993,43.41558588,0,5898.96047282955
Mass,Nom,Real,CH,Hlow,HP,NA,NA,NA,15.5,NA,3055.092458575225,33106.25386040396,2011.682268,51.02573656,123.72560910000001,517.2085068,1648.064252,7406.798831035225
Mass,Nom,Real,CH,Hlow,HPl,NA,NA,NA,8.5,NA,1797.7212001994583,20295.185987281493,1059.270503,23.36547538,82.96090318,188.6202715,708.0054287,3859.9437819594586
Mass,Nom,Real,CH,Hlow,HYD1000,HYD1000,3,NA,11.2,1000,5216.164865386129,59411.773450560184,4724.140772,147.9151098,136.8464583,904.6649576,2884.520629,14014.25279208613
Mass,Nom,Real,CH,Hlow,HYD1000,HYD1000,4,NA,11.2,1000,5393.516365576526,62267.54307395308,4724.140772,147.9151098,136.8464583,904.6649576,2884.520629,14191.604292276528
Mass,Nom,Real,CH,Hlow,HYD1000,HYD1000,5,NA,11.2,1000,5588.370475592114,65239.42766726291,4724.140772,147.9151098,136.8464583,904.6649576,2884.520629,14386.458402292115
Mass,Nom,Real,CH,Hlow,HYD200,HYD200,3,NA,14,200,4729.539340958501,54628.74004339811,4163.77767,136.1509989,130.3100694,665.26361,2928.3001289999997,12753.341818258501
Mass,Nom,Real,CH,Hlow,HYD200,HYD200,4,NA,14,200,4889.911085078797,57542.29551098214,4163.77767,136.1509989,130.3100694,665.26361,2928.3001289999997,12913.713562378798
Mass,Nom,Real,CH,Hlow,HYD200,HYD200,5,NA,14,200,5078.89155300198,60594.69616971546,4163.77767,136.1509989,130.3100694,665.26361,2928.3001289999997,13102.69403030198
Mass,Nom,Real,CH,Hlow,HYD500,HYD500,3,NA,14,500,4904.111436313576,56633.5171590491,4488.991306,143.7039601,141.7646148,796.0363372999999,2928.3001289999997,13402.907783513574
Mass,Nom,Real,CH,Hlow,HYD500,HYD500,4,NA,14,500,5071.115895315701,59544.96890327364,4488.991306,143.7039601,141.7646148,796.0363372999999,2928.3001289999997,13569.9122425157
Mass,Nom,Real,CH,Hlow,HYD500,HYD500,5,NA,14,500,5262.308727393885,62598.48927440593,4488.991306,143.7039601,141.7646148,796.0363372999999,2928.3001289999997,13761.105074593885
Mass,Nom,Real,CH,Hlow,R,NA,NA,15.5,NA,NA,10380.4260694529,116218.99574358456,1510.399181,66.60807563,6.927247586,78.85413798,0,12043.214711648901
Mass,Nom,Real,CH,Hlow,Rb,NA,NA,7,NA,NA,4146.827843690867,43546.465832453636,677.0602581,29.93734608,3.091992859,35.4385521,0,4892.355992829867
Mass,Nom,Real,CH,Hlow,Rl,NA,NA,8.5,NA,NA,6233.598225762032,72672.52991113094,833.3389231,36.67072956,3.8352547279999993,43.41558588,0,7150.858719030032
Mod,H1,Ideal,AK,Hhigh,HP,NA,NA,NA,6.5,NA,840.4708966685537,11579.417629232077,1637.27703,38.20523859,107.93553839999998,335.2103463,1912.703497,4871.802546958554
Mod,H1,Ideal,AK,Hhigh,HPl,NA,NA,NA,4.5,NA,656.3081341425341,9172.561202650328,793.8182066,16.69170212,44.5649502,147.322111,615.6446734,2274.349777462534
Mod,H1,Ideal,AK,Hhigh,HYD1000,HYD1000,3,NA,5,1000,1956.3895224603154,30585.213263784124,4115.551687,129.357121,110.5663951,751.3172812,2253.349382,9316.531388760315
Mod,H1,Ideal,AK,Hhigh,HYD1000,HYD1000,4,NA,5,1000,2098.3814091572585,33479.70856997365,4115.551687,129.357121,110.5663951,751.3172812,2253.349382,9458.523275457259
Mod,H1,Ideal,AK,Hhigh,HYD1000,HYD1000,5,NA,5,1000,2262.687830698221,36427.16907994881,4115.551687,129.357121,110.5663951,751.3172812,2253.349382,9622.82969699822
Mod,H1,Ideal,AK,Hhigh,HYD200,HYD200,3,NA,8.5,200,1875.993689751064,29225.818410350665,3634.370938,120.681432,108.9481627,541.6964042,2340.908382,8622.599008651065
Mod,H1,Ideal,AK,Hhigh,HYD200,HYD200,4,NA,8.5,200,2012.1611844617432,32199.942634824896,3634.370938,120.681432,108.9481627,541.6964042,2340.908382,8758.766503361743
Mod,H1,Ideal,AK,Hhigh,HYD200,HYD200,5,NA,8.5,200,2175.993547830322,35304.229354476716,3634.370938,120.681432,108.9481627,541.6964042,2340.908382,8922.59886673032
Mod,H1,Ideal,AK,Hhigh,HYD500,HYD500,3,NA,6,500,1892.4266787309243,29296.625122381643,3840.811045,123.6017604,113.0254733,627.7984256,2275.239132,8872.902515030924
Mod,H1,Ideal,AK,Hhigh,HYD500,HYD500,4,NA,6,500,2027.9916279021998,32100.817240193937,3840.811045,123.6017604,113.0254733,627.7984256,2275.239132,9008.4674642022
Mod,H1,Ideal,AK,Hhigh,HYD500,HYD500,5,NA,6,500,2185.8276106309568,35042.28126842218,3840.811045,123.6017604,113.0254733,627.7984256,2275.239132,9166.303446930957
Mod,H1,Ideal,AK,Hhigh,R,NA,NA,8.5,NA,NA,3443.6315477430944,47505.9486026407,990.0594579,41.12606002,4.964942316,48.77840259,0,4528.5604105690945
Mod,H1,Ideal,AK,Hhigh,Rb,NA,NA,4,NA,NA,919.6880723532777,12126.46413676035,521.2234631,20.92590959,2.7351567090000004,24.84730123,0,1489.4199029822778
Mod,H1,Ideal,AK,Hhigh,Rl,NA,NA,4.5,NA,NA,2523.9434753898176,35379.48446588037,468.8359948,20.20015044,2.229785607,23.93110136,0,3039.1405075968173
Mod,H1,Ideal,AK,Hlow,HP,NA,NA,NA,6.5,NA,1232.8678609753547,11579.417629232077,1637.27703,38.20523859,107.93553839999998,335.2103463,1912.703497,5264.199511265355
Mod,H1,Ideal,AK,Hlow,HPl,NA,NA,NA,4.5,NA,944.5576080527005,9172.561202650328,793.8182066,16.69170212,44.5649502,147.322111,615.6446734,2562.5992513727006
Mod,H1,Ideal,AK,Hlow,HYD1000,HYD1000,3,NA,5,1000,2636.00229540746,30585.213263784124,4115.551687,129.357121,110.5663951,751.3172812,2253.349382,9996.14416170746
Mod,H1,Ideal,AK,Hlow,HYD1000,HYD1000,4,NA,5,1000,2794.4557259273206,33479.70856997365,4115.551687,129.357121,110.5663951,751.3172812,2253.349382,10154.597592227321
Mod,H1,Ideal,AK,Hlow,HYD1000,HYD1000,5,NA,5,1000,2977.2756170806547,36427.16907994881,4115.551687,129.357121,110.5663951,751.3172812,2253.349382,10337.417483380654
Mod,H1,Ideal,AK,Hlow,HYD200,HYD200,3,NA,8.5,200,2585.837878530675,29225.818410350665,3634.370938,120.681432,108.9481627,541.6964042,2340.908382,9332.443197430675
Mod,H1,Ideal,AK,Hlow,HYD200,HYD200,4,NA,8.5,200,2742.9032912201237,32199.942634824896,3634.370938,120.681432,108.9481627,541.6964042,2340.908382,9489.508610120123
Mod,H1,Ideal,AK,Hlow,HYD200,HYD200,5,NA,8.5,200,2933.7889565691867,35304.229354476716,3634.370938,120.681432,108.9481627,541.6964042,2340.908382,9680.394275469187
Mod,H1,Ideal,AK,Hlow,HYD500,HYD500,3,NA,6,500,2584.72803151432,29296.625122381643,3840.811045,123.6017604,113.0254733,627.7984256,2275.239132,9565.20386781432
Mod,H1,Ideal,AK,Hlow,HYD500,HYD500,4,NA,6,500,2739.773291451674,32100.817240193937,3840.811045,123.6017604,113.0254733,627.7984256,2275.239132,9720.249127751675
Mod,H1,Ideal,AK,Hlow,HYD500,HYD500,5,NA,6,500,2921.3571241931795,35042.28126842218,3840.811045,123.6017604,113.0254733,627.7984256,2275.239132,9901.832960493179
Mod,H1,Ideal,AK,Hlow,R,NA,NA,8.5,NA,NA,5049.713606574726,47505.9486026407,990.0594579,41.12606002,4.964942316,48.77840259,0,6134.642469400726
Mod,H1,Ideal,AK,Hlow,Rb,NA,NA,4,NA,NA,1417.7970275091732,12126.46413676035,521.2234631,20.92590959,2.7351567090000004,24.84730123,0,1987.528858138173
Mod,H1,Ideal,AK,Hlow,Rl,NA,NA,4.5,NA,NA,3631.9165790655525,35379.48446588037,468.8359948,20.20015044,2.229785607,23.93110136,0,4147.113611272552
Mod,H1,Ideal,CH,Hhigh,HP,NA,NA,NA,12.5,NA,3711.476895538636,51228.08385704035,1836.3662530000001,43.21056854,136.7325032,366.1839667,1981.974063,8075.944249978636
Mod,H1,Ideal,CH,Hhigh,HPl,NA,NA,NA,7.5,NA,1922.8380692300948,27515.110675816395,992.9074291000001,21.69703207,73.36191493,178.2957314,684.9152399,3874.015416630095
Mod,H1,Ideal,CH,Hhigh,HYD1000,HYD1000,3,NA,8.5,1000,5863.088948801334,85281.0281058802,4608.348972,142.9694187,124.5801407,858.0098471,2703.7664399999994,14300.763767301334
Mod,H1,Ideal,CH,Hhigh,HYD1000,HYD1000,4,NA,8.5,1000,6034.703912241581,88573.72102339857,4608.348972,142.9694187,124.5801407,858.0098471,2703.7664399999994,14472.37873074158
Mod,H1,Ideal,CH,Hhigh,HYD1000,HYD1000,5,NA,8.5,1000,6228.846494536439,91964.62468993131,4608.348972,142.9694187,124.5801407,858.0098471,2703.7664399999994,14666.52131303644
Mod,H1,Ideal,CH,Hhigh,HYD200,HYD200,3,NA,11.2,200,5395.760680124551,76705.66437601278,4087.577047,132.7495187,120.50282999999999,633.4987348,2769.4356899999993,13139.52450062455
Mod,H1,Ideal,CH,Hhigh,HYD200,HYD200,4,NA,11.2,200,5535.228133579651,79531.36171512217,4087.577047,132.7495187,120.50282999999999,633.4987348,2769.4356899999993,13278.99195407965
Mod,H1,Ideal,CH,Hhigh,HYD200,HYD200,5,NA,11.2,200,5692.879647102942,82479.48864372246,4087.577047,132.7495187,120.50282999999999,633.4987348,2769.4356899999993,13436.643467602942
Mod,H1,Ideal,CH,Hhigh,HYD500,HYD500,3,NA,8.5,500,5684.4347110516765,82690.44780922458,4294.017154,135.6698472,124.5801407,719.6007562,2703.7664399999994,13662.069049151676
Mod,H1,Ideal,CH,Hhigh,HYD500,HYD500,4,NA,8.5,500,5845.46558500285,85976.02512416971,4294.017154,135.6698472,124.5801407,719.6007562,2703.7664399999994,13823.09992310285
Mod,H1,Ideal,CH,Hhigh,HYD500,HYD500,5,NA,8.5,500,6027.786422895899,89362.08543883212,4294.017154,135.6698472,124.5801407,719.6007562,2703.7664399999994,14005.420760995898
Mod,H1,Ideal,CH,Hhigh,R,NA,NA,12.5,NA,NA,12551.901445148207,177734.90032425936,1432.922654,59.82430438,7.135255231,70.94429546,0,14122.727954219206
Mod,H1,Ideal,CH,Hhigh,Rb,NA,NA,4.5,NA,NA,5404.730533298377,73020.77848441026,547.1962622,22.42781567,2.794629401,26.612509709999998,0,6003.761750279377
Mod,H1,Ideal,CH,Hhigh,Rl,NA,NA,8,NA,NA,7147.170911849828,104714.12183984909,885.7263912999999,37.39648871,4.34062583,44.33178576,0,8118.966203449829
Mod,H1,Ideal,CH,Hlow,HP,NA,NA,NA,12.5,NA,5086.044855007188,51228.08385704035,1836.3662530000001,43.21056854,136.7325032,366.1839667,1981.974063,9450.512209447188
Mod,H1,Ideal,CH,Hlow,HPl,NA,NA,NA,7.5,NA,2549.02981248892,27515.110675816395,992.9074291000001,21.69703207,73.36191493,178.2957314,684.9152399,4500.20715988892
Mod,H1,Ideal,CH,Hlow,HYD1000,HYD1000,3,NA,8.5,1000,7845.501280666528,85281.0281058802,4608.348972,142.9694187,124.5801407,858.0098471,2703.7664399999994,16283.176099166529
Mod,H1,Ideal,CH,Hlow,HYD1000,HYD1000,4,NA,8.5,1000,8037.2626776511415,88573.72102339857,4608.348972,142.9694187,124.5801407,858.0098471,2703.7664399999994,16474.937496151142
Mod,H1,Ideal,CH,Hlow,HYD1000,HYD1000,5,NA,8.5,1000,8253.851029664393,91964.62468993131,4608.348972,142.9694187,124.5801407,858.0098471,2703.7664399999994,16691.52584816439
Mod,H1,Ideal,CH,Hlow,HYD200,HYD200,3,NA,11.2,200,7296.174075415501,76705.66437601278,4087.577047,132.7495187,120.50282999999999,633.4987348,2769.4356899999993,15039.9378959155
Mod,H1,Ideal,CH,Hlow,HYD200,HYD200,4,NA,11.2,200,7457.6993372526795,79531.36171512217,4087.577047,132.7495187,120.50282999999999,633.4987348,2769.4356899999993,15201.463157752678
Mod,H1,Ideal,CH,Hlow,HYD200,HYD200,5,NA,11.2,200,7640.968512903637,82479.48864372246,4087.577047,132.7495187,120.50282999999999,633.4987348,2769.4356899999993,15384.732333403637
Mod,H1,Ideal,CH,Hlow,HYD500,HYD500,3,NA,8.5,500,7637.248206724528,82690.44780922458,4294.017154,135.6698472,124.5801407,719.6007562,2703.7664399999994,15614.882544824528
Mod,H1,Ideal,CH,Hlow,HYD500,HYD500,4,NA,8.5,500,7820.22556472888,85976.02512416971,4294.017154,135.6698472,124.5801407,719.6007562,2703.7664399999994,15797.85990282888
Mod,H1,Ideal,CH,Hlow,HYD500,HYD500,5,NA,8.5,500,8026.7340524977435,89362.08543883212,4294.017154,135.6698472,124.5801407,719.6007562,2703.7664399999994,16004.368390597743
Mod,H1,Ideal,CH,Hlow,R,NA,NA,12.5,NA,NA,17227.09810083071,177734.90032425936,1432.922654,59.82430438,7.135255231,70.94429546,0,18797.92460990171
Mod,H1,Ideal,CH,Hlow,Rb,NA,NA,4.5,NA,NA,7698.910242733942,73020.77848441026,547.1962622,22.42781567,2.794629401,26.612509709999998,0,8297.94145971494
Mod,H1,Ideal,CH,Hlow,Rl,NA,NA,8,NA,NA,9528.187858096768,104714.12183984909,885.7263912999999,37.39648871,4.34062583,44.33178576,0,10499.983149696767
Mod,H1,Real,AK,Hhigh,HP,NA,NA,NA,6.5,NA,811.8730729551951,11125.771857967238,1637.27703,38.20523859,107.93553839999998,335.2103463,1912.703497,4843.204723245195
Mod,H1,Real,AK,Hhigh,HPl,NA,NA,NA,4.5,NA,657.1295436212961,9184.22602138501,793.8182066,16.69170212,44.5649502,147.322111,615.6446734,2275.171186941296
Mod,H1,Real,AK,Hhigh,HYD1000,HYD1000,3,NA,5,1000,1923.0553343049414,30033.154105662394,4115.551687,129.357121,110.5663951,751.3172812,2253.349382,9283.197200604942
Mod,H1,Real,AK,Hhigh,HYD1000,HYD1000,4,NA,5,1000,2064.1015596464167,32925.67631455625,4115.551687,129.357121,110.5663951,751.3172812,2253.349382,9424.243425946417
Mod,H1,Real,AK,Hhigh,HYD1000,HYD1000,5,NA,5,1000,2227.692744295778,35872.511881177554,4115.551687,129.357121,110.5663951,751.3172812,2253.349382,9587.834610595777
Mod,H1,Real,AK,Hhigh,HYD200,HYD200,3,NA,8.5,200,1844.4543674540446,28643.4330916979,3634.370938,120.681432,108.9481627,541.6964042,2340.908382,8591.059686354045
Mod,H1,Real,AK,Hhigh,HYD200,HYD200,4,NA,8.5,200,1980.1366311016084,31616.982842910158,3634.370938,120.681432,108.9481627,541.6964042,2340.908382,8726.741950001608
Mod,H1,Real,AK,Hhigh,HYD200,HYD200,5,NA,8.5,200,2144.717963724454,34721.08531467091,3634.370938,120.681432,108.9481627,541.6964042,2340.908382,8891.323282624453
Mod,H1,Real,AK,Hhigh,HYD500,HYD500,3,NA,6,500,1863.5964351303476,28745.747340740098,3840.811045,123.6017604,113.0254733,627.7984256,2275.239132,8844.072271430348
Mod,H1,Real,AK,Hhigh,HYD500,HYD500,4,NA,6,500,1998.5229522862035,31548.246818409676,3840.811045,123.6017604,113.0254733,627.7984256,2275.239132,8978.998788586203
Mod,H1,Real,AK,Hhigh,HYD500,HYD500,5,NA,6,500,2156.2508703501294,34489.19560269541,3840.811045,123.6017604,113.0254733,627.7984256,2275.239132,9136.72670665013
Mod,H1,Real,AK,Hhigh,R,NA,NA,8.5,NA,NA,3343.5120684423728,45890.612052199634,990.0594579,41.12606002,4.964942316,48.77840259,0,4428.440931268373
Mod,H1,Real,AK,Hhigh,Rb,NA,NA,4,NA,NA,816.3489310223082,10465.33302974891,521.2234631,20.92590959,2.7351567090000004,24.84730123,0,1386.0807616513082
Mod,H1,Real,AK,Hhigh,Rl,NA,NA,4.5,NA,NA,2527.1631374200647,35425.27902245073,468.8359948,20.20015044,2.229785607,23.93110136,0,3042.360169627065
Mod,H1,Real,AK,Hlow,HP,NA,NA,NA,6.5,NA,1176.3183427448027,11125.771857967238,1637.27703,38.20523859,107.93553839999998,335.2103463,1912.703497,5207.649993034803
Mod,H1,Real,AK,Hlow,HPl,NA,NA,NA,4.5,NA,945.9484974828628,9184.22602138501,793.8182066,16.69170212,44.5649502,147.322111,615.6446734,2563.9901408028627
Mod,H1,Real,AK,Hlow,HYD1000,HYD1000,3,NA,5,1000,2564.2940649665347,30033.154105662394,4115.551687,129.357121,110.5663951,751.3172812,2253.349382,9924.435931266535
Mod,H1,Real,AK,Hlow,HYD1000,HYD1000,4,NA,5,1000,2721.4587253072477,32925.67631455625,4115.551687,129.357121,110.5663951,751.3172812,2253.349382,10081.600591607248
Mod,H1,Real,AK,Hlow,HYD1000,HYD1000,5,NA,5,1000,2904.1134013284704,35872.511881177554,4115.551687,129.357121,110.5663951,751.3172812,2253.349382,10264.25526762847
Mod,H1,Real,AK,Hlow,HYD200,HYD200,3,NA,8.5,200,2513.261782942776,28643.4330916979,3634.370938,120.681432,108.9481627,541.6964042,2340.908382,9259.867101842776
Mod,H1,Real,AK,Hlow,HYD200,HYD200,4,NA,8.5,200,2670.354636351439,31616.982842910158,3634.370938,120.681432,108.9481627,541.6964042,2340.908382,9416.95995525144
Mod,H1,Real,AK,Hlow,HYD200,HYD200,5,NA,8.5,200,2861.424579410777,34721.08531467091,3634.370938,120.681432,108.9481627,541.6964042,2340.908382,9608.029898310777
Mod,H1,Real,AK,Hlow,HYD500,HYD500,3,NA,6,500,2515.919044942136,28745.747340740098,3840.811045,123.6017604,113.0254733,627.7984256,2275.239132,9496.394881242137
Mod,H1,Real,AK,Hlow,HYD500,HYD500,4,NA,6,500,2670.7425205151094,31548.246818409676,3840.811045,123.6017604,113.0254733,627.7984256,2275.239132,9651.218356815109
Mod,H1,Real,AK,Hlow,HYD500,HYD500,5,NA,6,500,2851.9396308455207,34489.19560269541,3840.811045,123.6017604,113.0254733,627.7984256,2275.239132,9832.41546714552
Mod,H1,Real,AK,Hlow,R,NA,NA,8.5,NA,NA,4848.345227512792,45890.612052199634,990.0594579,41.12606002,4.964942316,48.77840259,0,5933.274090338792
Mod,H1,Real,AK,Hlow,Rb,NA,NA,4,NA,NA,1210.9669325884001,10465.33302974891,521.2234631,20.92590959,2.7351567090000004,24.84730123,0,1780.6987632174003
Mod,H1,Real,AK,Hlow,Rl,NA,NA,4.5,NA,NA,3637.378294924393,35425.27902245073,468.8359948,20.20015044,2.229785607,23.93110136,0,4152.575327131392
Mod,H1,Real,CH,Hhigh,HP,NA,NA,NA,12.5,NA,3214.5206779875252,43687.26794185701,1836.3662530000001,43.21056854,136.7325032,366.1839667,1981.974063,7578.9880324275255
Mod,H1,Real,CH,Hhigh,HPl,NA,NA,NA,7.5,NA,1932.2582355620575,27655.337732325654,992.9074291000001,21.69703207,73.36191493,178.2957314,684.9152399,3883.4355829620577
Mod,H1,Real,CH,Hhigh,HYD1000,HYD1000,3,NA,8.5,1000,5267.396569916634,75913.32632967552,4608.348972,142.9694187,124.5801407,858.0098471,2703.7664399999994,13705.071388416633
Mod,H1,Real,CH,Hhigh,HYD1000,HYD1000,4,NA,8.5,1000,5439.323692664548,79198.09704051714,4608.348972,142.9694187,124.5801407,858.0098471,2703.7664399999994,13876.998511164547
Mod,H1,Real,CH,Hhigh,HYD1000,HYD1000,5,NA,8.5,1000,5631.791014662595,82587.85598295186,4608.348972,142.9694187,124.5801407,858.0098471,2703.7664399999994,14069.465833162594
Mod,H1,Real,CH,Hhigh,HYD200,HYD200,3,NA,11.2,200,4757.053887815898,66906.87568901514,4087.577047,132.7495187,120.50282999999999,633.4987348,2769.4356899999993,12500.817708315895
Mod,H1,Real,CH,Hhigh,HYD200,HYD200,4,NA,11.2,200,4896.8209655571045,69734.05173904423,4087.577047,132.7495187,120.50282999999999,633.4987348,2769.4356899999993,12640.584786057105
Mod,H1,Real,CH,Hhigh,HYD200,HYD200,5,NA,11.2,200,5054.313734029984,72676.8267437173,4087.577047,132.7495187,120.50282999999999,633.4987348,2769.4356899999993,12798.077554529984
Mod,H1,Real,CH,Hhigh,HYD500,HYD500,3,NA,8.5,500,5088.41014929907,73336.16672610209,4294.017154,135.6698472,124.5801407,719.6007562,2703.7664399999994,13066.044487399071
Mod,H1,Real,CH,Hhigh,HYD500,HYD500,4,NA,8.5,500,5249.5187627029145,76615.7535069777,4294.017154,135.6698472,124.5801407,719.6007562,2703.7664399999994,13227.153100802914
Mod,H1,Real,CH,Hhigh,HYD500,HYD500,5,NA,8.5,500,5430.7291999465715,80000.67549530309,4294.017154,135.6698472,124.5801407,719.6007562,2703.7664399999994,13408.363538046571
Mod,H1,Real,CH,Hhigh,R,NA,NA,12.5,NA,NA,11061.491452826906,154656.49870156482,1432.922654,59.82430438,7.135255231,70.94429546,0,12632.317961897905
Mod,H1,Real,CH,Hhigh,Rb,NA,NA,4.5,NA,NA,3878.535537925386,49390.546970989635,547.1962622,22.42781567,2.794629401,26.612509709999998,0,4477.566754906386
Mod,H1,Real,CH,Hhigh,Rl,NA,NA,8,NA,NA,7182.955914901519,105265.95173057522,885.7263912999999,37.39648871,4.34062583,44.33178576,0,8154.751206501518
Mod,H1,Real,CH,Hlow,HP,NA,NA,NA,12.5,NA,4285.521731820812,43687.26794185701,1836.3662530000001,43.21056854,136.7325032,366.1839667,1981.974063,8649.989086260814
Mod,H1,Real,CH,Hlow,HPl,NA,NA,NA,7.5,NA,2562.477510833384,27655.337732325654,992.9074291000001,21.69703207,73.36191493,178.2957314,684.9152399,4513.6548582333835
Mod,H1,Real,CH,Hlow,HYD1000,HYD1000,3,NA,8.5,1000,6858.618560543102,75913.32632967552,4608.348972,142.9694187,124.5801407,858.0098471,2703.7664399999994,15296.293379043102
Mod,H1,Real,CH,Hlow,HYD1000,HYD1000,4,NA,8.5,1000,7051.202384648787,79198.09704051714,4608.348972,142.9694187,124.5801407,858.0098471,2703.7664399999994,15488.877203148786
Mod,H1,Real,CH,Hlow,HYD1000,HYD1000,5,NA,8.5,1000,7265.084020623354,82587.85598295186,4608.348972,142.9694187,124.5801407,858.0098471,2703.7664399999994,15702.758839123355
Mod,H1,Real,CH,Hlow,HYD200,HYD200,3,NA,11.2,200,6256.806317377349,66906.87568901514,4087.577047,132.7495187,120.50282999999999,633.4987348,2769.4356899999993,14000.570137877348
Mod,H1,Real,CH,Hlow,HYD200,HYD200,4,NA,11.2,200,6420.08610476092,69734.05173904423,4087.577047,132.7495187,120.50282999999999,633.4987348,2769.4356899999993,14163.849925260918
Mod,H1,Real,CH,Hlow,HYD200,HYD200,5,NA,11.2,200,6601.672670505539,72676.8267437173,4087.577047,132.7495187,120.50282999999999,633.4987348,2769.4356899999993,14345.436491005537
Mod,H1,Real,CH,Hlow,HYD500,HYD500,3,NA,8.5,500,6652.576334959426,73336.16672610209,4294.017154,135.6698472,124.5801407,719.6007562,2703.7664399999994,14630.210673059426
Mod,H1,Real,CH,Hlow,HYD500,HYD500,4,NA,8.5,500,6836.510034054626,76615.7535069777,4294.017154,135.6698472,124.5801407,719.6007562,2703.7664399999994,14814.144372154626
Mod,H1,Real,CH,Hlow,HYD500,HYD500,5,NA,8.5,500,7042.322852285307,80000.67549530309,4294.017154,135.6698472,124.5801407,719.6007562,2703.7664399999994,15019.957190385307
Mod,H1,Real,CH,Hlow,R,NA,NA,12.5,NA,NA,14803.545843932376,154656.49870156482,1432.922654,59.82430438,7.135255231,70.94429546,0,16374.372353003375
Mod,H1,Real,CH,Hlow,Rb,NA,NA,4.5,NA,NA,5223.600885158182,49390.546970989635,547.1962622,22.42781567,2.794629401,26.612509709999998,0,5822.632102139182
Mod,H1,Real,CH,Hlow,Rl,NA,NA,8,NA,NA,9579.944958774195,105265.95173057522,885.7263912999999,37.39648871,4.34062583,44.33178576,0,10551.740250374194
Mod,Nom,Ideal,AK,Hhigh,HP,NA,NA,NA,11,NA,1300.8590255542738,17899.191693990982,1869.5477900000003,44.044790199999994,141.5319973,371.3462367000001,1993.5191580000003,5720.848997754275
Mod,Nom,Ideal,AK,Hhigh,HPl,NA,NA,NA,8,NA,833.138865647149,11460.161627264071,1026.088966,22.53125373,78.16140906,183.4580014,696.4603343,2839.8388301371488
Mod,Nom,Ideal,AK,Hhigh,HYD1000,HYD1000,3,NA,6,1000,2600.0923248338727,39071.76778219744,4405.967298,136.4779224,116.1585478,801.5562350000001,2547.382675,10607.635003033873
Mod,Nom,Ideal,AK,Hhigh,HYD1000,HYD1000,4,NA,6,1000,2742.5615627472575,41870.423559996605,4405.967298,136.4779224,116.1585478,801.5562350000001,2547.382675,10750.104240947257
Mod,Nom,Ideal,AK,Hhigh,HYD1000,HYD1000,5,NA,6,1000,2909.697996722447,44817.89704847016,4405.967298,136.4779224,116.1585478,801.5562350000001,2547.382675,10917.240674922446
Mod,Nom,Ideal,AK,Hhigh,HYD200,HYD200,3,NA,11.2,200,2089.426828119124,31338.446603654316,4003.968902,130.8906552,119.4584719,621.7158286,2678.721175,9644.181860819124
Mod,Nom,Ideal,AK,Hhigh,HYD200,HYD200,4,NA,11.2,200,2200.459104897372,33740.49397785607,4003.968902,130.8906552,119.4584719,621.7158286,2678.721175,9755.214137597373
Mod,Nom,Ideal,AK,Hhigh,HYD200,HYD200,5,NA,11.2,200,2335.001064799602,36268.780673723406,4003.968902,130.8906552,119.4584719,621.7158286,2678.721175,9889.756097499603
Mod,Nom,Ideal,AK,Hhigh,HYD500,HYD500,3,NA,8.5,500,2594.7819530689912,39050.91121947218,4210.409009,133.8109837,123.5357826,707.8178500000001,2613.051925,10383.407503368991
Mod,Nom,Ideal,AK,Hhigh,HYD500,HYD500,4,NA,8.5,500,2737.0419724497306,42018.04930138656,4210.409009,133.8109837,123.5357826,707.8178500000001,2613.051925,10525.66752274973
Mod,Nom,Ideal,AK,Hhigh,HYD500,HYD500,5,NA,8.5,500,2903.9968448548375,45120.170792862686,4210.409009,133.8109837,123.5357826,707.8178500000001,2613.051925,10692.622395154838
Mod,Nom,Ideal,AK,Hhigh,R,NA,NA,12,NA,NA,5168.933862400986,71200.72647022989,1406.949854,58.322398299999996,7.075782539,69.17908698,0,6710.460984219985
Mod,Nom,Ideal,AK,Hhigh,Rb,NA,NA,4,NA,NA,1765.6302949017359,24297.04860874439,521.2234631,20.92590959,2.7351567090000004,24.84730123,0,2335.362125530736
Mod,Nom,Ideal,AK,Hhigh,Rl,NA,NA,8,NA,NA,3403.3035674992507,46903.67786148547,885.7263912999999,37.39648871,4.34062583,44.33178576,0,4375.098859099251
Mod,Nom,Ideal,AK,Hlow,HP,NA,NA,NA,11,NA,1890.3882223329272,17899.191693990982,1869.5477900000003,44.044790199999994,141.5319973,371.3462367000001,1993.5191580000003,6310.378194532927
Mod,Nom,Ideal,AK,Hlow,HPl,NA,NA,NA,8,NA,1169.653418655743,11460.161627264071,1026.088966,22.53125373,78.16140906,183.4580014,696.4603343,3176.353383145743
Mod,Nom,Ideal,AK,Hlow,HYD1000,HYD1000,3,NA,6,1000,3558.459190781977,39071.76778219744,4405.967298,136.4779224,116.1585478,801.5562350000001,2547.382675,11566.001868981977
Mod,Nom,Ideal,AK,Hlow,HYD1000,HYD1000,4,NA,6,1000,3720.159249376574,41870.423559996605,4405.967298,136.4779224,116.1585478,801.5562350000001,2547.382675,11727.701927576574
Mod,Nom,Ideal,AK,Hlow,HYD1000,HYD1000,5,NA,6,1000,3908.262621035442,44817.89704847016,4405.967298,136.4779224,116.1585478,801.5562350000001,2547.382675,11915.805299235442
Mod,Nom,Ideal,AK,Hlow,HYD200,HYD200,3,NA,11.2,200,2916.4956355546624,31338.446603654316,4003.968902,130.8906552,119.4584719,621.7158286,2678.721175,10471.250668254663
Mod,Nom,Ideal,AK,Hlow,HYD200,HYD200,4,NA,11.2,200,3045.24699357904,33740.49397785607,4003.968902,130.8906552,119.4584719,621.7158286,2678.721175,10600.00202627904
Mod,Nom,Ideal,AK,Hlow,HYD200,HYD200,5,NA,11.2,200,3203.1661427687623,36268.780673723406,4003.968902,130.8906552,119.4584719,621.7158286,2678.721175,10757.921175468762
Mod,Nom,Ideal,AK,Hlow,HYD500,HYD500,3,NA,8.5,500,3578.6454147840186,39050.91121947218,4210.409009,133.8109837,123.5357826,707.8178500000001,2613.051925,11367.270965084019
Mod,Nom,Ideal,AK,Hlow,HYD500,HYD500,4,NA,8.5,500,3740.3803433965118,42018.04930138656,4210.409009,133.8109837,123.5357826,707.8178500000001,2613.051925,11529.005893696512
Mod,Nom,Ideal,AK,Hlow,HYD500,HYD500,5,NA,8.5,500,3932.5411775744437,45120.170792862686,4210.409009,133.8109837,123.5357826,707.8178500000001,2613.051925,11721.166727874443
Mod,Nom,Ideal,AK,Hlow,R,NA,NA,12,NA,NA,7502.397679703223,71200.72647022989,1406.949854,58.322398299999996,7.075782539,69.17908698,0,9043.924801522224
Mod,Nom,Ideal,AK,Hlow,Rb,NA,NA,4,NA,NA,2724.1243415763656,24297.04860874439,521.2234631,20.92590959,2.7351567090000004,24.84730123,0,3293.856172205366
Mod,Nom,Ideal,AK,Hlow,Rl,NA,NA,8,NA,NA,4778.273338126858,46903.67786148547,885.7263912999999,37.39648871,4.34062583,44.33178576,0,5750.0686297268585
Mod,Nom,Ideal,CH,Hhigh,HP,NA,NA,NA,16,NA,4763.533278836799,65843.05759929077,2416.268872,60.37758576,139.0069502,470.3389292,1732.919147,9582.444762996798
Mod,Nom,Ideal,CH,Hhigh,HPl,NA,NA,NA,9.5,NA,2125.724397989015,30122.980479471356,1125.633577,25.033918700000005,92.55989142000001,198.9448116,731.0956175,4298.9922142090145
Mod,Nom,Ideal,CH,Hhigh,HYD1000,HYD1000,3,NA,14,1000,6994.293580706964,99662.28507215106,5224.345579,159.9847908,142.0973227,991.3755545,3266.787762,16778.884589706962
Mod,Nom,Ideal,CH,Hhigh,HYD1000,HYD1000,4,NA,14,1000,7150.653414948944,102595.4575883662,5224.345579,159.9847908,142.0973227,991.3755545,3266.787762,16935.24442394894
Mod,Nom,Ideal,CH,Hhigh,HYD1000,HYD1000,5,NA,14,1000,7327.147601671867,105651.01784685595,5224.345579,159.9847908,142.0973227,991.3755545,3266.787762,17111.738610671866
Mod,Nom,Ideal,CH,Hhigh,HYD200,HYD200,3,NA,14,200,6669.391847298615,95249.49967660302,4584.800125,145.1322581,130.6427773,722.1937363,3266.787762,15518.948505998615
Mod,Nom,Ideal,CH,Hhigh,HYD200,HYD200,4,NA,14,200,6808.589289614572,98166.45131690042,4584.800125,145.1322581,130.6427773,722.1937363,3266.787762,15658.145948314572
Mod,Nom,Ideal,CH,Hhigh,HYD200,HYD200,5,NA,14,200,6972.243446772188,101222.86588756877,4584.800125,145.1322581,130.6427773,722.1937363,3266.787762,15821.800105472188
Mod,Nom,Ideal,CH,Hhigh,HYD500,HYD500,3,NA,14,500,6816.461997534546,97179.54775663231,4910.013761,152.6852193,142.0973227,852.9664635999999,3266.787762,16141.012526134546
Mod,Nom,Ideal,CH,Hhigh,HYD500,HYD500,4,NA,14,500,6960.681012212309,100092.6492102356,4910.013761,152.6852193,142.0973227,852.9664635999999,3266.787762,16285.231540812307
Mod,Nom,Ideal,CH,Hhigh,HYD500,HYD500,5,NA,14,500,7126.902726210914,103144.62778861032,4910.013761,152.6852193,142.0973227,852.9664635999999,3266.787762,16451.453254810913
Mod,Nom,Ideal,CH,Hhigh,R,NA,NA,15.5,NA,NA,16237.825580750326,229397.9453715654,1588.7594490000001,68.83574087,7.49209138,81.53554633,0,17984.44840833033
Mod,Nom,Ideal,CH,Hhigh,Rb,NA,NA,6.5,NA,NA,7701.43857355959,106178.23100971791,651.087459,28.43544,3.0325201669999995,33.67334362,0,8417.667336346589
Mod,Nom,Ideal,CH,Hhigh,Rl,NA,NA,9,NA,NA,8536.387007190735,123219.71436184755,937.6719896999999,40.40030087,4.459571213,47.86220271,0,9566.781071683734
Mod,Nom,Ideal,CH,Hlow,HP,NA,NA,NA,16,NA,6415.1333695544045,65843.05759929077,2416.268872,60.37758576,139.0069502,470.3389292,1732.919147,11234.044853714404
Mod,Nom,Ideal,CH,Hlow,HPl,NA,NA,NA,9.5,NA,2759.3695196250674,30122.980479471356,1125.633577,25.033918700000005,92.55989142000001,198.9448116,731.0956175,4932.637335845067
Mod,Nom,Ideal,CH,Hlow,HYD1000,HYD1000,3,NA,14,1000,9280.121680972028,99662.28507215106,5224.345579,159.9847908,142.0973227,991.3755545,3266.787762,19064.712689972028
Mod,Nom,Ideal,CH,Hlow,HYD1000,HYD1000,4,NA,14,1000,9456.264106175997,102595.4575883662,5224.345579,159.9847908,142.0973227,991.3755545,3266.787762,19240.855115175997
Mod,Nom,Ideal,CH,Hlow,HYD1000,HYD1000,5,NA,14,1000,9654.665807974287,105651.01784685595,5224.345579,159.9847908,142.0973227,991.3755545,3266.787762,19439.256816974284
Mod,Nom,Ideal,CH,Hlow,HYD200,HYD200,3,NA,14,200,8909.646999626097,95249.49967660302,4584.800125,145.1322581,130.6427773,722.1937363,3266.787762,17759.203658326096
Mod,Nom,Ideal,CH,Hlow,HYD200,HYD200,4,NA,14,200,9071.102010983752,98166.45131690042,4584.800125,145.1322581,130.6427773,722.1937363,3266.787762,17920.65866968375
Mod,Nom,Ideal,CH,Hlow,HYD200,HYD200,5,NA,14,200,9261.276264097904,101222.86588756877,4584.800125,145.1322581,130.6427773,722.1937363,3266.787762,18110.832922797905
Mod,Nom,Ideal,CH,Hlow,HYD500,HYD500,3,NA,14,500,9076.430590102642,97179.54775663231,4910.013761,152.6852193,142.0973227,852.9664635999999,3266.787762,18400.981118702643
Mod,Nom,Ideal,CH,Hlow,HYD500,HYD500,4,NA,14,500,9241.372857491331,100092.6492102356,4910.013761,152.6852193,142.0973227,852.9664635999999,3266.787762,18565.92338609133
Mod,Nom,Ideal,CH,Hlow,HYD500,HYD500,5,NA,14,500,9432.424477497225,103144.62778861032,4910.013761,152.6852193,142.0973227,852.9664635999999,3266.787762,18756.975006097222
Mod,Nom,Ideal,CH,Hlow,R,NA,NA,15.5,NA,NA,21859.008267131292,229397.9453715654,1588.7594490000001,68.83574087,7.49209138,81.53554633,0,23605.631094711294
Mod,Nom,Ideal,CH,Hlow,Rb,NA,NA,6.5,NA,NA,10698.752928216234,106178.23100971791,651.087459,28.43544,3.0325201669999995,33.67334362,0,11414.981691003233
Mod,Nom,Ideal,CH,Hlow,Rl,NA,NA,9,NA,NA,11160.255338915062,123219.71436184755,937.6719896999999,40.40030087,4.459571213,47.86220271,0,12190.64940340806
Mod,Nom,Real,AK,Hhigh,HP,NA,NA,NA,11,NA,1186.8221374002321,16055.443748942393,1869.5477900000003,44.044790199999994,141.5319973,371.3462367000001,1993.5191580000003,5606.812109600233
Mod,Nom,Real,AK,Hhigh,HPl,NA,NA,NA,8,NA,834.5579771991191,11483.401610387615,1026.088966,22.53125373,78.16140906,183.4580014,696.4603343,2841.257941689119
Mod,Nom,Real,AK,Hhigh,HYD1000,HYD1000,3,NA,6,1000,2467.3604130071876,36823.732137342806,4405.967298,136.4779224,116.1585478,801.5562350000001,2547.382675,10474.903091207187
Mod,Nom,Real,AK,Hhigh,HYD1000,HYD1000,4,NA,6,1000,2608.7671266877924,39618.357833049085,4405.967298,136.4779224,116.1585478,801.5562350000001,2547.382675,10616.309804887791
Mod,Nom,Real,AK,Hhigh,HYD1000,HYD1000,5,NA,6,1000,2774.969803520564,42564.795737281005,4405.967298,136.4779224,116.1585478,801.5562350000001,2547.382675,10782.512481720565
Mod,Nom,Real,AK,Hhigh,HYD200,HYD200,3,NA,11.2,200,1964.3932821341855,29200.91719041296,4003.968902,130.8906552,119.4584719,621.7158286,2678.721175,9519.148314834187
Mod,Nom,Real,AK,Hhigh,HYD200,HYD200,4,NA,11.2,200,2074.9031282062238,31601.501462981527,4003.968902,130.8906552,119.4584719,621.7158286,2678.721175,9629.658160906225
Mod,Nom,Real,AK,Hhigh,HYD200,HYD200,5,NA,11.2,200,2209.9267175178607,34129.620389896314,4003.968902,130.8906552,119.4584719,621.7158286,2678.721175,9764.681750217862
Mod,Nom,Real,AK,Hhigh,HYD500,HYD500,3,NA,8.5,500,2460.1948055903927,36688.655847368296,4210.409009,133.8109837,123.5357826,707.8178500000001,2613.051925,10248.820355890393
Mod,Nom,Real,AK,Hhigh,HYD500,HYD500,4,NA,8.5,500,2602.9348042632564,39655.54887598552,4210.409009,133.8109837,123.5357826,707.8178500000001,2613.051925,10391.560354563257
Mod,Nom,Real,AK,Hhigh,HYD500,HYD500,5,NA,8.5,500,2769.7994426653913,42756.6875905304,4210.409009,133.8109837,123.5357826,707.8178500000001,2613.051925,10558.424992965392
Mod,Nom,Real,AK,Hhigh,R,NA,NA,12,NA,NA,4764.692721912593,64571.1966494297,1406.949854,58.322398299999996,7.075782539,69.17908698,0,6306.219843731592
Mod,Nom,Real,AK,Hhigh,Rb,NA,NA,4,NA,NA,1355.2504295812419,17567.728920501842,521.2234631,20.92590959,2.7351567090000004,24.84730123,0,1924.982260210242
Mod,Nom,Real,AK,Hhigh,Rl,NA,NA,8,NA,NA,3409.4422923313514,47003.46772892787,885.7263912999999,37.39648871,4.34062583,44.33178576,0,4381.237583931352
Mod,Nom,Real,AK,Hlow,HP,NA,NA,NA,11,NA,1680.4244873066461,16055.443748942393,1869.5477900000003,44.044790199999994,141.5319973,371.3462367000001,1993.5191580000003,6100.414459506646
Mod,Nom,Real,AK,Hlow,HPl,NA,NA,NA,8,NA,1171.9821872986781,11483.401610387615,1026.088966,22.53125373,78.16140906,183.4580014,696.4603343,3178.682151788678
Mod,Nom,Real,AK,Hlow,HYD1000,HYD1000,3,NA,6,1000,3299.897959173154,36823.732137342806,4405.967298,136.4779224,116.1585478,801.5562350000001,2547.382675,11307.440637373154
Mod,Nom,Real,AK,Hlow,HYD1000,HYD1000,4,NA,6,1000,3460.2530002674002,39618.357833049085,4405.967298,136.4779224,116.1585478,801.5562350000001,2547.382675,11467.795678467399
Mod,Nom,Real,AK,Hlow,HYD1000,HYD1000,5,NA,6,1000,3648.0470093893305,42564.795737281005,4405.967298,136.4779224,116.1585478,801.5562350000001,2547.382675,11655.58968758933
Mod,Nom,Real,AK,Hlow,HYD200,HYD200,3,NA,11.2,200,2673.4279195772315,29200.91719041296,4003.968902,130.8906552,119.4584719,621.7158286,2678.721175,10228.182952277231
Mod,Nom,Real,AK,Hlow,HYD200,HYD200,4,NA,11.2,200,2802.587827043098,31601.501462981527,4003.968902,130.8906552,119.4584719,621.7158286,2678.721175,10357.3428597431
Mod,Nom,Real,AK,Hlow,HYD200,HYD200,5,NA,11.2,200,2960.5599912566895,34129.620389896314,4003.968902,130.8906552,119.4584719,621.7158286,2678.721175,10515.31502395669
Mod,Nom,Real,AK,Hlow,HYD500,HYD500,3,NA,8.5,500,3310.6379924421144,36688.655847368296,4210.409009,133.8109837,123.5357826,707.8178500000001,2613.051925,11099.263542742114
Mod,Nom,Real,AK,Hlow,HYD500,HYD500,4,NA,8.5,500,3473.747403018405,39655.54887598552,4210.409009,133.8109837,123.5357826,707.8178500000001,2613.051925,11262.372953318405
Mod,Nom,Real,AK,Hlow,HYD500,HYD500,5,NA,8.5,500,3665.6417829131324,42756.6875905304,4210.409009,133.8109837,123.5357826,707.8178500000001,2613.051925,11454.267333213133
Mod,Nom,Real,AK,Hlow,R,NA,NA,12,NA,NA,6749.531802781352,64571.1966494297,1406.949854,58.322398299999996,7.075782539,69.17908698,0,8291.058924600353
Mod,Nom,Real,AK,Hlow,Rb,NA,NA,4,NA,NA,1961.213467013468,17567.728920501842,521.2234631,20.92590959,2.7351567090000004,24.84730123,0,2530.945297642468
Mod,Nom,Real,AK,Hlow,Rl,NA,NA,8,NA,NA,4788.3183357678845,47003.46772892787,885.7263912999999,37.39648871,4.34062583,44.33178576,0,5760.113627367884
Mod,Nom,Real,CH,Hhigh,HP,NA,NA,NA,16,NA,3855.875928680917,52133.983889372954,2416.268872,60.37758576,139.0069502,470.3389292,1732.919147,8674.787412840917
Mod,Nom,Real,CH,Hhigh,HPl,NA,NA,NA,9.5,NA,2144.883868886239,30384.908352926457,1125.633577,25.033918700000005,92.55989142000001,198.9448116,731.0956175,4318.151685106239
Mod,Nom,Real,CH,Hhigh,HYD1000,HYD1000,3,NA,14,1000,5942.168719499751,83246.25094076464,5224.345579,159.9847908,142.0973227,991.3755545,3266.787762,15726.75972849975
Mod,Nom,Real,CH,Hhigh,HYD1000,HYD1000,4,NA,14,1000,6099.157052134946,86167.77864953432,5224.345579,159.9847908,142.0973227,991.3755545,3266.787762,15883.748061134946
Mod,Nom,Real,CH,Hhigh,HYD1000,HYD1000,5,NA,14,1000,6273.256415582424,89225.34486557187,5224.345579,159.9847908,142.0973227,991.3755545,3266.787762,16057.847424582422
Mod,Nom,Real,CH,Hhigh,HYD200,HYD200,3,NA,14,200,5604.363640874757,78854.50933416815,4584.800125,145.1322581,130.6427773,722.1937363,3266.787762,14453.920299574756
Mod,Nom,Real,CH,Hhigh,HYD200,HYD200,4,NA,14,200,5743.263769460905,81769.73770047183,4584.800125,145.1322581,130.6427773,722.1937363,3266.787762,14592.820428160905
Mod,Nom,Real,CH,Hhigh,HYD200,HYD200,5,NA,14,200,5906.797501523712,84824.87249512762,4584.800125,145.1322581,130.6427773,722.1937363,3266.787762,14756.354160223711
Mod,Nom,Real,CH,Hhigh,HYD500,HYD500,3,NA,14,500,5758.214749471716,80776.68906957305,4910.013761,152.6852193,142.0973227,852.9664635999999,3266.787762,15082.765278071714
Mod,Nom,Real,CH,Hhigh,HYD500,HYD500,4,NA,14,500,5903.067887181665,83681.15358197957,4910.013761,152.6852193,142.0973227,852.9664635999999,3266.787762,15227.618415781664
Mod,Nom,Real,CH,Hhigh,HYD500,HYD500,5,NA,14,500,6067.52215892241,86726.59625965534,4910.013761,152.6852193,142.0973227,852.9664635999999,3266.787762,15392.07268752241
Mod,Nom,Real,CH,Hhigh,R,NA,NA,15.5,NA,NA,13521.976872473851,187428.47971748083,1588.7594490000001,68.83574087,7.49209138,81.53554633,0,15268.59970005385
Mod,Nom,Real,CH,Hhigh,Rb,NA,NA,6.5,NA,NA,4936.689575837589,63491.8318395177,651.087459,28.43544,3.0325201669999995,33.67334362,0,5652.9183386245895
Mod,Nom,Real,CH,Hhigh,Rl,NA,NA,9,NA,NA,8585.287296636257,123936.64787796309,937.6719896999999,40.40030087,4.459571213,47.86220271,0,9615.681361129256
Mod,Nom,Real,CH,Hlow,HP,NA,NA,NA,16,NA,5037.912965980283,52133.983889372954,2416.268872,60.37758576,139.0069502,470.3389292,1732.919147,9856.824450140282
Mod,Nom,Real,CH,Hlow,HPl,NA,NA,NA,9.5,NA,2785.3055060738047,30384.908352926457,1125.633577,25.033918700000005,92.55989142000001,198.9448116,731.0956175,4958.573322293805
Mod,Nom,Real,CH,Hlow,HYD1000,HYD1000,3,NA,14,1000,7647.84317523601,83246.25094076464,5224.345579,159.9847908,142.0973227,991.3755545,3266.787762,17432.434184236008
Mod,Nom,Real,CH,Hlow,HYD1000,HYD1000,4,NA,14,1000,7823.947201739054,86167.77864953432,5224.345579,159.9847908,142.0973227,991.3755545,3266.787762,17608.538210739054
Mod,Nom,Real,CH,Hlow,HYD1000,HYD1000,5,NA,14,1000,8021.831873375691,89225.34486557187,5224.345579,159.9847908,142.0973227,991.3755545,3266.787762,17806.42288237569
Mod,Nom,Real,CH,Hlow,HYD200,HYD200,3,NA,14,200,7274.033863326709,78854.50933416815,4584.800125,145.1322581,130.6427773,722.1937363,3266.787762,16123.590522026709
Mod,Nom,Real,CH,Hlow,HYD200,HYD200,4,NA,14,200,7435.087751289568,81769.73770047183,4584.800125,145.1322581,130.6427773,722.1937363,3266.787762,16284.644409989567
Mod,Nom,Real,CH,Hlow,HYD200,HYD200,5,NA,14,200,7625.515113093265,84824.87249512762,4584.800125,145.1322581,130.6427773,722.1937363,3266.787762,16475.071771793264
Mod,Nom,Real,CH,Hlow,HYD500,HYD500,3,NA,14,500,7442.324515281978,80776.68906957305,4910.013761,152.6852193,142.0973227,852.9664635999999,3266.787762,16766.875043881977
Mod,Nom,Real,CH,Hlow,HYD500,HYD500,4,NA,14,500,7608.65500548675,83681.15358197957,4910.013761,152.6852193,142.0973227,852.9664635999999,3266.787762,16933.20553408675
Mod,Nom,Real,CH,Hlow,HYD500,HYD500,5,NA,14,500,7798.230295493058,86726.59625965534,4910.013761,152.6852193,142.0973227,852.9664635999999,3266.787762,17122.780824093057
Mod,Nom,Real,CH,Hlow,R,NA,NA,15.5,NA,NA,17711.55615462991,187428.47971748083,1588.7594490000001,68.83574087,7.49209138,81.53554633,0,19458.178982209913
Mod,Nom,Real,CH,Hlow,Rb,NA,NA,6.5,NA,NA,6484.53269013518,63491.8318395177,651.087459,28.43544,3.0325201669999995,33.67334362,0,7200.761452922181
Mod,Nom,Real,CH,Hlow,Rl,NA,NA,9,NA,NA,11227.023464494729,123936.64787796309,937.6719896999999,40.40030087,4.459571213,47.86220271,0,12257.417528987728
NA,NA,NA,AK,Hhigh,NA,HP,1,NA,NA,135,253.17631901369083,5166.4689903923945,517.4042666,19.34982176,13.95159063,74.17019318,285.3529412,1163.405132383691
NA,NA,NA,AK,Hhigh,NA,HP,2,NA,NA,135,367.28039320222837,7514.524964540029,517.4042666,19.34982176,13.95159063,74.17019318,285.3529412,1277.5092065722285
NA,NA,NA,AK,Hhigh,NA,HP,3,NA,NA,180,513.3861789578659,10243.423729984592,597.3918213,24.404181279999996,17.98784422,81.10948345,285.3529412,1519.632450407866
NA,NA,NA,AK,Hhigh,NA,HP,4,NA,NA,300,682.9507438611191,13820.29204270736,810.6919673000001,37.88247335,28.75118714,99.6142575,285.3529412,1945.2435703511192
NA,NA,NA,AK,Hhigh,NA,HP,5,NA,NA,300,809.6983773632887,16183.530411608515,810.6919673000001,37.88247335,28.75118714,99.6142575,285.3529412,2071.991203853289
NA,NA,NA,AK,Hhigh,NA,HPo,1,NA,NA,162,264.88719863644303,5385.8596739292525,565.3967994,22.38243748,16.37334279,78.33376735,285.3529412,1232.726486856443
NA,NA,NA,AK,Hhigh,NA,HPo,2,NA,NA,162,377.99486088189155,7729.809516845914,565.3967994,22.38243748,16.37334279,78.33376735,285.3529412,1345.8341491018916
NA,NA,NA,AK,Hhigh,NA,HPo,3,NA,NA,216,532.26585011616055,10602.749211095743,661.3818651,28.4476689,21.2168471,86.66091566999998,285.3529412,1615.3260880861606
NA,NA,NA,AK,Hhigh,NA,HPo,4,NA,NA,360,717.3075095995428,14469.15649293684,917.3420403,44.62161938,34.1328586,108.86664449999999,285.3529412,2107.6236135795425
NA,NA,NA,AK,Hhigh,NA,HPo,5,NA,NA,360,843.3998905727906,16829.280034904114,917.3420403,44.62161938,34.1328586,108.86664449999999,285.3529412,2233.7159945527906
NA,NA,NA,AK,Hlow,NA,HP,1,NA,NA,135,312.5357588166372,5166.4689903923945,517.4042666,19.34982176,13.95159063,74.17019318,285.3529412,1222.7645721866372
NA,NA,NA,AK,Hlow,NA,HP,2,NA,NA,135,452.05902443492437,7514.524964540029,517.4042666,19.34982176,13.95159063,74.17019318,285.3529412,1362.2878378049245
NA,NA,NA,AK,Hlow,NA,HP,3,NA,NA,180,628.6750106493183,10243.423729984592,597.3918213,24.404181279999996,17.98784422,81.10948345,285.3529412,1634.9212820993184
NA,NA,NA,AK,Hlow,NA,HP,4,NA,NA,300,826.7505609923865,13820.29204270736,810.6919673000001,37.88247335,28.75118714,99.6142575,285.3529412,2089.0433874823866
NA,NA,NA,AK,Hlow,NA,HP,5,NA,NA,300,970.5221474870776,16183.530411608515,810.6919673000001,37.88247335,28.75118714,99.6142575,285.3529412,2232.8149739770774
NA,NA,NA,AK,Hlow,NA,HPo,1,NA,NA,162,326.0983344572549,5385.8596739292525,565.3967994,22.38243748,16.37334279,78.33376735,285.3529412,1293.937622677255
NA,NA,NA,AK,Hlow,NA,HPo,2,NA,NA,162,465.0716727083042,7729.809516845914,565.3967994,22.38243748,16.37334279,78.33376735,285.3529412,1432.9109609283041
NA,NA,NA,AK,Hlow,NA,HPo,3,NA,NA,216,651.6447164858695,10602.749211095743,661.3818651,28.4476689,21.2168471,86.66091566999998,285.3529412,1734.7049544558695
NA,NA,NA,AK,Hlow,NA,HPo,4,NA,NA,360,868.3543395526406,14469.15649293684,917.3420403,44.62161938,34.1328586,108.86664449999999,285.3529412,2258.6704435326405
NA,NA,NA,AK,Hlow,NA,HPo,5,NA,NA,360,1011.0046262953439,16829.280034904114,917.3420403,44.62161938,34.1328586,108.86664449999999,285.3529412,2401.3207302753435
NA,NA,NA,CH,Hhigh,NA,HP,1,NA,NA,135,281.6200026265511,5613.100378181395,517.4042666,19.34982176,13.95159063,74.17019318,285.3529412,1191.8488159965511
NA,NA,NA,CH,Hhigh,NA,HP,2,NA,NA,135,403.2726837184738,8094.017434820493,517.4042666,19.34982176,13.95159063,74.17019318,285.3529412,1313.501497088474
NA,NA,NA,CH,Hhigh,NA,HP,3,NA,NA,180,563.6864717166789,11028.359986504545,597.3918213,24.404181279999996,17.98784422,81.10948345,285.3529412,1569.9327431666788
NA,NA,NA,CH,Hhigh,NA,HP,4,NA,NA,300,753.9045687673859,14942.69083791936,810.6919673000001,37.88247335,28.75118714,99.6142575,285.3529412,2016.1973952573858
NA,NA,NA,CH,Hhigh,NA,HP,5,NA,NA,300,887.5535045882077,17419.229602870808,810.6919673000001,37.88247335,28.75118714,99.6142575,285.3529412,2149.8463310782076
NA,NA,NA,CH,Hhigh,NA,HPo,1,NA,NA,162,295.23185867804915,5868.886460572422,565.3967994,22.38243748,16.37334279,78.33376735,285.3529412,1263.0711468980492
NA,NA,NA,CH,Hhigh,NA,HPo,2,NA,NA,162,416.68235563534853,8344.78428691025,565.3967994,22.38243748,16.37334279,78.33376735,285.3529412,1384.5216438553487
NA,NA,NA,CH,Hhigh,NA,HPo,3,NA,NA,216,586.1576404234224,11448.49437574296,661.3818651,28.4476689,21.2168471,86.66091566999998,285.3529412,1669.2178783934226
NA,NA,NA,CH,Hhigh,NA,HPo,4,NA,NA,360,795.1528768368105,15698.429337078842,917.3420403,44.62161938,34.1328586,108.86664449999999,285.3529412,2185.4689808168105
NA,NA,NA,CH,Hhigh,NA,HPo,5,NA,NA,360,927.7025283727443,18171.889387852523,917.3420403,44.62161938,34.1328586,108.86664449999999,285.3529412,2318.018632352744
NA,NA,NA,CH,Hlow,NA,HP,1,NA,NA,135,346.9624451243569,5613.100378181395,517.4042666,19.34982176,13.95159063,74.17019318,285.3529412,1257.191258494357
NA,NA,NA,CH,Hlow,NA,HP,2,NA,NA,135,495.98970621073875,8094.017434820493,517.4042666,19.34982176,13.95159063,74.17019318,285.3529412,1406.218519580739
NA,NA,NA,CH,Hlow,NA,HP,3,NA,NA,180,690.2292242973688,11028.359986504545,597.3918213,24.404181279999996,17.98784422,81.10948345,285.3529412,1696.4754957473688
NA,NA,NA,CH,Hlow,NA,HP,4,NA,NA,300,913.0174858154178,14942.69083791936,810.6919673000001,37.88247335,28.75118714,99.6142575,285.3529412,2175.310312305418
NA,NA,NA,CH,Hlow,NA,HP,5,NA,NA,300,1063.5368000931794,17419.229602870808,810.6919673000001,37.88247335,28.75118714,99.6142575,285.3529412,2325.8296265831796
NA,NA,NA,CH,Hlow,NA,HPo,1,NA,NA,162,363.0285679129429,5868.886460572422,565.3967994,22.38243748,16.37334279,78.33376735,285.3529412,1330.867856132943
NA,NA,NA,CH,Hlow,NA,HPo,2,NA,NA,162,511.9901732705331,8344.78428691025,565.3967994,22.38243748,16.37334279,78.33376735,285.3529412,1479.8294614905328
NA,NA,NA,CH,Hlow,NA,HPo,3,NA,NA,216,717.598611959825,11448.49437574296,661.3818651,28.4476689,21.2168471,86.66091566999998,285.3529412,1800.658849929825
NA,NA,NA,CH,Hlow,NA,HPo,4,NA,NA,360,963.0140901023867,15698.429337078842,917.3420403,44.62161938,34.1328586,108.86664449999999,285.3529412,2353.3301940823867
NA,NA,NA,CH,Hlow,NA,HPo,5,NA,NA,360,1111.5937029469383,18171.889387852523,917.3420403,44.62161938,34.1328586,108.86664449999999,285.3529412,2501.909806926938
NA,NA,NA,NA,Hhigh,NA,R,1,NA,NA,135,1016.1564601754148,21205.8,190.9509894,3.783646588,4.027399057,22.43667136,0,1237.3551665804148
NA,NA,NA,NA,Hhigh,NA,R,2,NA,NA,135,1495.236757765568,31212.300000000003,190.9509894,3.783646588,4.027399057,22.43667136,0,1716.435464170568
NA,NA,NA,NA,Hhigh,NA,R,3,NA,NA,180,2097.7961616535226,42598.5,234.8663891,4.540375906,4.953630649,27.59671475,0,2369.7532720585227
NA,NA,NA,NA,Hhigh,NA,R,4,NA,NA,300,2780.0483818367425,57355.2,407.89785810000006,6.558320753,8.603084246,47.92784903,0,3251.0354939657423
NA,NA,NA,NA,Hhigh,NA,R,5,NA,NA,300,3316.2573841640474,67381.65000000001,407.89785810000006,6.558320753,8.603084246,47.92784903,0,3787.244496293047
NA,NA,NA,NA,Hhigh,NA,Ro,1,NA,NA,162,1060.0891779357578,22035.3,216.2027869,4.116960628,4.559991558,25.40374832,0,1310.372665341758
NA,NA,NA,NA,Hhigh,NA,Ro,2,NA,NA,162,1535.9839715800058,32027.1,216.2027869,4.116960628,4.559991558,25.40374832,0,1786.267458986006
NA,NA,NA,NA,Hhigh,NA,Ro,3,NA,NA,216,2165.5227837339426,43950.9,277.1660528,5.170983671,5.845784319,32.56690976,0,2486.2725142839427
NA,NA,NA,NA,Hhigh,NA,Ro,4,NA,NA,360,2901.9941723526294,59791.2,537.5473211,7.693414729,11.3375562,63.16161347,0,3521.734077851629
NA,NA,NA,NA,Hhigh,NA,Ro,5,NA,NA,360,3439.4412056840692,69807.15000000001,537.5473211,7.693414729,11.3375562,63.16161347,0,4059.181111183069
NA,NA,NA,NA,Hlow,NA,R,1,NA,NA,135,1238.4719930709196,21205.8,190.9509894,3.783646588,4.027399057,22.43667136,0,1459.6706994759195
NA,NA,NA,NA,Hlow,NA,R,2,NA,NA,135,1821.5144363106415,31212.300000000003,190.9509894,3.783646588,4.027399057,22.43667136,0,2042.7131427156414
NA,NA,NA,NA,Hlow,NA,R,3,NA,NA,180,2542.0603593409596,42598.5,234.8663891,4.540375906,4.953630649,27.59671475,0,2814.0174697459597
NA,NA,NA,NA,Hlow,NA,R,4,NA,NA,300,3323.0909471076166,57355.2,407.89785810000006,6.558320753,8.603084246,47.92784903,0,3794.0780592366164
NA,NA,NA,NA,Hlow,NA,R,5,NA,NA,300,3923.157737895638,67381.65000000001,407.89785810000006,6.558320753,8.603084246,47.92784903,0,4394.144850024639
NA,NA,NA,NA,Hlow,NA,Ro,1,NA,NA,162,1287.3873465764586,22035.3,216.2027869,4.116960628,4.559991558,25.40374832,0,1537.6708339824588
NA,NA,NA,NA,Hlow,NA,Ro,2,NA,NA,162,1868.4817054747243,32027.1,216.2027869,4.116960628,4.559991558,25.40374832,0,2118.7651928807245
NA,NA,NA,NA,Hlow,NA,Ro,3,NA,NA,216,2620.2833967734605,43950.9,277.1660528,5.170983671,5.845784319,32.56690976,0,2941.0331273234606
NA,NA,NA,NA,Hlow,NA,Ro,4,NA,NA,360,3467.783871063528,59791.2,537.5473211,7.693414729,11.3375562,63.16161347,0,4087.5237765625275
NA,NA,NA,NA,Hlow,NA,Ro,5,NA,NA,360,4066.9526132749515,69807.15000000001,537.5473211,7.693414729,11.3375562,63.16161347,0,4686.692518773952
