house_type,insulation,schedule,Loc_code,Hydro_resource,SH_code,DW_code,Occ_code,R_cap,HP_cap,Tank_Volume (L),kgCO2_oper_life,P_annual_kWh_life,kgCO2_manuf_life,kgCO2_dist_life,kgCO2_inst_life,kgCO2_eol_life,kgCO2_other_life,kgCO2_EOL_S_life,kgCO2_Other_S_life,kgCO2_total_life,kgCO2_total_life_R
Mass,H1,Ideal,AK,Hhigh,HYD1000,HYD1000,3,NA,5,1000,819.9605431699999,20250.1584275,3358.681364,122.6757267,82.34313369,651.5794652,1922.834118,543.4046501,1556.261912,6958.074350760001,6483.327329660001
Mass,H1,Ideal,AK,Hhigh,HYD1000,HYD1000,4,NA,5,1000,925.9027804899999,23135.575899,3358.681364,122.6757267,82.34313369,651.5794652,1922.834118,543.4046501,1556.261912,7064.0165880800005,6589.2695669800005
Mass,H1,Ideal,AK,Hhigh,HYD1000,HYD1000,5,NA,5,1000,1065.71862782,26036.416708,3358.681364,122.6757267,82.34313369,651.5794652,1922.834118,543.4046501,1556.261912,7203.83243541,6729.0854143100005
Mass,H1,Ideal,AK,Hhigh,HYD200,HYD200,3,NA,8.5,200,982.50704271,17632.5166229,3014.089556,114.00003770000001,123.4132941,441.9585882,2060.920235,291.8977299,1552.974204,6736.88875371,6078.881864409999
Mass,H1,Ideal,AK,Hhigh,HYD200,HYD200,4,NA,8.5,200,1127.56420641,20627.2315226,3014.089556,114.00003770000001,123.4132941,441.9585882,2060.920235,291.8977299,1552.974204,6881.945917409999,6223.9390281099995
Mass,H1,Ideal,AK,Hhigh,HYD200,HYD200,5,NA,8.5,200,1306.81012465,23754.075473,3014.089556,114.00003770000001,123.4132941,441.9585882,2060.920235,291.8977299,1552.974204,7061.191835649999,6403.184946349999
Mass,H1,Ideal,AK,Hhigh,HYD500,HYD500,3,NA,5,500,841.14992099,18187.3374025,3044.349545,115.3761552,82.34313369,513.1703743,1922.834118,404.9955592,1556.261912,6519.22324718,6044.47622608
Mass,H1,Ideal,AK,Hhigh,HYD500,HYD500,4,NA,5,500,963.12806454,21100.538467,3044.349545,115.3761552,82.34313369,513.1703743,1922.834118,404.9955592,1556.261912,6641.20139073,6166.45436963
Mass,H1,Ideal,AK,Hhigh,HYD500,HYD500,5,NA,5,500,1122.18537835,24035.704126,3044.349545,115.3761552,82.34313369,513.1703743,1922.834118,404.9955592,1556.261912,6800.25870454,6325.51168344
Mass,H1,Ideal,AK,Hlow,HYD1000,HYD1000,3,NA,5,1000,1167.28321551,20252.4238614,3358.681364,122.6757267,82.34313369,651.5794652,1922.834118,543.4046501,1556.261912,7305.397023100001,6830.650002000001
Mass,H1,Ideal,AK,Hlow,HYD1000,HYD1000,4,NA,5,1000,1290.75915149,23139.63899,3358.681364,122.6757267,82.34313369,651.5794652,1922.834118,543.4046501,1556.261912,7428.87295908,6954.12593798
Mass,H1,Ideal,AK,Hlow,HYD1000,HYD1000,5,NA,5,1000,1459.3205205900001,26041.209137,3358.681364,122.6757267,82.34313369,651.5794652,1922.834118,543.4046501,1556.261912,7597.43432818,7122.687307080001
Mass,H1,Ideal,AK,Hlow,HYD200,HYD200,3,NA,8.5,200,1329.60554209,17633.2840377,3014.089556,114.00003770000001,123.4132941,441.9585882,2060.920235,291.8977299,1552.974204,7083.987253089999,6425.9803637899995
Mass,H1,Ideal,AK,Hlow,HYD200,HYD200,4,NA,8.5,200,1498.34044249,20627.6110986,3014.089556,114.00003770000001,123.4132941,441.9585882,2060.920235,291.8977299,1552.974204,7252.72215349,6594.715264189999
Mass,H1,Ideal,AK,Hlow,HYD200,HYD200,5,NA,8.5,200,1699.16684348,23754.053269,3014.089556,114.00003770000001,123.4132941,441.9585882,2060.920235,291.8977299,1552.974204,7453.548554479999,6795.54166518
Mass,H1,Ideal,AK,Hlow,HYD500,HYD500,3,NA,5,500,1177.25644295,18188.3728079,3044.349545,115.3761552,82.34313369,513.1703743,1922.834118,404.9955592,1556.261912,6855.329769139999,6380.582748039999
Mass,H1,Ideal,AK,Hlow,HYD500,HYD500,4,NA,5,500,1322.00433566,21103.745633,3044.349545,115.3761552,82.34313369,513.1703743,1922.834118,404.9955592,1556.261912,7000.0776618499995,6525.3306407499995
Mass,H1,Ideal,AK,Hlow,HYD500,HYD500,5,NA,5,500,1502.72677139,24038.3695,3044.349545,115.3761552,82.34313369,513.1703743,1922.834118,404.9955592,1556.261912,7180.80009758,6706.05307648
Mass,H1,Ideal,CH,Hhigh,HYD1000,HYD1000,3,NA,5,1000,1925.13232486,34999.857014,3473.707355,125.7400226,82.34313369,664.7044652,2093.459118,556.5296501,1726.886912,8365.08641935,7890.33939825
Mass,H1,Ideal,CH,Hhigh,HYD1000,HYD1000,4,NA,5,1000,2057.17611856,38156.66817,3473.707355,125.7400226,82.34313369,664.7044652,2093.459118,556.5296501,1726.886912,8497.13021305,8022.38319195
Mass,H1,Ideal,CH,Hhigh,HYD1000,HYD1000,5,NA,5,1000,2225.09860145,41300.182413,3473.707355,125.7400226,82.34313369,664.7044652,2093.459118,556.5296501,1726.886912,8665.052695940001,8190.30567484
Mass,H1,Ideal,CH,Hhigh,HYD200,HYD200,3,NA,11.2,200,2048.065123,30289.836775,3350.330783,121.69696629999999,162.8068235,499.7542941,2335.109824,329.1930324,1757.77129,8517.763813900001,7769.864018199999
Mass,H1,Ideal,CH,Hhigh,HYD200,HYD200,4,NA,11.2,200,2192.7377054,33136.513839,3350.330783,121.69696629999999,162.8068235,499.7542941,2335.109824,329.1930324,1757.77129,8662.4363963,7914.5366005999995
Mass,H1,Ideal,CH,Hhigh,HYD200,HYD200,5,NA,11.2,200,2364.6149872,36113.792162,3350.330783,121.69696629999999,162.8068235,499.7542941,2335.109824,329.1930324,1757.77129,8834.3136781,8086.413882399999
Mass,H1,Ideal,CH,Hhigh,HYD500,HYD500,3,NA,6,500,1893.40787523,31794.787624,3233.1139479999997,119.98466200000001,95.47431016,541.1856096,2127.980647,420.01844700000004,1717.837855,8011.1470519899995,7479.837097389999
Mass,H1,Ideal,CH,Hhigh,HYD500,HYD500,4,NA,6,500,2038.2817099000001,34886.894841,3233.1139479999997,119.98466200000001,95.47431016,541.1856096,2127.980647,420.01844700000004,1717.837855,8156.020886659999,7624.710932059999
Mass,H1,Ideal,CH,Hhigh,HYD500,HYD500,5,NA,6,500,2219.82695825,38094.956227,3233.1139479999997,119.98466200000001,95.47431016,541.1856096,2127.980647,420.01844700000004,1717.837855,8337.56613501,7806.25618041
Mass,H1,Ideal,CH,Hlow,HYD1000,HYD1000,3,NA,5,1000,2712.8619999000002,35025.744481,3473.707355,125.7400226,82.34313369,664.7044652,2093.459118,556.5296501,1726.886912,9152.816094390002,8678.06907329
Mass,H1,Ideal,CH,Hlow,HYD1000,HYD1000,4,NA,5,1000,2875.0686129,38187.388436,3473.707355,125.7400226,82.34313369,664.7044652,2093.459118,556.5296501,1726.886912,9315.02270739,8840.27568629
Mass,H1,Ideal,CH,Hlow,HYD1000,HYD1000,5,NA,5,1000,3073.7777206,41327.354226,3473.707355,125.7400226,82.34313369,664.7044652,2093.459118,556.5296501,1726.886912,9513.731815090001,9038.98479399
Mass,H1,Ideal,CH,Hlow,HYD200,HYD200,3,NA,11.2,200,2777.1010367999997,30294.502712999998,3350.330783,121.69696629999999,162.8068235,499.7542941,2335.109824,329.1930324,1757.77129,9246.7997277,8498.899932
Mass,H1,Ideal,CH,Hlow,HYD200,HYD200,4,NA,11.2,200,2949.1509452,33142.59944,3350.330783,121.69696629999999,162.8068235,499.7542941,2335.109824,329.1930324,1757.77129,9418.8496361,8670.9498404
Mass,H1,Ideal,CH,Hlow,HYD200,HYD200,5,NA,11.2,200,3140.0115044,36117.475901,3350.330783,121.69696629999999,162.8068235,499.7542941,2335.109824,329.1930324,1757.77129,9609.7101953,8861.8103996
Mass,H1,Ideal,CH,Hlow,HYD500,HYD500,3,NA,6,500,2616.345797,31803.337804,3233.1139479999997,119.98466200000001,95.47431016,541.1856096,2127.980647,420.01844700000004,1717.837855,8734.08497376,8202.77501916
Mass,H1,Ideal,CH,Hlow,HYD500,HYD500,4,NA,6,500,2788.5398895,34896.064339,3233.1139479999997,119.98466200000001,95.47431016,541.1856096,2127.980647,420.01844700000004,1717.837855,8906.27906626,8374.96911166
Mass,H1,Ideal,CH,Hlow,HYD500,HYD500,5,NA,6,500,2989.4410125,38104.182779,3233.1139479999997,119.98466200000001,95.47431016,541.1856096,2127.980647,420.01844700000004,1717.837855,9107.18018926,8575.87023466
Mass,H1,Real,AK,Hhigh,HYD1000,HYD1000,3,NA,5,1000,812.97607737,20173.297587600002,3358.681364,122.6757267,82.34313369,651.5794652,1922.834118,543.4046501,1556.261912,6951.089884960001,6476.342863860001
Mass,H1,Real,AK,Hhigh,HYD1000,HYD1000,4,NA,5,1000,918.6043501600001,23059.913846,3358.681364,122.6757267,82.34313369,651.5794652,1922.834118,543.4046501,1556.261912,7056.7181577500005,6581.9711366500005
Mass,H1,Real,AK,Hhigh,HYD1000,HYD1000,5,NA,5,1000,1058.56314947,25959.081076,3358.681364,122.6757267,82.34313369,651.5794652,1922.834118,543.4046501,1556.261912,7196.67695706,6721.929935960001
Mass,H1,Real,AK,Hhigh,HYD200,HYD200,3,NA,8.5,200,977.13395169,17558.0170186,3014.089556,114.00003770000001,123.4132941,441.9585882,2060.920235,291.8977299,1552.974204,6731.515662689999,6073.508773389999
Mass,H1,Real,AK,Hhigh,HYD200,HYD200,4,NA,8.5,200,1121.6702642999999,20552.5772577,3014.089556,114.00003770000001,123.4132941,441.9585882,2060.920235,291.8977299,1552.974204,6876.051975299999,6218.045085999999
Mass,H1,Real,AK,Hhigh,HYD200,HYD200,5,NA,8.5,200,1300.86624721,23677.757733,3014.089556,114.00003770000001,123.4132941,441.9585882,2060.920235,291.8977299,1552.974204,7055.247958209999,6397.241068909999
Mass,H1,Real,AK,Hhigh,HYD500,HYD500,3,NA,5,500,835.58912106,18115.9814304,3044.349545,115.3761552,82.34313369,513.1703743,1922.834118,404.9955592,1556.261912,6513.66244725,6038.91542615
Mass,H1,Real,AK,Hhigh,HYD500,HYD500,4,NA,5,500,957.62821763,21028.201402,3044.349545,115.3761552,82.34313369,513.1703743,1922.834118,404.9955592,1556.261912,6635.70154382,6160.95452272
Mass,H1,Real,AK,Hhigh,HYD500,HYD500,5,NA,5,500,1116.17495905,23961.043021,3044.349545,115.3761552,82.34313369,513.1703743,1922.834118,404.9955592,1556.261912,6794.24828524,6319.50126414
Mass,H1,Real,AK,Hlow,HYD1000,HYD1000,3,NA,5,1000,1156.8211708,20175.7872124,3358.681364,122.6757267,82.34313369,651.5794652,1922.834118,543.4046501,1556.261912,7294.934978390001,6820.187957290001
Mass,H1,Real,AK,Hlow,HYD1000,HYD1000,4,NA,5,1000,1279.64261995,23063.42963,3358.681364,122.6757267,82.34313369,651.5794652,1922.834118,543.4046501,1556.261912,7417.756427540001,6943.009406440001
Mass,H1,Real,AK,Hlow,HYD1000,HYD1000,5,NA,5,1000,1448.77131331,25964.034548,3358.681364,122.6757267,82.34313369,651.5794652,1922.834118,543.4046501,1556.261912,7586.885120900001,7112.138099800001
Mass,H1,Real,AK,Hlow,HYD200,HYD200,3,NA,8.5,200,1319.05041888,17558.7266027,3014.089556,114.00003770000001,123.4132941,441.9585882,2060.920235,291.8977299,1552.974204,7073.432129879999,6415.425240579999
Mass,H1,Real,AK,Hlow,HYD200,HYD200,4,NA,8.5,200,1488.2258711,20554.1366242,3014.089556,114.00003770000001,123.4132941,441.9585882,2060.920235,291.8977299,1552.974204,7242.6075820999995,6584.6006928
Mass,H1,Real,AK,Hlow,HYD200,HYD200,5,NA,8.5,200,1688.4575485,23678.01141,3014.089556,114.00003770000001,123.4132941,441.9585882,2060.920235,291.8977299,1552.974204,7442.839259499999,6784.832370199999
Mass,H1,Real,AK,Hlow,HYD500,HYD500,3,NA,5,500,1167.41512104,18117.2564714,3044.349545,115.3761552,82.34313369,513.1703743,1922.834118,404.9955592,1556.261912,6845.48844723,6370.74142613
Mass,H1,Real,AK,Hlow,HYD500,HYD500,4,NA,5,500,1311.02336863,21031.13925,3044.349545,115.3761552,82.34313369,513.1703743,1922.834118,404.9955592,1556.261912,6989.096694819999,6514.349673719999
Mass,H1,Real,AK,Hlow,HYD500,HYD500,5,NA,5,500,1491.48419596,23963.5709,3044.349545,115.3761552,82.34313369,513.1703743,1922.834118,404.9955592,1556.261912,7169.557522149999,6694.810501049999
Mass,H1,Real,CH,Hhigh,HYD1000,HYD1000,3,NA,5,1000,1823.51741051,33651.396500999996,3473.707355,125.7400226,82.34313369,664.7044652,2093.459118,556.5296501,1726.886912,8263.471505000001,7788.7244839
Mass,H1,Real,CH,Hhigh,HYD1000,HYD1000,4,NA,5,1000,1953.70178681,36771.81753,3473.707355,125.7400226,82.34313369,664.7044652,2093.459118,556.5296501,1726.886912,8393.655881300001,7918.9088602
Mass,H1,Real,CH,Hhigh,HYD1000,HYD1000,5,NA,5,1000,2121.69124675,39930.602494,3473.707355,125.7400226,82.34313369,664.7044652,2093.459118,556.5296501,1726.886912,8561.64534124,8086.898320140001
Mass,H1,Real,CH,Hhigh,HYD200,HYD200,3,NA,11.2,200,1954.7564468,28948.116431,3350.330783,121.69696629999999,162.8068235,499.7542941,2335.109824,329.1930324,1757.77129,8424.455137699999,7676.555341999999
Mass,H1,Real,CH,Hhigh,HYD200,HYD200,4,NA,11.2,200,2099.5206435,31793.215918,3350.330783,121.69696629999999,162.8068235,499.7542941,2335.109824,329.1930324,1757.77129,8569.2193344,7821.319538699999
Mass,H1,Real,CH,Hhigh,HYD200,HYD200,5,NA,11.2,200,2271.3585097,34767.930028,3350.330783,121.69696629999999,162.8068235,499.7542941,2335.109824,329.1930324,1757.77129,8741.0572006,7993.1574049
Mass,H1,Real,CH,Hhigh,HYD500,HYD500,3,NA,6,500,1811.68338486,30641.476352,3233.1139479999997,119.98466200000001,95.47431016,541.1856096,2127.980647,420.01844700000004,1717.837855,7929.42256162,7398.11260702
Mass,H1,Real,CH,Hhigh,HYD500,HYD500,4,NA,6,500,1957.1872867700001,33732.779673,3233.1139479999997,119.98466200000001,95.47431016,541.1856096,2127.980647,420.01844700000004,1717.837855,8074.926463529999,7543.616508929999
Mass,H1,Real,CH,Hhigh,HYD500,HYD500,5,NA,6,500,2138.9338269,36941.892806,3233.1139479999997,119.98466200000001,95.47431016,541.1856096,2127.980647,420.01844700000004,1717.837855,8256.67300366,7725.36304906
Mass,H1,Real,CH,Hlow,HYD1000,HYD1000,3,NA,5,1000,2545.274578,33674.872854,3473.707355,125.7400226,82.34313369,664.7044652,2093.459118,556.5296501,1726.886912,8985.22867249,8510.48165139
Mass,H1,Real,CH,Hlow,HYD1000,HYD1000,4,NA,5,1000,2702.3626479,36800.762383,3473.707355,125.7400226,82.34313369,664.7044652,2093.459118,556.5296501,1726.886912,9142.316742390001,8667.569721290001
Mass,H1,Real,CH,Hlow,HYD1000,HYD1000,5,NA,5,1000,2903.3885431999997,39956.905178,3473.707355,125.7400226,82.34313369,664.7044652,2093.459118,556.5296501,1726.886912,9343.34263769,8868.595616589999
Mass,H1,Real,CH,Hlow,HYD200,HYD200,3,NA,11.2,200,2616.2453044,28952.104311,3350.330783,121.69696629999999,162.8068235,499.7542941,2335.109824,329.1930324,1757.77129,9085.9439953,8338.0441996
Mass,H1,Real,CH,Hlow,HYD200,HYD200,4,NA,11.2,200,2788.1156507,31796.689618,3350.330783,121.69696629999999,162.8068235,499.7542941,2335.109824,329.1930324,1757.77129,9257.8143416,8509.914545900001
Mass,H1,Real,CH,Hlow,HYD200,HYD200,5,NA,11.2,200,2980.1611482,34772.903851,3350.330783,121.69696629999999,162.8068235,499.7542941,2335.109824,329.1930324,1757.77129,9449.859839100001,8701.9600434
Mass,H1,Real,CH,Hlow,HYD500,HYD500,3,NA,6,500,2477.1378247,30650.498704,3233.1139479999997,119.98466200000001,95.47431016,541.1856096,2127.980647,420.01844700000004,1717.837855,8594.87700146,8063.567046859999
Mass,H1,Real,CH,Hlow,HYD500,HYD500,4,NA,6,500,2649.3068093,33744.335433,3233.1139479999997,119.98466200000001,95.47431016,541.1856096,2127.980647,420.01844700000004,1717.837855,8767.04598606,8235.736031460001
Mass,H1,Real,CH,Hlow,HYD500,HYD500,5,NA,6,500,2851.2314757,36951.61543,3233.1139479999997,119.98466200000001,95.47431016,541.1856096,2127.980647,420.01844700000004,1717.837855,8968.970652459999,8437.66069786
Mass,Nom,Ideal,AK,Hhigh,HYD1000,HYD1000,3,NA,6,1000,1840.63042404,34541.282131,3647.361372,130.3485295,95.47431016,713.7197005,2382.605647,592.5525379,1972.462855,8810.139983199999,8278.8300286
Mass,Nom,Ideal,AK,Hhigh,HYD1000,HYD1000,4,NA,6,1000,1953.24236342,37326.313018,3647.361372,130.3485295,95.47431016,713.7197005,2382.605647,592.5525379,1972.462855,8922.751922579999,8391.44196798
Mass,Nom,Ideal,AK,Hhigh,HYD1000,HYD1000,5,NA,6,1000,2112.1521039,40223.283028,3647.361372,130.3485295,95.47431016,713.7197005,2382.605647,592.5525379,1972.462855,9081.661663059998,8550.351708459999
Mass,Nom,Ideal,AK,Hhigh,HYD200,HYD200,3,NA,11.2,200,1794.60554193,28120.643523000002,3450.246388,124.7612623,162.8068235,533.8792941,2589.734824,363.3180324,2012.39629,8656.034133830002,7908.13433813
Mass,Nom,Ideal,AK,Hhigh,HYD200,HYD200,4,NA,11.2,200,1911.2567579,30538.110389,3450.246388,124.7612623,162.8068235,533.8792941,2589.734824,363.3180324,2012.39629,8772.685349800002,8024.7855541
Mass,Nom,Ideal,AK,Hhigh,HYD200,HYD200,5,NA,11.2,200,2056.19332935,33080.64423,3450.246388,124.7612623,162.8068235,533.8792941,2589.734824,363.3180324,2012.39629,8917.62192125,8169.72212555
Mass,Nom,Ideal,AK,Hhigh,HYD500,HYD500,3,NA,8.5,500,2002.15708355,34422.256435999996,3554.244789,127.6815907,134.8678396,619.9813155,2486.170235,469.9204571,1978.224204,8925.10285335,8267.09596395
Mass,Nom,Ideal,AK,Hhigh,HYD500,HYD500,4,NA,8.5,500,2136.95128955,37390.659139,3554.244789,127.6815907,134.8678396,619.9813155,2486.170235,469.9204571,1978.224204,9059.89705935,8401.890169949998
Mass,Nom,Ideal,AK,Hhigh,HYD500,HYD500,5,NA,8.5,500,2309.7135902,40501.415232,3554.244789,127.6815907,134.8678396,619.9813155,2486.170235,469.9204571,1978.224204,9232.65936,8574.652470599998
Mass,Nom,Ideal,AK,Hlow,HYD1000,HYD1000,3,NA,6,1000,2732.7230393,34543.834840999996,3647.361372,130.3485295,95.47431016,713.7197005,2382.605647,592.5525379,1972.462855,9702.23259846,9170.92264386
Mass,Nom,Ideal,AK,Hlow,HYD1000,HYD1000,4,NA,6,1000,2874.5102914999998,37330.037542,3647.361372,130.3485295,95.47431016,713.7197005,2382.605647,592.5525379,1972.462855,9844.019850659999,9312.70989606
Mass,Nom,Ideal,AK,Hlow,HYD1000,HYD1000,5,NA,6,1000,3060.4345845,40227.794416000004,3647.361372,130.3485295,95.47431016,713.7197005,2382.605647,592.5525379,1972.462855,10029.94414366,9498.63418906
Mass,Nom,Ideal,AK,Hlow,HYD200,HYD200,3,NA,11.2,200,2562.8876337,28121.270989,3450.246388,124.7612623,162.8068235,533.8792941,2589.734824,363.3180324,2012.39629,9424.3162256,8676.4164299
Mass,Nom,Ideal,AK,Hlow,HYD200,HYD200,4,NA,11.2,200,2699.6432396,30539.124531,3450.246388,124.7612623,162.8068235,533.8792941,2589.734824,363.3180324,2012.39629,9561.071831500001,8813.1720358
Mass,Nom,Ideal,AK,Hlow,HYD200,HYD200,5,NA,11.2,200,2864.8959194999998,33081.247979,3450.246388,124.7612623,162.8068235,533.8792941,2589.734824,363.3180324,2012.39629,9726.324511400002,8978.4247157
Mass,Nom,Ideal,AK,Hlow,HYD500,HYD500,3,NA,8.5,500,2909.2059605,34423.731062,3554.244789,127.6815907,134.8678396,619.9813155,2486.170235,469.9204571,1978.224204,9832.1517303,9174.1448409
Mass,Nom,Ideal,AK,Hlow,HYD500,HYD500,4,NA,8.5,500,3069.9149465,37393.275462,3554.244789,127.6815907,134.8678396,619.9813155,2486.170235,469.9204571,1978.224204,9992.8607163,9334.853826899998
Mass,Nom,Ideal,AK,Hlow,HYD500,HYD500,5,NA,8.5,500,3267.5670286,40503.742679,3554.244789,127.6815907,134.8678396,619.9813155,2486.170235,469.9204571,1978.224204,10190.5127984,9532.505909
Mass,Nom,Ideal,CH,Hhigh,HYD1000,HYD1000,3,NA,11.2,1000,4847.5813295,74865.71435,4406.770127,147.2745348,174.261369,866.0611122999999,3131.7973240000006,695.4998506000001,2554.45879,13573.745796600002,12825.846000900001
Mass,Nom,Ideal,CH,Hhigh,HYD1000,HYD1000,4,NA,11.2,1000,4988.130037700001,77738.398705,4406.770127,147.2745348,174.261369,866.0611122999999,3131.7973240000006,695.4998506000001,2554.45879,13714.294504800002,12966.394709100001
Mass,Nom,Ideal,CH,Hhigh,HYD1000,HYD1000,5,NA,11.2,1000,5161.090864,80768.249873,4406.770127,147.2745348,174.261369,866.0611122999999,3131.7973240000006,695.4998506000001,2554.45879,13887.255331100001,13139.3555354
Mass,Nom,Ideal,CH,Hhigh,HYD200,HYD200,3,NA,14,200,4844.4117429,70750.375198,3914.701496,135.5104239,189.0691765,626.6597647,3200.840382,445.1136297,2586.318783,12911.192985999998,12115.125251999998
Mass,Nom,Ideal,CH,Hhigh,HYD200,HYD200,4,NA,14,200,4989.0141274,73677.123564,3914.701496,135.5104239,189.0691765,626.6597647,3200.840382,445.1136297,2586.318783,13055.795370499998,12259.727636499998
Mass,Nom,Ideal,CH,Hhigh,HYD200,HYD200,5,NA,14,200,5165.0275045,76754.049315,3914.701496,135.5104239,189.0691765,626.6597647,3200.840382,445.1136297,2586.318783,13231.808747599998,12435.741013599998
Mass,Nom,Ideal,CH,Hhigh,HYD500,HYD500,3,NA,14,500,4779.2158142,72186.853359,4239.915132,143.0633851,200.5237219,757.432492,3200.840382,575.886357,2586.318783,13320.990927199999,12524.923193199998
Mass,Nom,Ideal,CH,Hhigh,HYD500,HYD500,4,NA,14,500,4927.4672630000005,75132.80037,4239.915132,143.0633851,200.5237219,757.432492,3200.840382,575.886357,2586.318783,13469.242376,12673.174642
Mass,Nom,Ideal,CH,Hhigh,HYD500,HYD500,5,NA,14,500,5106.9178699,78261.769834,4239.915132,143.0633851,200.5237219,757.432492,3200.840382,575.886357,2586.318783,13648.6929829,12852.6252489
Mass,Nom,Ideal,CH,Hlow,HYD1000,HYD1000,3,NA,11.2,1000,6690.8050095,74886.86751899999,4406.770127,147.2745348,174.261369,866.0611122999999,3131.7973240000006,695.4998506000001,2554.45879,15416.969476600001,14669.0696809
Mass,Nom,Ideal,CH,Hlow,HYD1000,HYD1000,4,NA,11.2,1000,6864.7231408,77766.230959,4406.770127,147.2745348,174.261369,866.0611122999999,3131.7973240000006,695.4998506000001,2554.45879,15590.887607900002,14842.987812200001
Mass,Nom,Ideal,CH,Hlow,HYD1000,HYD1000,5,NA,11.2,1000,7061.1085701,80795.89920500001,4406.770127,147.2745348,174.261369,866.0611122999999,3131.7973240000006,695.4998506000001,2554.45879,15787.273037200002,15039.373241500001
Mass,Nom,Ideal,CH,Hlow,HYD200,HYD200,3,NA,14,200,6542.786411,70753.885675,3914.701496,135.5104239,189.0691765,626.6597647,3200.840382,445.1136297,2586.318783,14609.5676541,13813.4999201
Mass,Nom,Ideal,CH,Hlow,HYD200,HYD200,4,NA,14,200,6711.369256499999,73680.774605,3914.701496,135.5104239,189.0691765,626.6597647,3200.840382,445.1136297,2586.318783,14778.150499599999,13982.082765599998
Mass,Nom,Ideal,CH,Hlow,HYD200,HYD200,5,NA,14,200,6908.9928809,76756.499441,3914.701496,135.5104239,189.0691765,626.6597647,3200.840382,445.1136297,2586.318783,14975.774124,14179.70639
Mass,Nom,Ideal,CH,Hlow,HYD500,HYD500,3,NA,14,500,6511.2755573,72197.317783,4239.915132,143.0633851,200.5237219,757.432492,3200.840382,575.886357,2586.318783,15053.050670300001,14256.9829363
Mass,Nom,Ideal,CH,Hlow,HYD500,HYD500,4,NA,14,500,6685.3196909,75146.66442,4239.915132,143.0633851,200.5237219,757.432492,3200.840382,575.886357,2586.318783,15227.0948039,14431.0270699
Mass,Nom,Ideal,CH,Hlow,HYD500,HYD500,5,NA,14,500,6887.4323905,78274.062221,4239.915132,143.0633851,200.5237219,757.432492,3200.840382,575.886357,2586.318783,15429.2075035,14633.1397695
Mass,Nom,Real,AK,Hhigh,HYD1000,HYD1000,3,NA,6,1000,1677.77944189,32160.809036,3647.361372,130.3485295,95.47431016,713.7197005,2382.605647,592.5525379,1972.462855,8647.28900105,8115.979046449999
Mass,Nom,Real,AK,Hhigh,HYD1000,HYD1000,4,NA,6,1000,1788.56731179,34934.445198,3647.361372,130.3485295,95.47431016,713.7197005,2382.605647,592.5525379,1972.462855,8758.076870949999,8226.76691635
Mass,Nom,Real,AK,Hhigh,HYD1000,HYD1000,5,NA,6,1000,1947.1381916999999,37829.344023,3647.361372,130.3485295,95.47431016,713.7197005,2382.605647,592.5525379,1972.462855,8916.647750859998,8385.337796259999
Mass,Nom,Real,AK,Hhigh,HYD200,HYD200,3,NA,11.2,200,1644.49764215,25827.851711,3450.246388,124.7612623,162.8068235,533.8792941,2589.734824,363.3180324,2012.39629,8505.926234049999,7758.026438349999
Mass,Nom,Real,AK,Hhigh,HYD200,HYD200,4,NA,11.2,200,1761.8285253200002,28245.017793,3450.246388,124.7612623,162.8068235,533.8792941,2589.734824,363.3180324,2012.39629,8623.25711722,7875.35732152
Mass,Nom,Real,AK,Hhigh,HYD200,HYD200,5,NA,11.2,200,1907.5081260499999,30788.969579999997,3450.246388,124.7612623,162.8068235,533.8792941,2589.734824,363.3180324,2012.39629,8768.93671795,8021.0369222499985
Mass,Nom,Real,AK,Hhigh,HYD500,HYD500,3,NA,8.5,500,1838.9245088,31939.725426,3554.244789,127.6815907,134.8678396,619.9813155,2486.170235,469.9204571,1978.224204,8761.8702786,8103.8633892
Mass,Nom,Real,AK,Hhigh,HYD500,HYD500,4,NA,8.5,500,1974.5820414999998,34905.725069,3554.244789,127.6815907,134.8678396,619.9813155,2486.170235,469.9204571,1978.224204,8897.5278113,8239.520921899999
Mass,Nom,Real,AK,Hhigh,HYD500,HYD500,5,NA,8.5,500,2146.73098235,38013.612171,3554.244789,127.6815907,134.8678396,619.9813155,2486.170235,469.9204571,1978.224204,9069.67675215,8411.66986275
Mass,Nom,Real,AK,Hlow,HYD1000,HYD1000,3,NA,6,1000,2442.1926678,32162.949712,3647.361372,130.3485295,95.47431016,713.7197005,2382.605647,592.5525379,1972.462855,9411.702226959998,8880.392272359999
Mass,Nom,Real,AK,Hlow,HYD1000,HYD1000,4,NA,6,1000,2578.787521,34937.875475,3647.361372,130.3485295,95.47431016,713.7197005,2382.605647,592.5525379,1972.462855,9548.297080159999,9016.98712556
Mass,Nom,Real,AK,Hlow,HYD1000,HYD1000,5,NA,6,1000,2765.7202001,37833.140714,3647.361372,130.3485295,95.47431016,713.7197005,2382.605647,592.5525379,1972.462855,9735.229759259999,9203.91980466
Mass,Nom,Real,AK,Hlow,HYD200,HYD200,3,NA,11.2,200,2293.9136163000003,25828.520727000003,3450.246388,124.7612623,162.8068235,533.8792941,2589.734824,363.3180324,2012.39629,9155.3422082,8407.4424125
Mass,Nom,Real,AK,Hlow,HYD200,HYD200,4,NA,11.2,200,2431.4057041,28245.72858,3450.246388,124.7612623,162.8068235,533.8792941,2589.734824,363.3180324,2012.39629,9292.834296,8544.9345003
Mass,Nom,Real,AK,Hlow,HYD200,HYD200,5,NA,11.2,200,2597.4338495,30789.676636,3450.246388,124.7612623,162.8068235,533.8792941,2589.734824,363.3180324,2012.39629,9458.8624414,8710.962645700001
Mass,Nom,Real,AK,Hlow,HYD500,HYD500,3,NA,8.5,500,2617.6115163,31940.82102,3554.244789,127.6815907,134.8678396,619.9813155,2486.170235,469.9204571,1978.224204,9540.5572861,8882.5503967
Mass,Nom,Real,AK,Hlow,HYD500,HYD500,4,NA,8.5,500,2778.4950203999997,34908.089938,3554.244789,127.6815907,134.8678396,619.9813155,2486.170235,469.9204571,1978.224204,9701.4407902,9043.433900799999
Mass,Nom,Real,AK,Hlow,HYD500,HYD500,5,NA,8.5,500,2975.582454,38015.276145,3554.244789,127.6815907,134.8678396,619.9813155,2486.170235,469.9204571,1978.224204,9898.5282238,9240.5213344
Mass,Nom,Real,CH,Hhigh,HYD1000,HYD1000,3,NA,11.2,1000,4002.0402309,62699.233564,4406.770127,147.2745348,174.261369,866.0611122999999,3131.7973240000006,695.4998506000001,2554.45879,12728.204698000001,11980.3049023
Mass,Nom,Real,CH,Hhigh,HYD1000,HYD1000,4,NA,11.2,1000,4144.8511352000005,65555.600376,4406.770127,147.2745348,174.261369,866.0611122999999,3131.7973240000006,695.4998506000001,2554.45879,12871.015602300002,12123.1158066
Mass,Nom,Real,CH,Hhigh,HYD1000,HYD1000,5,NA,11.2,1000,4317.290704,68572.575606,4406.770127,147.2745348,174.261369,866.0611122999999,3131.7973240000006,695.4998506000001,2554.45879,13043.4551711,12295.5553754
Mass,Nom,Real,CH,Hhigh,HYD200,HYD200,3,NA,14,200,4081.1286622,59449.604938,3914.701496,135.5104239,189.0691765,626.6597647,3200.840382,445.1136297,2586.318783,12147.9099053,11351.8421713
Mass,Nom,Real,CH,Hhigh,HYD200,HYD200,4,NA,14,200,4226.8350782,62377.819169,3914.701496,135.5104239,189.0691765,626.6597647,3200.840382,445.1136297,2586.318783,12293.616321299998,11497.548587299998
Mass,Nom,Real,CH,Hhigh,HYD200,HYD200,5,NA,14,200,4403.1395922,65455.762286,3914.701496,135.5104239,189.0691765,626.6597647,3200.840382,445.1136297,2586.318783,12469.9208353,11673.8531013
Mass,Nom,Real,CH,Hhigh,HYD500,HYD500,3,NA,14,500,4014.9805425,60938.113568,4239.915132,143.0633851,200.5237219,757.432492,3200.840382,575.886357,2586.318783,12556.7556555,11760.687921499999
Mass,Nom,Real,CH,Hhigh,HYD500,HYD500,4,NA,14,500,4162.4282395,63867.861039,4239.915132,143.0633851,200.5237219,757.432492,3200.840382,575.886357,2586.318783,12704.203352499999,11908.135618499999
Mass,Nom,Real,CH,Hhigh,HYD500,HYD500,5,NA,14,500,4341.9113876,66979.512581,4239.915132,143.0633851,200.5237219,757.432492,3200.840382,575.886357,2586.318783,12883.686500599999,12087.618766599999
Mass,Nom,Real,CH,Hlow,HYD1000,HYD1000,3,NA,11.2,1000,5426.2942877,62726.307304999995,4406.770127,147.2745348,174.261369,866.0611122999999,3131.7973240000006,695.4998506000001,2554.45879,14152.4587548,13404.558959099999
Mass,Nom,Real,CH,Hlow,HYD1000,HYD1000,4,NA,11.2,1000,5598.4687541,65585.31688299999,4406.770127,147.2745348,174.261369,866.0611122999999,3131.7973240000006,695.4998506000001,2554.45879,14324.633221200002,13576.7334255
Mass,Nom,Real,CH,Hlow,HYD1000,HYD1000,5,NA,11.2,1000,5797.3438191,68599.67379,4406.770127,147.2745348,174.261369,866.0611122999999,3131.7973240000006,695.4998506000001,2554.45879,14523.5082862,13775.608490499999
Mass,Nom,Real,CH,Hlow,HYD200,HYD200,3,NA,14,200,5385.0308214,59452.300339,3914.701496,135.5104239,189.0691765,626.6597647,3200.840382,445.1136297,2586.318783,13451.812064499998,12655.744330499998
Mass,Nom,Real,CH,Hlow,HYD200,HYD200,4,NA,14,200,5555.5678055,62383.712906,3914.701496,135.5104239,189.0691765,626.6597647,3200.840382,445.1136297,2586.318783,13622.3490486,12826.281314599999
Mass,Nom,Real,CH,Hlow,HYD200,HYD200,5,NA,14,200,5753.861556,65458.026465,3914.701496,135.5104239,189.0691765,626.6597647,3200.840382,445.1136297,2586.318783,13820.642799099998,13024.575065099998
Mass,Nom,Real,CH,Hlow,HYD500,HYD500,3,NA,14,500,5359.6933141,60948.533519,4239.915132,143.0633851,200.5237219,757.432492,3200.840382,575.886357,2586.318783,13901.468427099999,13105.400693099999
Mass,Nom,Real,CH,Hlow,HYD500,HYD500,4,NA,14,500,5530.996558,63878.953087,4239.915132,143.0633851,200.5237219,757.432492,3200.840382,575.886357,2586.318783,14072.771671,13276.703937
Mass,Nom,Real,CH,Hlow,HYD500,HYD500,5,NA,14,500,5733.5312539,66991.02569,4239.915132,143.0633851,200.5237219,757.432492,3200.840382,575.886357,2586.318783,14275.306366899998,13479.238632899998
Mod,H1,Ideal,AK,Hhigh,HYD1000,HYD1000,3,NA,5,1000,1661.97233479,32817.04914,3804.902233,133.7870649,98.61813368999998,697.5169652,2299.521618,589.3421501,1932.949412,8696.31834958,8221.57132848
Mod,H1,Ideal,AK,Hhigh,HYD1000,HYD1000,4,NA,5,1000,1776.19131227,35716.48137,3804.902233,133.7870649,98.61813368999998,697.5169652,2299.521618,589.3421501,1932.949412,8810.53732706,8335.79030596
Mod,H1,Ideal,AK,Hhigh,HYD1000,HYD1000,5,NA,5,1000,1928.75805971,38629.67134,3804.902233,133.7870649,98.61813368999998,697.5169652,2299.521618,589.3421501,1932.949412,8963.1040745,8488.3570534
Mod,H1,Ideal,AK,Hhigh,HYD200,HYD200,3,NA,8.5,200,1920.16500865,31327.342297,3460.310425,125.1113759,139.6882941,487.8960882,2437.607735,337.8352299,1929.661704,8570.77892685,7912.77203755
Mod,H1,Ideal,AK,Hhigh,HYD200,HYD200,4,NA,8.5,200,2062.17676765,34318.549943,3460.310425,125.1113759,139.6882941,487.8960882,2437.607735,337.8352299,1929.661704,8712.790685850001,8054.78379655
Mod,H1,Ideal,AK,Hhigh,HYD200,HYD200,5,NA,8.5,200,2239.7309032499998,37439.495215,3460.310425,125.1113759,139.6882941,487.8960882,2437.607735,337.8352299,1929.661704,8890.34482145,8232.33793215
Mod,H1,Ideal,AK,Hhigh,HYD500,HYD500,3,NA,6,500,1757.39776257,31133.878059,3564.308826,128.0317043,111.7493102,573.9981096,2334.043147,452.83094700000004,1923.900355,8469.52885967,7938.218905069999
Mod,H1,Ideal,AK,Hhigh,HYD500,HYD500,4,NA,6,500,1883.15009911,33927.882564,3564.308826,128.0317043,111.7493102,573.9981096,2334.043147,452.83094700000004,1923.900355,8595.28119621,8063.97124161
Mod,H1,Ideal,AK,Hhigh,HYD500,HYD500,5,NA,6,500,2046.0222854,36869.016902,3564.308826,128.0317043,111.7493102,573.9981096,2334.043147,452.83094700000004,1923.900355,8758.1533825,8226.843427900001
Mod,H1,Ideal,AK,Hlow,HYD1000,HYD1000,3,NA,5,1000,2601.7908442,32819.77754,3804.902233,133.7870649,98.61813368999998,697.5169652,2299.521618,589.3421501,1932.949412,9636.13685899,9161.38983789
Mod,H1,Ideal,AK,Hlow,HYD1000,HYD1000,4,NA,5,1000,2739.8152247,35720.745154000004,3804.902233,133.7870649,98.61813368999998,697.5169652,2299.521618,589.3421501,1932.949412,9774.16123949,9299.41421839
Mod,H1,Ideal,AK,Hlow,HYD1000,HYD1000,5,NA,5,1000,2920.302869,38633.802335,3804.902233,133.7870649,98.61813368999998,697.5169652,2299.521618,589.3421501,1932.949412,9954.64888379,9479.90186269
Mod,H1,Ideal,AK,Hlow,HYD200,HYD200,3,NA,8.5,200,2894.2949829,31328.268317000002,3460.310425,125.1113759,139.6882941,487.8960882,2437.607735,337.8352299,1929.661704,9544.908901100001,8886.9020118
Mod,H1,Ideal,AK,Hlow,HYD200,HYD200,4,NA,8.5,200,3059.5866606,34318.24531,3460.310425,125.1113759,139.6882941,487.8960882,2437.607735,337.8352299,1929.661704,9710.2005788,9052.1936895
Mod,H1,Ideal,AK,Hlow,HYD200,HYD200,5,NA,8.5,200,3259.6986923,37439.500491,3460.310425,125.1113759,139.6882941,487.8960882,2437.607735,337.8352299,1929.661704,9910.312610500001,9252.3057212
Mod,H1,Ideal,AK,Hlow,HYD500,HYD500,3,NA,6,500,2722.1964758,31135.662976,3564.308826,128.0317043,111.7493102,573.9981096,2334.043147,452.83094700000004,1923.900355,9434.3275729,8903.0176183
Mod,H1,Ideal,AK,Hlow,HYD500,HYD500,4,NA,6,500,2872.8083163,33930.145157,3564.308826,128.0317043,111.7493102,573.9981096,2334.043147,452.83094700000004,1923.900355,9584.9394134,9053.6294588
Mod,H1,Ideal,AK,Hlow,HYD500,HYD500,5,NA,6,500,3058.6594379,36870.257653,3564.308826,128.0317043,111.7493102,573.9981096,2334.043147,452.83094700000004,1923.900355,9770.790535,9239.4805804
Mod,H1,Ideal,CH,Hhigh,HYD1000,HYD1000,3,NA,8.5,1000,5811.9767522,92040.644078,4348.180621,146.0925004,151.1428396,800.3904064,2857.607735,650.3295481,2349.661704,14115.390854599998,13457.3839653
Mod,H1,Ideal,CH,Hhigh,HYD1000,HYD1000,4,NA,8.5,1000,5960.7427313,95278.870873,4348.180621,146.0925004,151.1428396,800.3904064,2857.607735,650.3295481,2349.661704,14264.156833699999,13606.1499444
Mod,H1,Ideal,CH,Hhigh,HYD1000,HYD1000,5,NA,8.5,1000,6152.7887483,98650.035771,4348.180621,146.0925004,151.1428396,800.3904064,2857.607735,650.3295481,2349.661704,14456.2028507,13798.1959614
Mod,H1,Ideal,CH,Hhigh,HYD200,HYD200,3,NA,11.2,200,5795.200712,83986.876,3929.850402,135.8726005,179.08182350000004,575.8792941,2961.1723240000006,405.3180324,2383.83379,13577.057156100002,12829.157360400002
Mod,H1,Ideal,CH,Hhigh,HYD200,HYD200,4,NA,11.2,200,5939.8626582,86828.980799,3929.850402,135.8726005,179.08182350000004,575.8792941,2961.1723240000006,405.3180324,2383.83379,13721.719102300001,12973.819306600002
Mod,H1,Ideal,CH,Hhigh,HYD200,HYD200,5,NA,11.2,200,6110.1427083,89789.744378,3929.850402,135.8726005,179.08182350000004,575.8792941,2961.1723240000006,405.3180324,2383.83379,13891.999152400002,13144.099356700002
Mod,H1,Ideal,CH,Hhigh,HYD500,HYD500,3,NA,8.5,500,5872.6662577,89671.517444,4033.848803,138.7929289,151.1428396,661.9813155,2857.607735,511.9204571,2349.661704,13716.039879699998,13058.0329903
Mod,H1,Ideal,CH,Hhigh,HYD500,HYD500,4,NA,8.5,500,6032.2475408,92953.201762,4033.848803,138.7929289,151.1428396,661.9813155,2857.607735,511.9204571,2349.661704,13875.621162799998,13217.6142734
Mod,H1,Ideal,CH,Hhigh,HYD500,HYD500,5,NA,8.5,500,6226.8163702,96355.012525,4033.848803,138.7929289,151.1428396,661.9813155,2857.607735,511.9204571,2349.661704,14070.189992199998,13412.1831028
Mod,H1,Ideal,CH,Hlow,HYD1000,HYD1000,3,NA,8.5,1000,8565.5895718,92054.39490700001,4348.180621,146.0925004,151.1428396,800.3904064,2857.607735,650.3295481,2349.661704,16869.003674199997,16210.996784899999
Mod,H1,Ideal,CH,Hlow,HYD1000,HYD1000,4,NA,8.5,1000,8740.985192,95292.60898599999,4348.180621,146.0925004,151.1428396,800.3904064,2857.607735,650.3295481,2349.661704,17044.3992944,16386.3924051
Mod,H1,Ideal,CH,Hlow,HYD1000,HYD1000,5,NA,8.5,1000,8958.1503297,98662.343659,4348.180621,146.0925004,151.1428396,800.3904064,2857.607735,650.3295481,2349.661704,17261.5644321,16603.5575428
Mod,H1,Ideal,CH,Hlow,HYD200,HYD200,3,NA,11.2,200,8418.2126144,83990.586783,3929.850402,135.8726005,179.08182350000004,575.8792941,2961.1723240000006,405.3180324,2383.83379,16200.069058500001,15452.169262800002
Mod,H1,Ideal,CH,Hlow,HYD200,HYD200,4,NA,11.2,200,8589.3053073,86830.838161,3929.850402,135.8726005,179.08182350000004,575.8792941,2961.1723240000006,405.3180324,2383.83379,16371.1617514,15623.261955700002
Mod,H1,Ideal,CH,Hlow,HYD200,HYD200,5,NA,11.2,200,8779.4992386,89793.225466,3929.850402,135.8726005,179.08182350000004,575.8792941,2961.1723240000006,405.3180324,2383.83379,16561.3556827,15813.455887000002
Mod,H1,Ideal,CH,Hlow,HYD500,HYD500,3,NA,8.5,500,8570.7470719,89677.630777,4033.848803,138.7929289,151.1428396,661.9813155,2857.607735,511.9204571,2349.661704,16414.120693899997,15756.113804499999
Mod,H1,Ideal,CH,Hlow,HYD500,HYD500,4,NA,8.5,500,8756.1836398,92958.79024,4033.848803,138.7929289,151.1428396,661.9813155,2857.607735,511.9204571,2349.661704,16599.557261799997,15941.5503724
Mod,H1,Ideal,CH,Hlow,HYD500,HYD500,5,NA,8.5,500,8970.1081068,96361.762698,4033.848803,138.7929289,151.1428396,661.9813155,2857.607735,511.9204571,2349.661704,16813.481728799998,16155.4748394
Mod,H1,Real,AK,Hhigh,HYD1000,HYD1000,3,NA,5,1000,1621.81669222,32204.966485,3804.902233,133.7870649,98.61813368999998,697.5169652,2299.521618,589.3421501,1932.949412,8656.16270701,8181.415685909999
Mod,H1,Real,AK,Hhigh,HYD1000,HYD1000,4,NA,5,1000,1736.15702868,35102.698496,3804.902233,133.7870649,98.61813368999998,697.5169652,2299.521618,589.3421501,1932.949412,8770.50304347,8295.756022369998
Mod,H1,Real,AK,Hhigh,HYD1000,HYD1000,5,NA,5,1000,1888.68207976,38015.309273,3804.902233,133.7870649,98.61813368999998,697.5169652,2299.521618,589.3421501,1932.949412,8923.02809455,8448.28107345
Mod,H1,Real,AK,Hhigh,HYD200,HYD200,3,NA,8.5,200,1881.52254626,30682.07844,3460.310425,125.1113759,139.6882941,487.8960882,2437.607735,337.8352299,1929.661704,8532.13646446,7874.12957516
Mod,H1,Real,AK,Hhigh,HYD200,HYD200,4,NA,8.5,200,2023.7755258,33673.036489,3460.310425,125.1113759,139.6882941,487.8960882,2437.607735,337.8352299,1929.661704,8674.389444,8016.382554700001
Mod,H1,Real,AK,Hhigh,HYD200,HYD200,5,NA,8.5,200,2201.216023,36790.498665,3460.310425,125.1113759,139.6882941,487.8960882,2437.607735,337.8352299,1929.661704,8851.829941200001,8193.8230519
Mod,H1,Real,AK,Hhigh,HYD500,HYD500,3,NA,6,500,1719.9267008499999,30517.869418,3564.308826,128.0317043,111.7493102,573.9981096,2334.043147,452.83094700000004,1923.900355,8432.05779795,7900.747843349999
Mod,H1,Real,AK,Hhigh,HYD500,HYD500,4,NA,6,500,1845.99954146,33312.198597,3564.308826,128.0317043,111.7493102,573.9981096,2334.043147,452.83094700000004,1923.900355,8558.13063856,8026.82068396
Mod,H1,Real,AK,Hhigh,HYD500,HYD500,5,NA,6,500,2008.5424293,36253.068118,3564.308826,128.0317043,111.7493102,573.9981096,2334.043147,452.83094700000004,1923.900355,8720.6735264,8189.3635718
Mod,H1,Real,AK,Hlow,HYD1000,HYD1000,3,NA,5,1000,2515.2770676,32208.13218,3804.902233,133.7870649,98.61813368999998,697.5169652,2299.521618,589.3421501,1932.949412,9549.62308239,9074.87606129
Mod,H1,Real,AK,Hlow,HYD1000,HYD1000,4,NA,5,1000,2652.0640966,35106.592479,3804.902233,133.7870649,98.61813368999998,697.5169652,2299.521618,589.3421501,1932.949412,9686.41011139,9211.66309029
Mod,H1,Real,AK,Hlow,HYD1000,HYD1000,5,NA,5,1000,2833.2341665,38019.201171,3804.902233,133.7870649,98.61813368999998,697.5169652,2299.521618,589.3421501,1932.949412,9867.580181289999,9392.833160189999
Mod,H1,Real,AK,Hlow,HYD200,HYD200,3,NA,8.5,200,2805.9835895,30681.798727,3460.310425,125.1113759,139.6882941,487.8960882,2437.607735,337.8352299,1929.661704,9456.5975077,8798.590618400001
Mod,H1,Real,AK,Hlow,HYD200,HYD200,4,NA,8.5,200,2973.4757558,33673.362498999995,3460.310425,125.1113759,139.6882941,487.8960882,2437.607735,337.8352299,1929.661704,9624.089674,8966.0827847
Mod,H1,Real,AK,Hlow,HYD200,HYD200,5,NA,8.5,200,3172.2613541,36791.945364,3460.310425,125.1113759,139.6882941,487.8960882,2437.607735,337.8352299,1929.661704,9822.875272300002,9164.868383
Mod,H1,Real,AK,Hlow,HYD500,HYD500,3,NA,6,500,2638.3921246,30519.690424,3564.308826,128.0317043,111.7493102,573.9981096,2334.043147,452.83094700000004,1923.900355,9350.5232217,8819.2132671
Mod,H1,Real,AK,Hlow,HYD500,HYD500,4,NA,6,500,2788.6703478,33315.05661,3564.308826,128.0317043,111.7493102,573.9981096,2334.043147,452.83094700000004,1923.900355,9500.8014449,8969.4914903
Mod,H1,Real,AK,Hlow,HYD500,HYD500,5,NA,6,500,2974.1323489,36254.461505,3564.308826,128.0317043,111.7493102,573.9981096,2334.043147,452.83094700000004,1923.900355,9686.263446,9154.953491400001
Mod,H1,Real,CH,Hhigh,HYD1000,HYD1000,3,NA,8.5,1000,5118.8014016,81758.36412099999,4348.180621,146.0925004,151.1428396,800.3904064,2857.607735,650.3295481,2349.661704,13422.215504,12764.208614700001
Mod,H1,Real,CH,Hhigh,HYD1000,HYD1000,4,NA,8.5,1000,5266.8080319,84986.53148,4348.180621,146.0925004,151.1428396,800.3904064,2857.607735,650.3295481,2349.661704,13570.222134299998,12912.215245
Mod,H1,Real,CH,Hhigh,HYD1000,HYD1000,5,NA,8.5,1000,5459.1602025,88361.979938,4348.180621,146.0925004,151.1428396,800.3904064,2857.607735,650.3295481,2349.661704,13762.5743049,13104.5674156
Mod,H1,Real,CH,Hhigh,HYD200,HYD200,3,NA,11.2,200,5076.5994795,73276.78627099999,3929.850402,135.8726005,179.08182350000004,575.8792941,2961.1723240000006,405.3180324,2383.83379,12858.455923600002,12110.556127900003
Mod,H1,Real,CH,Hhigh,HYD200,HYD200,4,NA,11.2,200,5221.7503506,76117.062551,3929.850402,135.8726005,179.08182350000004,575.8792941,2961.1723240000006,405.3180324,2383.83379,13003.606794700001,12255.706999000002
Mod,H1,Real,CH,Hhigh,HYD200,HYD200,5,NA,11.2,200,5391.4305396,79080.471062,3929.850402,135.8726005,179.08182350000004,575.8792941,2961.1723240000006,405.3180324,2383.83379,13173.286983700002,12425.387188000002
Mod,H1,Real,CH,Hhigh,HYD500,HYD500,3,NA,8.5,500,5185.4372133,79400.428956,4033.848803,138.7929289,151.1428396,661.9813155,2857.607735,511.9204571,2349.661704,13028.810835299999,12370.803945900001
Mod,H1,Real,CH,Hhigh,HYD500,HYD500,4,NA,8.5,500,5346.2031564,82683.914221,4033.848803,138.7929289,151.1428396,661.9813155,2857.607735,511.9204571,2349.661704,13189.576778399998,12531.569889
Mod,H1,Real,CH,Hhigh,HYD500,HYD500,5,NA,8.5,500,5540.2231177,86080.830719,4033.848803,138.7929289,151.1428396,661.9813155,2857.607735,511.9204571,2349.661704,13383.596739699999,12725.5898503
Mod,H1,Real,CH,Hlow,HYD1000,HYD1000,3,NA,8.5,1000,7375.0630307,81773.157441,4348.180621,146.0925004,151.1428396,800.3904064,2857.607735,650.3295481,2349.661704,15678.4771331,15020.4702438
Mod,H1,Real,CH,Hlow,HYD1000,HYD1000,4,NA,8.5,1000,7548.8942578999995,85002.187775,4348.180621,146.0925004,151.1428396,800.3904064,2857.607735,650.3295481,2349.661704,15852.308360299998,15194.301470999999
Mod,H1,Real,CH,Hlow,HYD1000,HYD1000,5,NA,8.5,1000,7766.0548945,88377.331807,4348.180621,146.0925004,151.1428396,800.3904064,2857.607735,650.3295481,2349.661704,16069.4689969,15411.4621076
Mod,H1,Real,CH,Hlow,HYD200,HYD200,3,NA,11.2,200,7177.617951300001,73280.81260199999,3929.850402,135.8726005,179.08182350000004,575.8792941,2961.1723240000006,405.3180324,2383.83379,14959.474395400002,14211.574599700003
Mod,H1,Real,CH,Hlow,HYD200,HYD200,4,NA,11.2,200,7348.3609993,76121.142785,3929.850402,135.8726005,179.08182350000004,575.8792941,2961.1723240000006,405.3180324,2383.83379,15130.2174434,14382.317647700002
Mod,H1,Real,CH,Hlow,HYD200,HYD200,5,NA,11.2,200,7539.5218604,79083.26097999999,3929.850402,135.8726005,179.08182350000004,575.8792941,2961.1723240000006,405.3180324,2383.83379,15321.378304500002,14573.478508800003
Mod,H1,Real,CH,Hlow,HYD500,HYD500,3,NA,8.5,500,7385.2051639,79408.412506,4033.848803,138.7929289,151.1428396,661.9813155,2857.607735,511.9204571,2349.661704,15228.578785899997,14570.5718965
Mod,H1,Real,CH,Hlow,HYD500,HYD500,4,NA,8.5,500,7570.7442201,82688.902684,4033.848803,138.7929289,151.1428396,661.9813155,2857.607735,511.9204571,2349.661704,15414.117842099999,14756.110952699999
Mod,H1,Real,CH,Hlow,HYD500,HYD500,5,NA,8.5,500,7784.9429703000005,86087.781215,4033.848803,138.7929289,151.1428396,661.9813155,2857.607735,511.9204571,2349.661704,15628.316592299998,14970.3097029
Mod,Nom,Ideal,AK,Hhigh,HYD1000,HYD1000,3,NA,6,1000,2318.8168880499998,41674.066966,4069.45239,139.9277197,111.7493102,749.1572005,2668.730647,627.9900379,2258.587855,10057.83415545,9526.52420085
Mod,Nom,Ideal,AK,Hhigh,HYD1000,HYD1000,4,NA,6,1000,2433.0272695,44446.591371,4069.45239,139.9277197,111.7493102,749.1572005,2668.730647,627.9900379,2258.587855,10172.044536899999,9640.7345823
Mod,Nom,Ideal,AK,Hhigh,HYD1000,HYD1000,5,NA,6,1000,2588.9006298,47336.052127,4069.45239,139.9277197,111.7493102,749.1572005,2668.730647,627.9900379,2258.587855,10327.917897199999,9796.6079426
Mod,Nom,Ideal,AK,Hhigh,HYD200,HYD200,3,NA,11.2,200,2205.3979428000002,34341.882953,3872.337406,134.3404525,179.08182350000004,569.3167941,2875.8598240000006,398.7555324,2298.52129,9836.3342429,9088.434447200001
Mod,Nom,Ideal,AK,Hhigh,HYD200,HYD200,4,NA,11.2,200,2321.21591945,36756.219852,3872.337406,134.3404525,179.08182350000004,569.3167941,2875.8598240000006,398.7555324,2298.52129,9952.15221955,9204.252423850001
Mod,Nom,Ideal,AK,Hhigh,HYD200,HYD200,5,NA,11.2,200,2466.0390192,39295.736488,3872.337406,134.3404525,179.08182350000004,569.3167941,2875.8598240000006,398.7555324,2298.52129,10096.9753193,9349.0755236
Mod,Nom,Ideal,AK,Hhigh,HYD500,HYD500,3,NA,8.5,500,2495.2529397,41833.364945,3976.335808,137.260781,151.1428396,655.4188155,2772.295235,505.3579571,2264.349204,10187.7064188,9529.6995294
Mod,Nom,Ideal,AK,Hhigh,HYD500,HYD500,4,NA,8.5,500,2630.7166331999997,44795.962068,3976.335808,137.260781,151.1428396,655.4188155,2772.295235,505.3579571,2264.349204,10323.1701123,9665.163222899999
Mod,Nom,Ideal,AK,Hhigh,HYD500,HYD500,5,NA,8.5,500,2803.2520995,47901.860487,3976.335808,137.260781,151.1428396,655.4188155,2772.295235,505.3579571,2264.349204,10495.7055786,9837.698689199999
Mod,Nom,Ideal,AK,Hlow,HYD1000,HYD1000,3,NA,6,1000,3646.4370324,41677.545957,4069.45239,139.9277197,111.7493102,749.1572005,2668.730647,627.9900379,2258.587855,11385.4542998,10854.144345199998
Mod,Nom,Ideal,AK,Hlow,HYD1000,HYD1000,4,NA,6,1000,3787.1456374,44451.037805,4069.45239,139.9277197,111.7493102,749.1572005,2668.730647,627.9900379,2258.587855,11526.1629048,10994.852950199998
Mod,Nom,Ideal,AK,Hlow,HYD1000,HYD1000,5,NA,6,1000,3972.2994665,47340.465315,4069.45239,139.9277197,111.7493102,749.1572005,2668.730647,627.9900379,2258.587855,11711.316733900001,11180.0067793
Mod,Nom,Ideal,AK,Hlow,HYD200,HYD200,3,NA,11.2,200,3355.2015702,34342.390687,3872.337406,134.3404525,179.08182350000004,569.3167941,2875.8598240000006,398.7555324,2298.52129,10986.1378703,10238.2380746
Mod,Nom,Ideal,AK,Hlow,HYD200,HYD200,4,NA,11.2,200,3491.4426381,36756.642471,3872.337406,134.3404525,179.08182350000004,569.3167941,2875.8598240000006,398.7555324,2298.52129,11122.3789382,10374.4791425
Mod,Nom,Ideal,AK,Hlow,HYD200,HYD200,5,NA,11.2,200,3655.9637886,39296.660776,3872.337406,134.3404525,179.08182350000004,569.3167941,2875.8598240000006,398.7555324,2298.52129,11286.9000887,10539.000293000001
Mod,Nom,Ideal,AK,Hlow,HYD500,HYD500,3,NA,8.5,500,3854.2307487,41834.770696,3976.335808,137.260781,151.1428396,655.4188155,2772.295235,505.3579571,2264.349204,11546.684227799999,10888.677338399999
Mod,Nom,Ideal,AK,Hlow,HYD500,HYD500,4,NA,8.5,500,4014.1639931,44797.332204,3976.335808,137.260781,151.1428396,655.4188155,2772.295235,505.3579571,2264.349204,11706.617472199998,11048.610582799998
Mod,Nom,Ideal,AK,Hlow,HYD500,HYD500,5,NA,8.5,500,4210.8776773,47903.704519,3976.335808,137.260781,151.1428396,655.4188155,2772.295235,505.3579571,2264.349204,11903.331156399998,11245.324266999998
Mod,Nom,Ideal,CH,Hhigh,HYD1000,HYD1000,3,NA,14,1000,7117.3987141,108301.960477,5004.014677,161.4742949,216.7987219,922.0915829,3540.777882,740.5454478999999,2926.256283,16962.5558728,16166.4881388
Mod,Nom,Ideal,CH,Hhigh,HYD1000,HYD1000,4,NA,14,1000,7258.6076335,111235.742175,5004.014677,161.4742949,216.7987219,922.0915829,3540.777882,740.5454478999999,2926.256283,17103.7647922,16307.6970582
Mod,Nom,Ideal,CH,Hhigh,HYD1000,HYD1000,5,NA,14,1000,7436.2901452,114303.738501,5004.014677,161.4742949,216.7987219,922.0915829,3540.777882,740.5454478999999,2926.256283,17281.4473039,16485.3795699
Mod,Nom,Ideal,CH,Hhigh,HYD200,HYD200,3,NA,14,200,7216.1903089,104641.287576,4364.469222,146.6217622,205.3441765,652.9097647,3540.777882,471.3636297,2926.256283,16126.313116300002,15330.245382300001
Mod,Nom,Ideal,CH,Hhigh,HYD200,HYD200,4,NA,14,200,7361.1545456,107571.06840999999,4364.469222,146.6217622,205.3441765,652.9097647,3540.777882,471.3636297,2926.256283,16271.277353000001,15475.209619000001
Mod,Nom,Ideal,CH,Hhigh,HYD200,HYD200,5,NA,14,200,7534.3087294,110636.052619,4364.469222,146.6217622,205.3441765,652.9097647,3540.777882,471.3636297,2926.256283,16444.4315368,15648.3638028
Mod,Nom,Ideal,CH,Hhigh,HYD500,HYD500,3,NA,14,500,7176.8744397,106230.412151,4689.682859,154.1747233,216.7987219,783.682492,3540.777882,602.136357,2926.256283,16561.9911179,15765.9233839
Mod,Nom,Ideal,CH,Hhigh,HYD500,HYD500,4,NA,14,500,7323.1970718,109148.772392,4689.682859,154.1747233,216.7987219,783.682492,3540.777882,602.136357,2926.256283,16708.31375,15912.246016000001
Mod,Nom,Ideal,CH,Hhigh,HYD500,HYD500,5,NA,14,500,7501.9963681,112248.871822,4689.682859,154.1747233,216.7987219,783.682492,3540.777882,602.136357,2926.256283,16887.1130463,16091.0453123
Mod,Nom,Ideal,CH,Hlow,HYD1000,HYD1000,3,NA,14,1000,10300.8906729,108313.669996,5004.014677,161.4742949,216.7987219,922.0915829,3540.777882,740.5454478999999,2926.256283,20146.047831599997,19349.980097599997
Mod,Nom,Ideal,CH,Hlow,HYD1000,HYD1000,4,NA,14,1000,10468.6634232,111253.605365,5004.014677,161.4742949,216.7987219,922.0915829,3540.777882,740.5454478999999,2926.256283,20313.820581899996,19517.752847899996
Mod,Nom,Ideal,CH,Hlow,HYD1000,HYD1000,5,NA,14,1000,10670.2094908,114322.736756,5004.014677,161.4742949,216.7987219,922.0915829,3540.777882,740.5454478999999,2926.256283,20515.366649499996,19719.298915499996
Mod,Nom,Ideal,CH,Hlow,HYD200,HYD200,3,NA,14,200,10312.3625522,104644.271937,4364.469222,146.6217622,205.3441765,652.9097647,3540.777882,471.3636297,2926.256283,19222.4853596,18426.4176256
Mod,Nom,Ideal,CH,Hlow,HYD200,HYD200,4,NA,14,200,10481.7443792,107575.114951,4364.469222,146.6217622,205.3441765,652.9097647,3540.777882,471.3636297,2926.256283,19391.8671866,18595.7994526
Mod,Nom,Ideal,CH,Hlow,HYD200,HYD200,5,NA,14,200,10677.4227897,110638.366813,4364.469222,146.6217622,205.3441765,652.9097647,3540.777882,471.3636297,2926.256283,19587.5455971,18791.4778631
Mod,Nom,Ideal,CH,Hlow,HYD500,HYD500,3,NA,14,500,10308.191031800001,106238.614722,4689.682859,154.1747233,216.7987219,783.682492,3540.777882,602.136357,2926.256283,19693.30771,18897.239976
Mod,Nom,Ideal,CH,Hlow,HYD500,HYD500,4,NA,14,500,10479.702170999999,109154.615425,4689.682859,154.1747233,216.7987219,783.682492,3540.777882,602.136357,2926.256283,19864.818849199997,19068.751115199997
Mod,Nom,Ideal,CH,Hlow,HYD500,HYD500,5,NA,14,500,10680.3307133,112257.545656,4689.682859,154.1747233,216.7987219,783.682492,3540.777882,602.136357,2926.256283,20065.447391499998,19269.379657499998
Mod,Nom,Real,AK,Hhigh,HYD1000,HYD1000,3,NA,6,1000,2162.12553835,39168.933585,4069.45239,139.9277197,111.7493102,749.1572005,2668.730647,627.9900379,2258.587855,9901.14280575,9369.83285115
Mod,Nom,Real,AK,Hhigh,HYD1000,HYD1000,4,NA,6,1000,2275.93767135,41935.37682,4069.45239,139.9277197,111.7493102,749.1572005,2668.730647,627.9900379,2258.587855,10014.95493875,9483.64498415
Mod,Nom,Real,AK,Hhigh,HYD1000,HYD1000,5,NA,6,1000,2432.463754,44826.898004999995,4069.45239,139.9277197,111.7493102,749.1572005,2668.730647,627.9900379,2258.587855,10171.481021399999,9640.1710668
Mod,Nom,Real,AK,Hhigh,HYD200,HYD200,3,NA,11.2,200,2059.9305688,31939.635337,3872.337406,134.3404525,179.08182350000004,569.3167941,2875.8598240000006,398.7555324,2298.52129,9690.8668689,8942.9670732
Mod,Nom,Real,AK,Hhigh,HYD200,HYD200,4,NA,11.2,200,2176.33871335,34352.955848,3872.337406,134.3404525,179.08182350000004,569.3167941,2875.8598240000006,398.7555324,2298.52129,9807.27501345,9059.375217750001
Mod,Nom,Real,AK,Hhigh,HYD200,HYD200,5,NA,11.2,200,2320.64562605,36895.437508999996,3872.337406,134.3404525,179.08182350000004,569.3167941,2875.8598240000006,398.7555324,2298.52129,9951.58192615,9203.68213045
Mod,Nom,Real,AK,Hhigh,HYD500,HYD500,3,NA,8.5,500,2335.43697345,39210.22094,3976.335808,137.260781,151.1428396,655.4188155,2772.295235,505.3579571,2264.349204,10027.89045255,9369.88356315
Mod,Nom,Real,AK,Hhigh,HYD500,HYD500,4,NA,8.5,500,2470.8274154,42172.58816,3976.335808,137.260781,151.1428396,655.4188155,2772.295235,505.3579571,2264.349204,10163.2808945,9505.2740051
Mod,Nom,Real,AK,Hhigh,HYD500,HYD500,5,NA,8.5,500,2644.3104485,45276.446712,3976.335808,137.260781,151.1428396,655.4188155,2772.295235,505.3579571,2264.349204,10336.7639276,9678.757038200001
Mod,Nom,Real,AK,Hlow,HYD1000,HYD1000,3,NA,6,1000,3332.566952,39172.122122,4069.45239,139.9277197,111.7493102,749.1572005,2668.730647,627.9900379,2258.587855,11071.5842194,10540.274264799998
Mod,Nom,Real,AK,Hlow,HYD1000,HYD1000,4,NA,6,1000,3471.8989054,41939.545563,4069.45239,139.9277197,111.7493102,749.1572005,2668.730647,627.9900379,2258.587855,11210.9161728,10679.606218199999
Mod,Nom,Real,AK,Hlow,HYD1000,HYD1000,5,NA,6,1000,3657.7125506999996,44830.960465,4069.45239,139.9277197,111.7493102,749.1572005,2668.730647,627.9900379,2258.587855,11396.7298181,10865.4198635
Mod,Nom,Real,AK,Hlow,HYD200,HYD200,3,NA,11.2,200,3059.9169134999997,31940.382331,3872.337406,134.3404525,179.08182350000004,569.3167941,2875.8598240000006,398.7555324,2298.52129,10690.8532136,9942.9534179
Mod,Nom,Real,AK,Hlow,HYD200,HYD200,4,NA,11.2,200,3196.2299943,34353.872682,3872.337406,134.3404525,179.08182350000004,569.3167941,2875.8598240000006,398.7555324,2298.52129,10827.1662944,10079.2664987
Mod,Nom,Real,AK,Hlow,HYD200,HYD200,5,NA,11.2,200,3360.5496989000003,36895.518583,3872.337406,134.3404525,179.08182350000004,569.3167941,2875.8598240000006,398.7555324,2298.52129,10991.485999,10243.586203300001
Mod,Nom,Real,AK,Hlow,HYD500,HYD500,3,NA,8.5,500,3531.0421373,39211.310865,3976.335808,137.260781,151.1428396,655.4188155,2772.295235,505.3579571,2264.349204,11223.4956164,10565.488727
Mod,Nom,Real,AK,Hlow,HYD500,HYD500,4,NA,8.5,500,3690.7572812,42175.047735,3976.335808,137.260781,151.1428396,655.4188155,2772.295235,505.3579571,2264.349204,11383.210760299999,10725.203870899999
Mod,Nom,Real,AK,Hlow,HYD500,HYD500,5,NA,8.5,500,3888.2153088,45278.773854,3976.335808,137.260781,151.1428396,655.4188155,2772.295235,505.3579571,2264.349204,11580.668787899998,10922.6618985
Mod,Nom,Real,CH,Hhigh,HYD1000,HYD1000,3,NA,14,1000,5904.0216144,90226.25709,5004.014677,161.4742949,216.7987219,922.0915829,3540.777882,740.5454478999999,2926.256283,15749.1787731,14953.1110391
Mod,Nom,Real,CH,Hhigh,HYD1000,HYD1000,4,NA,14,1000,6046.7676988,93149.115774,5004.014677,161.4742949,216.7987219,922.0915829,3540.777882,740.5454478999999,2926.256283,15891.924857500002,15095.857123500002
Mod,Nom,Real,CH,Hhigh,HYD1000,HYD1000,5,NA,14,1000,6223.0797417,96220.062742,5004.014677,161.4742949,216.7987219,922.0915829,3540.777882,740.5454478999999,2926.256283,16068.236900400001,15272.1691664
Mod,Nom,Real,CH,Hhigh,HYD200,HYD200,3,NA,14,200,6017.7411145,86557.141173,4364.469222,146.6217622,205.3441765,652.9097647,3540.777882,471.3636297,2926.256283,14927.863921900002,14131.796187900001
Mod,Nom,Real,CH,Hhigh,HYD200,HYD200,4,NA,14,200,6162.1470846,89478.319231,4364.469222,146.6217622,205.3441765,652.9097647,3540.777882,471.3636297,2926.256283,15072.269892000002,14276.202158000002
Mod,Nom,Real,CH,Hhigh,HYD200,HYD200,5,NA,14,200,6336.8780651,92549.848028,4364.469222,146.6217622,205.3441765,652.9097647,3540.777882,471.3636297,2926.256283,15247.0008725,14450.9331385
Mod,Nom,Real,CH,Hhigh,HYD500,HYD500,3,NA,14,500,5969.8090857,88161.965794,4689.682859,154.1747233,216.7987219,783.682492,3540.777882,602.136357,2926.256283,15354.9257639,14558.8580299
Mod,Nom,Real,CH,Hhigh,HYD500,HYD500,4,NA,14,500,6118.1526551,91075.87655300001,4689.682859,154.1747233,216.7987219,783.682492,3540.777882,602.136357,2926.256283,15503.2693333,14707.2015993
Mod,Nom,Real,CH,Hhigh,HYD500,HYD500,5,NA,14,500,6295.9737293,94174.19868,4689.682859,154.1747233,216.7987219,783.682492,3540.777882,602.136357,2926.256283,15681.090407500002,14885.022673500001
Mod,Nom,Real,CH,Hlow,HYD1000,HYD1000,3,NA,14,1000,8337.8528939,90240.586462,5004.014677,161.4742949,216.7987219,922.0915829,3540.777882,740.5454478999999,2926.256283,18183.010052600002,17386.942318600002
Mod,Nom,Real,CH,Hlow,HYD1000,HYD1000,4,NA,14,1000,8504.5287908,93168.029304,5004.014677,161.4742949,216.7987219,922.0915829,3540.777882,740.5454478999999,2926.256283,18349.6859495,17553.6182155
Mod,Nom,Real,CH,Hlow,HYD1000,HYD1000,5,NA,14,1000,8707.2199232,96240.565558,5004.014677,161.4742949,216.7987219,922.0915829,3540.777882,740.5454478999999,2926.256283,18552.377081900002,17756.3093479
Mod,Nom,Real,CH,Hlow,HYD200,HYD200,3,NA,14,200,8354.7659584,86560.026849,4364.469222,146.6217622,205.3441765,652.9097647,3540.777882,471.3636297,2926.256283,17264.8887658,16468.8210318
Mod,Nom,Real,CH,Hlow,HYD200,HYD200,4,NA,14,200,8523.1257977,89484.19108399999,4364.469222,146.6217622,205.3441765,652.9097647,3540.777882,471.3636297,2926.256283,17433.2486051,16637.1808711
Mod,Nom,Real,CH,Hlow,HYD200,HYD200,5,NA,14,200,8720.48949,92551.588279,4364.469222,146.6217622,205.3441765,652.9097647,3540.777882,471.3636297,2926.256283,17630.6122974,16834.5445634
Mod,Nom,Real,CH,Hlow,HYD500,HYD500,3,NA,14,500,8348.5064563,88170.482467,4689.682859,154.1747233,216.7987219,783.682492,3540.777882,602.136357,2926.256283,17733.623134499998,16937.555400499998
Mod,Nom,Real,CH,Hlow,HYD500,HYD500,4,NA,14,500,8519.752022300001,91084.990585,4689.682859,154.1747233,216.7987219,783.682492,3540.777882,602.136357,2926.256283,17904.8687005,17108.8009665
Mod,Nom,Real,CH,Hlow,HYD500,HYD500,5,NA,14,500,8721.247117,94184.57135700001,4689.682859,154.1747233,216.7987219,783.682492,3540.777882,602.136357,2926.256283,18106.3637952,17310.2960612
NA,NA,NA,AK,Hhigh,NA,HP,1,NA,4,135,198.49601396,5721.4994153,517.4042666,19.34982176,11.48823529,66.38408824,276.7058824,66.38408824,276.7058824,1089.8283082500002,1089.8283082500002
NA,NA,NA,AK,Hhigh,NA,HP,2,NA,4,135,222.886858351,6326.9293362,517.4042666,19.34982176,11.48823529,66.38408824,276.7058824,66.38408824,276.7058824,1114.2191526410002,1114.2191526410002
NA,NA,NA,AK,Hhigh,NA,HP,3,NA,4,180,314.8956855,8939.9023844,597.3918213,24.404181279999996,16.67647059,82.37682353,276.7058824,82.37682353,276.7058824,1312.4508646,1312.4508646
NA,NA,NA,AK,Hhigh,NA,HP,4,NA,4,300,581.7832453,16924.3625239,810.6919673000001,37.88247335,30.26470588,125.0241176,276.7058824,125.0241176,276.7058824,1862.3523918300002,1862.3523918300002
NA,NA,NA,AK,Hhigh,NA,HP,5,NA,4,300,612.70703201,17707.7806531,810.6919673000001,37.88247335,30.26470588,125.0241176,276.7058824,125.0241176,276.7058824,1893.2761785400003,1893.2761785400003
NA,NA,NA,AK,Hhigh,NA,HPo,1,NA,4,162,233.16205183,6735.2692366,565.3967994,22.38243748,14.576470590000001,75.97972941,276.7058824,75.97972941,276.7058824,1188.20337111,1188.20337111
NA,NA,NA,AK,Hhigh,NA,HPo,2,NA,4,162,259.46700994,7422.5549756,565.3967994,22.38243748,14.576470590000001,75.97972941,276.7058824,75.97972941,276.7058824,1214.50832922,1214.50832922
NA,NA,NA,AK,Hhigh,NA,HPo,3,NA,4,216,380.64486193,10940.1334616,661.3818651,28.4476689,20.75294118,95.17101176000001,276.7058824,95.17101176000001,276.7058824,1463.1042312700004,1463.1042312700004
NA,NA,NA,AK,Hhigh,NA,HPo,4,NA,4,360,709.10525013,20833.8624281,917.3420403,44.62161938,37.05882353,146.3477647,276.7058824,146.3477647,276.7058824,2131.18138044,2131.18138044
NA,NA,NA,AK,Hhigh,NA,HPo,5,NA,4,360,744.51234061,21702.300548,917.3420403,44.62161938,37.05882353,146.3477647,276.7058824,146.3477647,276.7058824,2166.58847092,2166.58847092
NA,NA,NA,AK,Hlow,NA,HP,1,NA,4,135,266.90437938,5726.6430046000005,517.4042666,19.34982176,11.48823529,66.38408824,276.7058824,66.38408824,276.7058824,1158.23667367,1158.23667367
NA,NA,NA,AK,Hlow,NA,HP,2,NA,4,135,300.27243611,6334.5080181,517.4042666,19.34982176,11.48823529,66.38408824,276.7058824,66.38408824,276.7058824,1191.6047304,1191.6047304
NA,NA,NA,AK,Hlow,NA,HP,3,NA,4,180,421.31496474,8955.6529995,597.3918213,24.404181279999996,16.67647059,82.37682353,276.7058824,82.37682353,276.7058824,1418.87014384,1418.87014384
NA,NA,NA,AK,Hlow,NA,HP,4,NA,4,300,770.20163605,16944.983432,810.6919673000001,37.88247335,30.26470588,125.0241176,276.7058824,125.0241176,276.7058824,2050.7707825800003,2050.7707825800003
NA,NA,NA,AK,Hlow,NA,HP,5,NA,4,300,810.30225351,17736.2734948,810.6919673000001,37.88247335,30.26470588,125.0241176,276.7058824,125.0241176,276.7058824,2090.87140004,2090.87140004
NA,NA,NA,AK,Hlow,NA,HPo,1,NA,4,162,313.14067046,6743.3056670999995,565.3967994,22.38243748,14.576470590000001,75.97972941,276.7058824,75.97972941,276.7058824,1268.18198974,1268.18198974
NA,NA,NA,AK,Hlow,NA,HPo,2,NA,4,162,348.40204127,7426.173088699999,565.3967994,22.38243748,14.576470590000001,75.97972941,276.7058824,75.97972941,276.7058824,1303.4433605499999,1303.4433605499999
NA,NA,NA,AK,Hlow,NA,HPo,3,NA,4,216,508.96649983,10957.6781035,661.3818651,28.4476689,20.75294118,95.17101176000001,276.7058824,95.17101176000001,276.7058824,1591.4258691700004,1591.4258691700004
NA,NA,NA,AK,Hlow,NA,HPo,4,NA,4,360,939.32834943,20866.2955391,917.3420403,44.62161938,37.05882353,146.3477647,276.7058824,146.3477647,276.7058824,2361.40447974,2361.40447974
NA,NA,NA,AK,Hlow,NA,HPo,5,NA,4,360,984.3868965700001,21736.711733,917.3420403,44.62161938,37.05882353,146.3477647,276.7058824,146.3477647,276.7058824,2406.46302688,2406.46302688
NA,NA,NA,CH,Hhigh,NA,HP,1,NA,4,135,212.101519873,6033.7704799,517.4042666,19.34982176,11.48823529,66.38408824,276.7058824,66.38408824,276.7058824,1103.433814163,1103.433814163
NA,NA,NA,CH,Hhigh,NA,HP,2,NA,4,135,237.83187261,6653.7830304,517.4042666,19.34982176,11.48823529,66.38408824,276.7058824,66.38408824,276.7058824,1129.1641669,1129.1641669
NA,NA,NA,CH,Hhigh,NA,HP,3,NA,4,180,331.89303007,9306.5301621,597.3918213,24.404181279999996,16.67647059,82.37682353,276.7058824,82.37682353,276.7058824,1329.44820917,1329.44820917
NA,NA,NA,CH,Hhigh,NA,HP,4,NA,4,300,603.73541833,17400.0302521,810.6919673000001,37.88247335,30.26470588,125.0241176,276.7058824,125.0241176,276.7058824,1884.3045648600003,1884.3045648600003
NA,NA,NA,CH,Hhigh,NA,HP,5,NA,4,300,633.68331329,18138.1227871,810.6919673000001,37.88247335,30.26470588,125.0241176,276.7058824,125.0241176,276.7058824,1914.2524598200002,1914.2524598200002
NA,NA,NA,CH,Hhigh,NA,HPo,1,NA,4,162,247.25802292,7069.9690996,565.3967994,22.38243748,14.576470590000001,75.97972941,276.7058824,75.97972941,276.7058824,1202.2993422,1202.2993422
NA,NA,NA,CH,Hhigh,NA,HPo,2,NA,4,162,275.02031577,7753.7771686999995,565.3967994,22.38243748,14.576470590000001,75.97972941,276.7058824,75.97972941,276.7058824,1230.06163505,1230.06163505
NA,NA,NA,CH,Hhigh,NA,HPo,3,NA,4,216,398.55432332,11335.968442399999,661.3818651,28.4476689,20.75294118,95.17101176000001,276.7058824,95.17101176000001,276.7058824,1481.0136926600003,1481.0136926600003
NA,NA,NA,CH,Hhigh,NA,HPo,4,NA,4,360,735.30915112,21422.162386,917.3420403,44.62161938,37.05882353,146.3477647,276.7058824,146.3477647,276.7058824,2157.38528143,2157.38528143
NA,NA,NA,CH,Hhigh,NA,HPo,5,NA,4,360,767.87757622,22217.245614,917.3420403,44.62161938,37.05882353,146.3477647,276.7058824,146.3477647,276.7058824,2189.95370653,2189.95370653
NA,NA,NA,CH,Hlow,NA,HP,1,NA,4,135,284.06006178,6041.0132533,517.4042666,19.34982176,11.48823529,66.38408824,276.7058824,66.38408824,276.7058824,1175.3923560700002,1175.3923560700002
NA,NA,NA,CH,Hlow,NA,HP,2,NA,4,135,318.35638481,6658.2257306,517.4042666,19.34982176,11.48823529,66.38408824,276.7058824,66.38408824,276.7058824,1209.6886791000002,1209.6886791000002
NA,NA,NA,CH,Hlow,NA,HP,3,NA,4,180,442.36634089,9315.29164,597.3918213,24.404181279999996,16.67647059,82.37682353,276.7058824,82.37682353,276.7058824,1439.92151999,1439.92151999
NA,NA,NA,CH,Hlow,NA,HP,4,NA,4,300,799.09367632,17422.0075717,810.6919673000001,37.88247335,30.26470588,125.0241176,276.7058824,125.0241176,276.7058824,2079.66282285,2079.66282285
NA,NA,NA,CH,Hlow,NA,HP,5,NA,4,300,837.57376768,18172.8066685,810.6919673000001,37.88247335,30.26470588,125.0241176,276.7058824,125.0241176,276.7058824,2118.14291421,2118.14291421
NA,NA,NA,CH,Hlow,NA,HPo,1,NA,4,162,330.99248163,7079.9966117,565.3967994,22.38243748,14.576470590000001,75.97972941,276.7058824,75.97972941,276.7058824,1286.0338009099999,1286.0338009099999
NA,NA,NA,CH,Hlow,NA,HPo,2,NA,4,162,368.06419689999996,7757.2520024,565.3967994,22.38243748,14.576470590000001,75.97972941,276.7058824,75.97972941,276.7058824,1323.10551618,1323.10551618
NA,NA,NA,CH,Hlow,NA,HPo,3,NA,4,216,531.53109659,11349.595282,661.3818651,28.4476689,20.75294118,95.17101176000001,276.7058824,95.17101176000001,276.7058824,1613.9904659300003,1613.9904659300003
NA,NA,NA,CH,Hlow,NA,HPo,4,NA,4,360,973.80584679,21455.373606,917.3420403,44.62161938,37.05882353,146.3477647,276.7058824,146.3477647,276.7058824,2395.8819771000003,2395.8819771000003
NA,NA,NA,CH,Hlow,NA,HPo,5,NA,4,360,1014.48160832,22248.881382,917.3420403,44.62161938,37.05882353,146.3477647,276.7058824,146.3477647,276.7058824,2436.55773863,2436.55773863
NA,NA,NA,NA,Hhigh,NA,R,1,3,NA,135,916.56774444,21861.75,190.9509894,3.783646588,4.027399057,22.43667136,0,22.43667136,0,1137.7664508449998,1137.7664508449998
NA,NA,NA,NA,Hhigh,NA,R,2,3,NA,135,1403.80821593,31815.3,190.9509894,3.783646588,4.027399057,22.43667136,0,22.43667136,0,1625.006922335,1625.006922335
NA,NA,NA,NA,Hhigh,NA,R,3,3,NA,180,1969.38674815,43323.4,234.8663891,4.540375906,4.953630649,27.59671475,0,27.59671475,0,2241.3438585549998,2241.3438585549998
NA,NA,NA,NA,Hhigh,NA,R,4,3,NA,300,2566.9258118,58595.7,407.89785810000006,6.558320753,8.603084246,47.92784903,0,47.92784903,0,3037.9129239289996,3037.9129239289996
NA,NA,NA,NA,Hhigh,NA,R,5,3,NA,300,3113.5678389,68570.05,407.89785810000006,6.558320753,8.603084246,47.92784903,0,47.92784903,0,3584.5549510289998,3584.5549510289998
NA,NA,NA,NA,Hhigh,NA,Ro,1,3,NA,162,942.91961226,22779.95,216.2027869,4.116960628,4.559991558,25.40374832,0,25.40374832,0,1193.203099666,1193.203099666
NA,NA,NA,NA,Hhigh,NA,Ro,2,3,NA,162,1428.42639629,32714.9,216.2027869,4.116960628,4.559991558,25.40374832,0,25.40374832,0,1678.7098836960001,1678.7098836960001
NA,NA,NA,NA,Hhigh,NA,Ro,3,3,NA,216,2012.11584346,44832,277.1660528,5.170983671,5.845784319,32.56690976,0,32.56690976,0,2332.86557401,2332.86557401
NA,NA,NA,NA,Hhigh,NA,Ro,4,3,NA,360,2638.2737219,61343.05,537.5473211,7.693414729,11.3375562,63.16161347,0,63.16161347,0,3258.0136273989997,3258.0136273989997
NA,NA,NA,NA,Hhigh,NA,Ro,5,3,NA,360,3181.8124318,71299.15,537.5473211,7.693414729,11.3375562,63.16161347,0,63.16161347,0,3801.5523372989996,3801.5523372989996
NA,NA,NA,NA,Hlow,NA,R,1,3,NA,135,1178.59913205,21862.5,190.9509894,3.783646588,4.027399057,22.43667136,0,22.43667136,0,1399.797838455,1399.797838455
NA,NA,NA,NA,Hlow,NA,R,2,3,NA,135,1795.55342446,31815.15,190.9509894,3.783646588,4.027399057,22.43667136,0,22.43667136,0,2016.752130865,2016.752130865
NA,NA,NA,NA,Hlow,NA,R,3,3,NA,180,2513.1041958,43323.5,234.8663891,4.540375906,4.953630649,27.59671475,0,27.59671475,0,2785.061306205,2785.061306205
NA,NA,NA,NA,Hlow,NA,R,4,3,NA,300,3226.5168310999998,58596.3,407.89785810000006,6.558320753,8.603084246,47.92784903,0,47.92784903,0,3697.5039432289996,3697.5039432289996
NA,NA,NA,NA,Hlow,NA,R,5,3,NA,300,3825.7011364,68570.1,407.89785810000006,6.558320753,8.603084246,47.92784903,0,47.92784903,0,4296.688248529001,4296.688248529001
NA,NA,NA,NA,Hlow,NA,Ro,1,3,NA,162,1214.4495182,22780.45,216.2027869,4.116960628,4.559991558,25.40374832,0,25.40374832,0,1464.7330056060002,1464.7330056060002
NA,NA,NA,NA,Hlow,NA,Ro,2,3,NA,162,1830.17986627,32714.75,216.2027869,4.116960628,4.559991558,25.40374832,0,25.40374832,0,2080.463353676,2080.463353676
NA,NA,NA,NA,Hlow,NA,Ro,3,3,NA,216,2572.2522946999998,44832.1,277.1660528,5.170983671,5.845784319,32.56690976,0,32.56690976,0,2893.00202525,2893.00202525
NA,NA,NA,NA,Hlow,NA,Ro,4,3,NA,360,3328.6049408,61343.4,537.5473211,7.693414729,11.3375562,63.16161347,0,63.16161347,0,3948.3448462989995,3948.3448462989995
NA,NA,NA,NA,Hlow,NA,Ro,5,3,NA,360,3925.0158348,71299.35,537.5473211,7.693414729,11.3375562,63.16161347,0,63.16161347,0,4544.7557402990005,4544.7557402990005
