house_type,insulation,schedule,Loc_code,Hydro_resource,SH_code,DW_code,Occ_code,R_cap,HP_cap,Tank_Volume (L),kgCO2_oper_life,P_annual_kWh_life,kgCO2_manuf_life,kgCO2_dist_life,kgCO2_inst_life,kgCO2_eol_life,kgCO2_other_life,kgCO2_total_life
Mass,H1,Ideal,AK,Hhigh,HYD1000,HYD1000,3,NA,5,1000,1181.43031747,19921.6528077,4212.999545,87.40495211999999,106.3976791,915.7499198,1649.834118,8153.816531490001
Mass,H1,Ideal,AK,Hhigh,HYD1000,HYD1000,4,NA,5,1000,1323.48559097,22819.742568,4212.999545,87.40495211999999,106.3976791,915.7499198,1649.834118,8295.871804990002
Mass,H1,Ideal,AK,Hhigh,HYD1000,HYD1000,5,NA,5,1000,1490.46422715,25756.892322,4212.999545,87.40495211999999,106.3976791,915.7499198,1649.834118,8462.850441170001
Mass,H1,Ideal,AK,Hhigh,HYD200,HYD200,3,NA,8.5,200,1044.22219292,17600.5623402,3014.089556,76.89087155,146.5132941,476.0835882,1787.920235,6545.7197377699995
Mass,H1,Ideal,AK,Hhigh,HYD200,HYD200,4,NA,8.5,200,1182.71591291,20583.6029175,3014.089556,76.89087155,146.5132941,476.0835882,1787.920235,6684.213457760001
Mass,H1,Ideal,AK,Hhigh,HYD200,HYD200,5,NA,8.5,200,1351.99900366,23679.527151,3014.089556,76.89087155,146.5132941,476.0835882,1787.920235,6853.49654851
Mass,H1,Ideal,AK,Hhigh,HYD500,HYD500,3,NA,5,500,1069.08687951,17975.8918059,3366.3177270000006,79.94222183,105.4431337,630.3408289,1649.834118,6900.96490894
Mass,H1,Ideal,AK,Hhigh,HYD500,HYD500,4,NA,5,500,1206.73946518,20890.849434,3366.3177270000006,79.94222183,105.4431337,630.3408289,1649.834118,7038.617494609999
Mass,H1,Ideal,AK,Hhigh,HYD500,HYD500,5,NA,5,500,1370.0360073900001,23843.464071,3366.3177270000006,79.94222183,105.4431337,630.3408289,1649.834118,7201.91403682
Mass,H1,Ideal,AK,Hlow,HYD1000,HYD1000,3,NA,5,1000,1539.53850542,19921.6528077,4212.999545,87.40495211999999,106.3976791,915.7499198,1649.834118,8511.924719440001
Mass,H1,Ideal,AK,Hlow,HYD1000,HYD1000,4,NA,5,1000,1698.90355695,22819.742568,4212.999545,87.40495211999999,106.3976791,915.7499198,1649.834118,8671.289770970001
Mass,H1,Ideal,AK,Hlow,HYD1000,HYD1000,5,NA,5,1000,1883.9741646100001,25756.892322,4212.999545,87.40495211999999,106.3976791,915.7499198,1649.834118,8856.360378630001
Mass,H1,Ideal,AK,Hlow,HYD200,HYD200,3,NA,8.5,200,1387.69303169,17600.5623402,3014.089556,76.89087155,146.5132941,476.0835882,1787.920235,6889.190576540001
Mass,H1,Ideal,AK,Hlow,HYD200,HYD200,4,NA,8.5,200,1547.73920828,20583.6029175,3014.089556,76.89087155,146.5132941,476.0835882,1787.920235,7049.236753130001
Mass,H1,Ideal,AK,Hlow,HYD200,HYD200,5,NA,8.5,200,1742.0612517,23679.527151,3014.089556,76.89087155,146.5132941,476.0835882,1787.920235,7243.55879655
Mass,H1,Ideal,AK,Hlow,HYD500,HYD500,3,NA,5,500,1398.9764547,17975.8918059,3366.3177270000006,79.94222183,105.4431337,630.3408289,1649.834118,7230.85448413
Mass,H1,Ideal,AK,Hlow,HYD500,HYD500,4,NA,5,500,1555.21283604,20890.849434,3366.3177270000006,79.94222183,105.4431337,630.3408289,1649.834118,7387.09086547
Mass,H1,Ideal,AK,Hlow,HYD500,HYD500,5,NA,5,500,1736.83696683,23843.464071,3366.3177270000006,79.94222183,105.4431337,630.3408289,1649.834118,7568.71499626
Mass,H1,Ideal,CH,Hhigh,HYD1000,HYD1000,3,NA,5,1000,2425.417916,35550.664821,4328.025537,87.40495211999999,106.3976791,915.7499198,1649.834118,9512.830122020001
Mass,H1,Ideal,CH,Hhigh,HYD1000,HYD1000,4,NA,5,1000,2591.4772128,38702.033454000004,4328.025537,87.40495211999999,106.3976791,915.7499198,1649.834118,9678.889418820001
Mass,H1,Ideal,CH,Hhigh,HYD1000,HYD1000,5,NA,5,1000,2773.7934574,41851.014408,4328.025537,87.40495211999999,106.3976791,915.7499198,1649.834118,9861.205663420002
Mass,H1,Ideal,CH,Hhigh,HYD200,HYD200,3,NA,11.2,200,2097.5267984,30293.963132999997,3350.330783,80.19940656,185.9068235,520.7542941,1891.4848239999997,8126.2029295600005
Mass,H1,Ideal,CH,Hhigh,HYD200,HYD200,4,NA,11.2,200,2238.3237449,33126.497733000004,3350.330783,80.19940656,185.9068235,520.7542941,1891.4848239999997,8266.999876060001
Mass,H1,Ideal,CH,Hhigh,HYD200,HYD200,5,NA,11.2,200,2400.5200084,36060.584889,3350.330783,80.19940656,185.9068235,520.7542941,1891.4848239999997,8429.196139560001
Mass,H1,Ideal,CH,Hhigh,HYD500,HYD500,3,NA,6,500,2164.30517015,32019.424311,3555.08213,81.04506683,118.5743102,645.2310642,1684.355647,8248.593388379999
Mass,H1,Ideal,CH,Hhigh,HYD500,HYD500,4,NA,6,500,2318.3693456,35121.419382,3555.08213,81.04506683,118.5743102,645.2310642,1684.355647,8402.65756383
Mass,H1,Ideal,CH,Hhigh,HYD500,HYD500,5,NA,6,500,2497.7431056,38338.622889,3555.08213,81.04506683,118.5743102,645.2310642,1684.355647,8582.031323829999
Mass,H1,Ideal,CH,Hlow,HYD1000,HYD1000,3,NA,5,1000,3211.6568311,35550.664821,4328.025537,87.40495211999999,106.3976791,915.7499198,1649.834118,10299.069037120002
Mass,H1,Ideal,CH,Hlow,HYD1000,HYD1000,4,NA,5,1000,3400.8053861,38702.033454000004,4328.025537,87.40495211999999,106.3976791,915.7499198,1649.834118,10488.217592120001
Mass,H1,Ideal,CH,Hlow,HYD1000,HYD1000,5,NA,5,1000,3600.9386645,41851.014408,4328.025537,87.40495211999999,106.3976791,915.7499198,1649.834118,10688.350870520002
Mass,H1,Ideal,CH,Hlow,HYD200,HYD200,3,NA,11.2,200,2823.3956621,30293.963132999997,3350.330783,80.19940656,185.9068235,520.7542941,1891.4848239999997,8852.07179326
Mass,H1,Ideal,CH,Hlow,HYD200,HYD200,4,NA,11.2,200,2989.4938611000002,33126.497733000004,3350.330783,80.19940656,185.9068235,520.7542941,1891.4848239999997,9018.16999226
Mass,H1,Ideal,CH,Hlow,HYD200,HYD200,5,NA,11.2,200,3174.4809501,36060.584889,3350.330783,80.19940656,185.9068235,520.7542941,1891.4848239999997,9203.15708126
Mass,H1,Ideal,CH,Hlow,HYD500,HYD500,3,NA,6,500,2870.2267722,32019.424311,3555.08213,81.04506683,118.5743102,645.2310642,1684.355647,8954.51499043
Mass,H1,Ideal,CH,Hlow,HYD500,HYD500,4,NA,6,500,3047.5216035000003,35121.419382,3555.08213,81.04506683,118.5743102,645.2310642,1684.355647,9131.80982173
Mass,H1,Ideal,CH,Hlow,HYD500,HYD500,5,NA,6,500,3246.7543889,38338.622889,3555.08213,81.04506683,118.5743102,645.2310642,1684.355647,9331.042607129999
Mass,H1,Real,AK,Hhigh,HYD1000,HYD1000,3,NA,5,1000,1175.3147552,19843.9244682,4212.999545,87.40495211999999,106.3976791,915.7499198,1649.834118,8147.70096922
Mass,H1,Real,AK,Hhigh,HYD1000,HYD1000,4,NA,5,1000,1316.6932111,22738.913463,4212.999545,87.40495211999999,106.3976791,915.7499198,1649.834118,8289.07942512
Mass,H1,Real,AK,Hhigh,HYD1000,HYD1000,5,NA,5,1000,1483.88180993,25675.703907000003,4212.999545,87.40495211999999,106.3976791,915.7499198,1649.834118,8456.26802395
Mass,H1,Real,AK,Hhigh,HYD200,HYD200,3,NA,8.5,200,1039.36976561,17526.6927297,3014.089556,76.89087155,146.5132941,476.0835882,1787.920235,6540.86731046
Mass,H1,Real,AK,Hhigh,HYD200,HYD200,4,NA,8.5,200,1178.0929198,20507.6419968,3014.089556,76.89087155,146.5132941,476.0835882,1787.920235,6679.59046465
Mass,H1,Real,AK,Hhigh,HYD200,HYD200,5,NA,8.5,200,1347.46341805,23605.483671,3014.089556,76.89087155,146.5132941,476.0835882,1787.920235,6848.960962900001
Mass,H1,Real,AK,Hhigh,HYD500,HYD500,3,NA,5,500,1064.24589975,17904.6540456,3366.3177270000006,79.94222183,105.4431337,630.3408289,1649.834118,6896.123929179999
Mass,H1,Real,AK,Hhigh,HYD500,HYD500,4,NA,5,500,1201.98142164,20817.5334402,3366.3177270000006,79.94222183,105.4431337,630.3408289,1649.834118,7033.8594510699995
Mass,H1,Real,AK,Hhigh,HYD500,HYD500,5,NA,5,500,1365.02774787,23769.222225,3366.3177270000006,79.94222183,105.4431337,630.3408289,1649.834118,7196.9057772999995
Mass,H1,Real,AK,Hlow,HYD1000,HYD1000,3,NA,5,1000,1527.89005,19843.9244682,4212.999545,87.40495211999999,106.3976791,915.7499198,1649.834118,8500.276264020002
Mass,H1,Real,AK,Hlow,HYD1000,HYD1000,4,NA,5,1000,1685.97675069,22738.913463,4212.999545,87.40495211999999,106.3976791,915.7499198,1649.834118,8658.36296471
Mass,H1,Real,AK,Hlow,HYD1000,HYD1000,5,NA,5,1000,1871.42066057,25675.703907000003,4212.999545,87.40495211999999,106.3976791,915.7499198,1649.834118,8843.806874590002
Mass,H1,Real,AK,Hlow,HYD200,HYD200,3,NA,8.5,200,1377.43461276,17526.6927297,3014.089556,76.89087155,146.5132941,476.0835882,1787.920235,6878.932157610001
Mass,H1,Real,AK,Hlow,HYD200,HYD200,4,NA,8.5,200,1537.52504263,20507.6419968,3014.089556,76.89087155,146.5132941,476.0835882,1787.920235,7039.02258748
Mass,H1,Real,AK,Hlow,HYD200,HYD200,5,NA,8.5,200,1732.02081488,23605.483671,3014.089556,76.89087155,146.5132941,476.0835882,1787.920235,7233.51835973
Mass,H1,Real,AK,Hlow,HYD500,HYD500,3,NA,5,500,1388.84325499,17904.6540456,3366.3177270000006,79.94222183,105.4431337,630.3408289,1649.834118,7220.721284419999
Mass,H1,Real,AK,Hlow,HYD500,HYD500,4,NA,5,500,1544.93504323,20817.5334402,3366.3177270000006,79.94222183,105.4431337,630.3408289,1649.834118,7376.813072659999
Mass,H1,Real,AK,Hlow,HYD500,HYD500,5,NA,5,500,1726.27719523,23769.222225,3366.3177270000006,79.94222183,105.4431337,630.3408289,1649.834118,7558.1552246599995
Mass,H1,Real,CH,Hhigh,HYD1000,HYD1000,3,NA,5,1000,2332.4782901,34165.87461,4328.025537,87.40495211999999,106.3976791,915.7499198,1649.834118,9419.890496120002
Mass,H1,Real,CH,Hhigh,HYD1000,HYD1000,4,NA,5,1000,2496.6284927,37302.997095,4328.025537,87.40495211999999,106.3976791,915.7499198,1649.834118,9584.040698720002
Mass,H1,Real,CH,Hhigh,HYD1000,HYD1000,5,NA,5,1000,2679.7980959,40456.240166999996,4328.025537,87.40495211999999,106.3976791,915.7499198,1649.834118,9767.210301920002
Mass,H1,Real,CH,Hhigh,HYD200,HYD200,3,NA,11.2,200,2007.3814967,28947.744315,3350.330783,80.19940656,185.9068235,520.7542941,1891.4848239999997,8036.05762786
Mass,H1,Real,CH,Hhigh,HYD200,HYD200,4,NA,11.2,200,2148.16906175,31778.076897,3350.330783,80.19940656,185.9068235,520.7542941,1891.4848239999997,8176.845192910001
Mass,H1,Real,CH,Hhigh,HYD200,HYD200,5,NA,11.2,200,2310.449575,34704.615015,3350.330783,80.19940656,185.9068235,520.7542941,1891.4848239999997,8339.12570616
Mass,H1,Real,CH,Hhigh,HYD500,HYD500,3,NA,6,500,2088.6068946,30860.45088,3555.08213,81.04506683,118.5743102,645.2310642,1684.355647,8172.8951128300005
Mass,H1,Real,CH,Hhigh,HYD500,HYD500,4,NA,6,500,2243.19078185,33960.64308,3555.08213,81.04506683,118.5743102,645.2310642,1684.355647,8327.479000079999
Mass,H1,Real,CH,Hhigh,HYD500,HYD500,5,NA,6,500,2423.0562137,37178.80509,3555.08213,81.04506683,118.5743102,645.2310642,1684.355647,8507.34443193
Mass,H1,Real,CH,Hlow,HYD1000,HYD1000,3,NA,5,1000,3045.9798553,34165.87461,4328.025537,87.40495211999999,106.3976791,915.7499198,1649.834118,10133.392061320003
Mass,H1,Real,CH,Hlow,HYD1000,HYD1000,4,NA,5,1000,3231.4270960999997,37302.997095,4328.025537,87.40495211999999,106.3976791,915.7499198,1649.834118,10318.83930212
Mass,H1,Real,CH,Hlow,HYD1000,HYD1000,5,NA,5,1000,3433.3644162,40456.240166999996,4328.025537,87.40495211999999,106.3976791,915.7499198,1649.834118,10520.776622220003
Mass,H1,Real,CH,Hlow,HYD200,HYD200,3,NA,11.2,200,2663.9131084,28947.744315,3350.330783,80.19940656,185.9068235,520.7542941,1891.4848239999997,8692.58923956
Mass,H1,Real,CH,Hlow,HYD200,HYD200,4,NA,11.2,200,2829.7463447,31778.076897,3350.330783,80.19940656,185.9068235,520.7542941,1891.4848239999997,8858.422475860001
Mass,H1,Real,CH,Hlow,HYD200,HYD200,5,NA,11.2,200,3014.0814473,34704.615015,3350.330783,80.19940656,185.9068235,520.7542941,1891.4848239999997,9042.757578460001
Mass,H1,Real,CH,Hlow,HYD500,HYD500,3,NA,6,500,2732.3378061999997,30860.45088,3555.08213,81.04506683,118.5743102,645.2310642,1684.355647,8816.62602443
Mass,H1,Real,CH,Hlow,HYD500,HYD500,4,NA,6,500,2909.6614453,33960.64308,3555.08213,81.04506683,118.5743102,645.2310642,1684.355647,8993.94966353
Mass,H1,Real,CH,Hlow,HYD500,HYD500,5,NA,6,500,3110.0809043,37178.80509,3555.08213,81.04506683,118.5743102,645.2310642,1684.355647,9194.369122529999
Mass,Nom,Ideal,AK,Hhigh,HYD1000,HYD1000,3,NA,6,1000,2282.2872312,34872.486264,4501.679554,89.2074326,119.52885560000001,935.8901551,1739.480647,9668.0738755
Mass,Nom,Ideal,AK,Hhigh,HYD1000,HYD1000,4,NA,6,1000,2428.2422850000003,37686.309318,4501.679554,89.2074326,119.52885560000001,935.8901551,1739.480647,9814.0289293
Mass,Nom,Ideal,AK,Hhigh,HYD1000,HYD1000,5,NA,6,1000,2600.1794517,40638.342108,4501.679554,89.2074326,119.52885560000001,935.8901551,1739.480647,9985.966096
Mass,Nom,Ideal,AK,Hhigh,HYD200,HYD200,3,NA,11.2,200,1838.49810704,28102.442088,3450.246388,80.89904203,185.9068235,526.0042941,1946.6098239999997,8028.16447867
Mass,Nom,Ideal,AK,Hhigh,HYD200,HYD200,4,NA,11.2,200,1952.25932205,30513.351204000002,3450.246388,80.89904203,185.9068235,526.0042941,1946.6098239999997,8141.925693679999
Mass,Nom,Ideal,AK,Hhigh,HYD200,HYD200,5,NA,11.2,200,2090.12821905,33028.806573,3450.246388,80.89904203,185.9068235,526.0042941,1946.6098239999997,8279.79459068
Mass,Nom,Ideal,AK,Hhigh,HYD500,HYD500,3,NA,8.5,500,2259.09175345,34534.319589,3876.212971,85.05323731999998,157.9678396,695.1517701,1843.045235,8916.52280647
Mass,Nom,Ideal,AK,Hhigh,HYD500,HYD500,4,NA,8.5,500,2405.3223807,37506.73857,3876.212971,85.05323731999998,157.9678396,695.1517701,1843.045235,9062.753433720001
Mass,Nom,Ideal,AK,Hhigh,HYD500,HYD500,5,NA,8.5,500,2577.7374199,40612.119114,3876.212971,85.05323731999998,157.9678396,695.1517701,1843.045235,9235.16847292
Mass,Nom,Ideal,AK,Hlow,HYD1000,HYD1000,3,NA,6,1000,3170.9562772,34872.486264,4501.679554,89.2074326,119.52885560000001,935.8901551,1739.480647,10556.742921500001
Mass,Nom,Ideal,AK,Hlow,HYD1000,HYD1000,4,NA,6,1000,3337.8111271,37686.309318,4501.679554,89.2074326,119.52885560000001,935.8901551,1739.480647,10723.5977714
Mass,Nom,Ideal,AK,Hlow,HYD1000,HYD1000,5,NA,6,1000,3531.0385868,40638.342108,4501.679554,89.2074326,119.52885560000001,935.8901551,1739.480647,10916.8252311
Mass,Nom,Ideal,AK,Hlow,HYD200,HYD200,3,NA,11.2,200,2604.8420419,28102.442088,3450.246388,80.89904203,185.9068235,526.0042941,1946.6098239999997,8794.50841353
Mass,Nom,Ideal,AK,Hlow,HYD200,HYD200,4,NA,11.2,200,2737.3403372,30513.351204000002,3450.246388,80.89904203,185.9068235,526.0042941,1946.6098239999997,8927.00670883
Mass,Nom,Ideal,AK,Hlow,HYD200,HYD200,5,NA,11.2,200,2896.9198098,33028.806573,3450.246388,80.89904203,185.9068235,526.0042941,1946.6098239999997,9086.58618143
Mass,Nom,Ideal,AK,Hlow,HYD500,HYD500,3,NA,8.5,500,3156.5415647,34534.319589,3876.212971,85.05323731999998,157.9678396,695.1517701,1843.045235,9813.972617720001
Mass,Nom,Ideal,AK,Hlow,HYD500,HYD500,4,NA,8.5,500,3323.6896595999997,37506.73857,3876.212971,85.05323731999998,157.9678396,695.1517701,1843.045235,9981.12071262
Mass,Nom,Ideal,AK,Hlow,HYD500,HYD500,5,NA,8.5,500,3520.2765258,40612.119114,3876.212971,85.05323731999998,157.9678396,695.1517701,1843.045235,10177.70757882
Mass,Nom,Ideal,CH,Hhigh,HYD1000,HYD1000,3,NA,11.2,1000,5357.0665613,76262.645487,5261.088309,98.73965043,202.6471644,1043.606567,2085.734824,14048.883076130001
Mass,Nom,Ideal,CH,Hhigh,HYD1000,HYD1000,4,NA,11.2,1000,5514.4665325,79142.038836,5261.088309,98.73965043,202.6471644,1043.606567,2085.734824,14206.283047329998
Mass,Nom,Ideal,CH,Hhigh,HYD1000,HYD1000,5,NA,11.2,1000,5693.3132988,82107.290748,5261.088309,98.73965043,202.6471644,1043.606567,2085.734824,14385.12981363
Mass,Nom,Ideal,CH,Hhigh,HYD200,HYD200,3,NA,14,200,4886.6040677,70713.262893,3914.701496,86.01987985,216.5004265,574.1597647,2154.777882,11832.763516750001
Mass,Nom,Ideal,CH,Hhigh,HYD200,HYD200,4,NA,14,200,5026.4835987,73622.691492,3914.701496,86.01987985,216.5004265,574.1597647,2154.777882,11972.643047750002
Mass,Nom,Ideal,CH,Hhigh,HYD200,HYD200,5,NA,14,200,5194.2804295,76673.471742,3914.701496,86.01987985,216.5004265,574.1597647,2154.777882,12140.439878550002
Mass,Nom,Ideal,CH,Hhigh,HYD500,HYD500,3,NA,14,500,5035.8186769,72555.379701,4561.883314,93.48261014,227.9549719,787.9779465,2154.777882,12861.89540144
Mass,Nom,Ideal,CH,Hhigh,HYD500,HYD500,4,NA,14,500,5181.9883906,75478.953081,4561.883314,93.48261014,227.9549719,787.9779465,2154.777882,13008.065115139998
Mass,Nom,Ideal,CH,Hhigh,HYD500,HYD500,5,NA,14,500,5354.5472883,78528.357768,4561.883314,93.48261014,227.9549719,787.9779465,2154.777882,13180.624012839999
Mass,Nom,Ideal,CH,Hlow,HYD1000,HYD1000,3,NA,11.2,1000,7183.0468323,76262.645487,5261.088309,98.73965043,202.6471644,1043.606567,2085.734824,15874.863347129998
Mass,Nom,Ideal,CH,Hlow,HYD1000,HYD1000,4,NA,11.2,1000,7364.6628630000005,79142.038836,5261.088309,98.73965043,202.6471644,1043.606567,2085.734824,16056.47937783
Mass,Nom,Ideal,CH,Hlow,HYD1000,HYD1000,5,NA,11.2,1000,7560.7662991,82107.290748,5261.088309,98.73965043,202.6471644,1043.606567,2085.734824,16252.58281393
Mass,Nom,Ideal,CH,Hlow,HYD200,HYD200,3,NA,14,200,6581.0633037,70713.262893,3914.701496,86.01987985,216.5004265,574.1597647,2154.777882,13527.222752750002
Mass,Nom,Ideal,CH,Hlow,HYD200,HYD200,4,NA,14,200,6744.0182179,73622.691492,3914.701496,86.01987985,216.5004265,574.1597647,2154.777882,13690.177666950001
Mass,Nom,Ideal,CH,Hlow,HYD200,HYD200,5,NA,14,200,6935.9880271,76673.471742,3914.701496,86.01987985,216.5004265,574.1597647,2154.777882,13882.147476150001
Mass,Nom,Ideal,CH,Hlow,HYD500,HYD500,3,NA,14,500,6754.550135699999,72555.379701,4561.883314,93.48261014,227.9549719,787.9779465,2154.777882,14580.626860239998
Mass,Nom,Ideal,CH,Hlow,HYD500,HYD500,4,NA,14,500,6923.442933,75478.953081,4561.883314,93.48261014,227.9549719,787.9779465,2154.777882,14749.51965754
Mass,Nom,Ideal,CH,Hlow,HYD500,HYD500,5,NA,14,500,7118.4620556,78528.357768,4561.883314,93.48261014,227.9549719,787.9779465,2154.777882,14944.53878014
Mass,Nom,Real,AK,Hhigh,HYD1000,HYD1000,3,NA,6,1000,2125.1236099,32468.62458,4501.679554,89.2074326,119.52885560000001,935.8901551,1739.480647,9510.9102542
Mass,Nom,Real,AK,Hhigh,HYD1000,HYD1000,4,NA,6,1000,2269.6295552,35275.928961,4501.679554,89.2074326,119.52885560000001,935.8901551,1739.480647,9655.4161995
Mass,Nom,Real,AK,Hhigh,HYD1000,HYD1000,5,NA,6,1000,2440.616189,38225.367935999995,4501.679554,89.2074326,119.52885560000001,935.8901551,1739.480647,9826.4028333
Mass,Nom,Real,AK,Hhigh,HYD200,HYD200,3,NA,11.2,200,1691.13655969,25806.781686,3450.246388,80.89904203,185.9068235,526.0042941,1946.6098239999997,7880.80293132
Mass,Nom,Real,AK,Hhigh,HYD200,HYD200,4,NA,11.2,200,1803.70677054,28215.162108,3450.246388,80.89904203,185.9068235,526.0042941,1946.6098239999997,7993.3731421699995
Mass,Nom,Real,AK,Hhigh,HYD200,HYD200,5,NA,11.2,200,1942.53145735,30734.089302,3450.246388,80.89904203,185.9068235,526.0042941,1946.6098239999997,8132.197828979999
Mass,Nom,Real,AK,Hhigh,HYD500,HYD500,3,NA,8.5,500,2100.4669625,32039.004459000003,3876.212971,85.05323731999998,157.9678396,695.1517701,1843.045235,8757.89801552
Mass,Nom,Real,AK,Hhigh,HYD500,HYD500,4,NA,8.5,500,2247.7492356,35012.348742,3876.212971,85.05323731999998,157.9678396,695.1517701,1843.045235,8905.18028862
Mass,Nom,Real,AK,Hhigh,HYD500,HYD500,5,NA,8.5,500,2419.6445372,38115.923202,3876.212971,85.05323731999998,157.9678396,695.1517701,1843.045235,9077.07559022
Mass,Nom,Real,AK,Hlow,HYD1000,HYD1000,3,NA,6,1000,2884.5240851,32468.62458,4501.679554,89.2074326,119.52885560000001,935.8901551,1739.480647,10270.3107294
Mass,Nom,Real,AK,Hlow,HYD1000,HYD1000,4,NA,6,1000,3048.137296,35275.928961,4501.679554,89.2074326,119.52885560000001,935.8901551,1739.480647,10433.923940300001
Mass,Nom,Real,AK,Hlow,HYD1000,HYD1000,5,NA,6,1000,3241.3429919,38225.367935999995,4501.679554,89.2074326,119.52885560000001,935.8901551,1739.480647,10627.129636200001
Mass,Nom,Real,AK,Hlow,HYD200,HYD200,3,NA,11.2,200,2336.93951335,25806.781686,3450.246388,80.89904203,185.9068235,526.0042941,1946.6098239999997,8526.60588498
Mass,Nom,Real,AK,Hlow,HYD200,HYD200,4,NA,11.2,200,2468.8501764,28215.162108,3450.246388,80.89904203,185.9068235,526.0042941,1946.6098239999997,8658.51654803
Mass,Nom,Real,AK,Hlow,HYD200,HYD200,5,NA,11.2,200,2629.1621009,30734.089302,3450.246388,80.89904203,185.9068235,526.0042941,1946.6098239999997,8818.82847253
Mass,Nom,Real,AK,Hlow,HYD500,HYD500,3,NA,8.5,500,2865.3782074,32039.004459000003,3876.212971,85.05323731999998,157.9678396,695.1517701,1843.045235,9522.809260420001
Mass,Nom,Real,AK,Hlow,HYD500,HYD500,4,NA,8.5,500,3032.6108915,35012.348742,3876.212971,85.05323731999998,157.9678396,695.1517701,1843.045235,9690.04194452
Mass,Nom,Real,AK,Hlow,HYD500,HYD500,5,NA,8.5,500,3229.4020356,38115.923202,3876.212971,85.05323731999998,157.9678396,695.1517701,1843.045235,9886.83308862
Mass,Nom,Real,CH,Hhigh,HYD1000,HYD1000,3,NA,11.2,1000,4537.2542017000005,64004.343879,5261.088309,98.73965043,202.6471644,1043.606567,2085.734824,13229.070716530001
Mass,Nom,Real,CH,Hhigh,HYD1000,HYD1000,4,NA,11.2,1000,4694.7653432,66863.570571,5261.088309,98.73965043,202.6471644,1043.606567,2085.734824,13386.58185803
Mass,Nom,Real,CH,Hhigh,HYD1000,HYD1000,5,NA,11.2,1000,4873.8454558,69833.798034,5261.088309,98.73965043,202.6471644,1043.606567,2085.734824,13565.66197063
Mass,Nom,Real,CH,Hhigh,HYD200,HYD200,3,NA,14,200,4124.201537,59401.245519000004,3914.701496,86.01987985,216.5004265,574.1597647,2154.777882,11070.36098605
Mass,Nom,Real,CH,Hhigh,HYD200,HYD200,4,NA,14,200,4265.2632278,62313.973134,3914.701496,86.01987985,216.5004265,574.1597647,2154.777882,11211.422676850001
Mass,Nom,Real,CH,Hhigh,HYD200,HYD200,5,NA,14,200,4433.5498725,65357.735667,3914.701496,86.01987985,216.5004265,574.1597647,2154.777882,11379.70932155
Mass,Nom,Real,CH,Hhigh,HYD500,HYD500,3,NA,14,500,4280.5167748,61249.135248000006,4561.883314,93.48261014,227.9549719,787.9779465,2154.777882,12106.59349934
Mass,Nom,Real,CH,Hhigh,HYD500,HYD500,4,NA,14,500,4427.6838569,64165.905426000005,4561.883314,93.48261014,227.9549719,787.9779465,2154.777882,12253.76058144
Mass,Nom,Real,CH,Hhigh,HYD500,HYD500,5,NA,14,500,4599.2769208,67216.727109,4561.883314,93.48261014,227.9549719,787.9779465,2154.777882,12425.35364534
Mass,Nom,Real,CH,Hlow,HYD1000,HYD1000,3,NA,11.2,1000,5924.8974279,64004.343879,5261.088309,98.73965043,202.6471644,1043.606567,2085.734824,14616.713942729999
Mass,Nom,Real,CH,Hlow,HYD1000,HYD1000,4,NA,11.2,1000,6103.3468396,66863.570571,5261.088309,98.73965043,202.6471644,1043.606567,2085.734824,14795.163354429998
Mass,Nom,Real,CH,Hlow,HYD1000,HYD1000,5,NA,11.2,1000,6302.0163698,69833.798034,5261.088309,98.73965043,202.6471644,1043.606567,2085.734824,14993.83288463
Mass,Nom,Real,CH,Hlow,HYD200,HYD200,3,NA,14,200,5423.083086,59401.245519000004,3914.701496,86.01987985,216.5004265,574.1597647,2154.777882,12369.242535050002
Mass,Nom,Real,CH,Hlow,HYD200,HYD200,4,NA,14,200,5586.8641351999995,62313.973134,3914.701496,86.01987985,216.5004265,574.1597647,2154.777882,12533.02358425
Mass,Nom,Real,CH,Hlow,HYD200,HYD200,5,NA,14,200,5779.0348473,65357.735667,3914.701496,86.01987985,216.5004265,574.1597647,2154.777882,12725.194296350002
Mass,Nom,Real,CH,Hlow,HYD500,HYD500,3,NA,14,500,5600.5677811,61249.135248000006,4561.883314,93.48261014,227.9549719,787.9779465,2154.777882,13426.644505639999
Mass,Nom,Real,CH,Hlow,HYD500,HYD500,4,NA,14,500,5769.4577861,64165.905426000005,4561.883314,93.48261014,227.9549719,787.9779465,2154.777882,13595.534510639998
Mass,Nom,Real,CH,Hlow,HYD500,HYD500,5,NA,14,500,5964.8746863,67216.727109,4561.883314,93.48261014,227.9549719,787.9779465,2154.777882,13790.95141084
Mod,H1,Ideal,AK,Hhigh,HYD1000,HYD1000,3,NA,5,1000,2051.85614305,32480.083314000003,4659.220415,95.4274389,134.2226791,995.8124198,2082.959118,10019.49821385
Mod,H1,Ideal,AK,Hhigh,HYD1000,HYD1000,4,NA,5,1000,2195.00900025,35373.31413,4659.220415,95.4274389,134.2226791,995.8124198,2082.959118,10162.65107105
Mod,H1,Ideal,AK,Hhigh,HYD1000,HYD1000,5,NA,5,1000,2363.8589481,38320.676625,4659.220415,95.4274389,134.2226791,995.8124198,2082.959118,10331.5010189
Mod,H1,Ideal,AK,Hhigh,HYD200,HYD200,3,NA,8.5,200,1971.45962915,31278.493848,3460.310425,84.91335833,174.3382941,556.1460882,2221.045235,8468.21302978
Mod,H1,Ideal,AK,Hhigh,HYD200,HYD200,4,NA,8.5,200,2110.55869215,34263.855696,3460.310425,84.91335833,174.3382941,556.1460882,2221.045235,8607.31209278
Mod,H1,Ideal,AK,Hhigh,HYD200,HYD200,5,NA,8.5,200,2279.3429155,37358.238918,3460.310425,84.91335833,174.3382941,556.1460882,2221.045235,8776.09631613
Mod,H1,Ideal,AK,Hhigh,HYD500,HYD500,3,NA,6,500,1985.24211575,31190.762294999997,3886.277008,89.06755361,146.3993102,725.2935642,2117.480647,8949.760198760001
Mod,H1,Ideal,AK,Hhigh,HYD500,HYD500,4,NA,6,500,2121.2618142,33993.344028,3886.277008,89.06755361,146.3993102,725.2935642,2117.480647,9085.77989721
Mod,H1,Ideal,AK,Hhigh,HYD500,HYD500,5,NA,6,500,2284.48209265,36933.717387,3886.277008,89.06755361,146.3993102,725.2935642,2117.480647,9249.000175660001
Mod,H1,Ideal,AK,Hlow,HYD1000,HYD1000,3,NA,5,1000,2985.6554706,32480.083314000003,4659.220415,95.4274389,134.2226791,995.8124198,2082.959118,10953.297541400001
Mod,H1,Ideal,AK,Hlow,HYD1000,HYD1000,4,NA,5,1000,3145.6773001,35373.31413,4659.220415,95.4274389,134.2226791,995.8124198,2082.959118,11113.3193709
Mod,H1,Ideal,AK,Hlow,HYD1000,HYD1000,5,NA,5,1000,3331.9401390000003,38320.676625,4659.220415,95.4274389,134.2226791,995.8124198,2082.959118,11299.5822098
Mod,H1,Ideal,AK,Hlow,HYD200,HYD200,3,NA,8.5,200,2941.7609264000002,31278.493848,3460.310425,84.91335833,174.3382941,556.1460882,2221.045235,9438.51432703
Mod,H1,Ideal,AK,Hlow,HYD200,HYD200,4,NA,8.5,200,3102.6950043,34263.855696,3460.310425,84.91335833,174.3382941,556.1460882,2221.045235,9599.44840493
Mod,H1,Ideal,AK,Hlow,HYD200,HYD200,5,NA,8.5,200,3296.177963,37358.238918,3460.310425,84.91335833,174.3382941,556.1460882,2221.045235,9792.93136363
Mod,H1,Ideal,AK,Hlow,HYD500,HYD500,3,NA,6,500,2933.8103701,31190.762294999997,3886.277008,89.06755361,146.3993102,725.2935642,2117.480647,9898.32845311
Mod,H1,Ideal,AK,Hlow,HYD500,HYD500,4,NA,6,500,3090.9357384,33993.344028,3886.277008,89.06755361,146.3993102,725.2935642,2117.480647,10055.453821410001
Mod,H1,Ideal,AK,Hlow,HYD500,HYD500,5,NA,6,500,3276.7775272,36933.717387,3886.277008,89.06755361,146.3993102,725.2935642,2117.480647,10241.29561021
Mod,H1,Ideal,CH,Hhigh,HYD1000,HYD1000,3,NA,8.5,1000,6289.2275644,92363.37877200001,5202.498803,101.93772529999998,191.07863499999996,1067.185861,2306.357735,15158.2863237
Mod,H1,Ideal,CH,Hhigh,HYD1000,HYD1000,4,NA,8.5,1000,6461.4682223,95655.128898,5202.498803,101.93772529999998,191.07863499999996,1067.185861,2306.357735,15330.5269816
Mod,H1,Ideal,CH,Hhigh,HYD1000,HYD1000,5,NA,8.5,1000,6661.6675634,99048.74322,5202.498803,101.93772529999998,191.07863499999996,1067.185861,2306.357735,15530.7263227
Mod,H1,Ideal,CH,Hhigh,HYD200,HYD200,3,NA,11.2,200,5830.0377111,83922.90253200001,3929.850402,90.32079976,218.0630735,612.6292941,2409.922324,13090.823604459998
Mod,H1,Ideal,CH,Hhigh,HYD200,HYD200,4,NA,11.2,200,5972.5797226,86756.54841,3929.850402,90.32079976,218.0630735,612.6292941,2409.922324,13233.36561596
Mod,H1,Ideal,CH,Hhigh,HYD200,HYD200,5,NA,11.2,200,6132.4908782,89678.152221,3929.850402,90.32079976,218.0630735,612.6292941,2409.922324,13393.276771559998
Mod,H1,Ideal,CH,Hhigh,HYD500,HYD500,3,NA,8.5,500,6112.7662898,89772.65908800001,4355.816985,94.47499504999999,190.1240896,781.7767701,2306.357735,13841.316864549999
Mod,H1,Ideal,CH,Hhigh,HYD500,HYD500,4,NA,8.5,500,6274.6260803000005,93060.04001699999,4355.816985,94.47499504999999,190.1240896,781.7767701,2306.357735,14003.176655050002
Mod,H1,Ideal,CH,Hhigh,HYD500,HYD500,5,NA,8.5,500,6463.5161253999995,96445.250286,4355.816985,94.47499504999999,190.1240896,781.7767701,2306.357735,14192.066700149999
Mod,H1,Ideal,CH,Hlow,HYD1000,HYD1000,3,NA,8.5,1000,9005.9555585,92363.37877200001,5202.498803,101.93772529999998,191.07863499999996,1067.185861,2306.357735,17875.0143178
Mod,H1,Ideal,CH,Hlow,HYD1000,HYD1000,4,NA,8.5,1000,9199.8890565,95655.128898,5202.498803,101.93772529999998,191.07863499999996,1067.185861,2306.357735,18068.947815800002
Mod,H1,Ideal,CH,Hlow,HYD1000,HYD1000,5,NA,8.5,1000,9418.693695599999,99048.74322,5202.498803,101.93772529999998,191.07863499999996,1067.185861,2306.357735,18287.7524549
Mod,H1,Ideal,CH,Hlow,HYD200,HYD200,3,NA,11.2,200,8452.342129,83922.90253200001,3929.850402,90.32079976,218.0630735,612.6292941,2409.922324,15713.12802236
Mod,H1,Ideal,CH,Hlow,HYD200,HYD200,4,NA,11.2,200,8620.4891839,86756.54841,3929.850402,90.32079976,218.0630735,612.6292941,2409.922324,15881.275077259997
Mod,H1,Ideal,CH,Hlow,HYD200,HYD200,5,NA,11.2,200,8802.769257,89678.152221,3929.850402,90.32079976,218.0630735,612.6292941,2409.922324,16063.55515036
Mod,H1,Ideal,CH,Hlow,HYD500,HYD500,3,NA,8.5,500,8791.582513199999,89772.65908800001,4355.816985,94.47499504999999,190.1240896,781.7767701,2306.357735,16520.133087950002
Mod,H1,Ideal,CH,Hlow,HYD500,HYD500,4,NA,8.5,500,8977.5428761,93060.04001699999,4355.816985,94.47499504999999,190.1240896,781.7767701,2306.357735,16706.093450850003
Mod,H1,Ideal,CH,Hlow,HYD500,HYD500,5,NA,8.5,500,9188.1758115,96445.250286,4355.816985,94.47499504999999,190.1240896,781.7767701,2306.357735,16916.72638625
Mod,H1,Real,AK,Hhigh,HYD1000,HYD1000,3,NA,5,1000,2013.81719965,31862.275095,4659.220415,95.4274389,134.2226791,995.8124198,2082.959118,9981.459270450001
Mod,H1,Real,AK,Hhigh,HYD1000,HYD1000,4,NA,5,1000,2156.2531164,34753.35633,4659.220415,95.4274389,134.2226791,995.8124198,2082.959118,10123.895187200002
Mod,H1,Real,AK,Hhigh,HYD1000,HYD1000,5,NA,5,1000,2324.8100181,37700.020911,4659.220415,95.4274389,134.2226791,995.8124198,2082.959118,10292.452088900001
Mod,H1,Real,AK,Hhigh,HYD200,HYD200,3,NA,8.5,200,1934.3468215,30630.031047,3460.310425,84.91335833,174.3382941,556.1460882,2221.045235,8431.10022213
Mod,H1,Real,AK,Hhigh,HYD200,HYD200,4,NA,8.5,200,2073.39901305,33616.110696,3460.310425,84.91335833,174.3382941,556.1460882,2221.045235,8570.15241368
Mod,H1,Real,AK,Hhigh,HYD200,HYD200,5,NA,8.5,200,2242.27372125,36709.388331,3460.310425,84.91335833,174.3382941,556.1460882,2221.045235,8739.02712188
Mod,H1,Real,AK,Hhigh,HYD500,HYD500,3,NA,6,500,1950.0316828,30573.016803,3886.277008,89.06755361,146.3993102,725.2935642,2117.480647,8914.549765810001
Mod,H1,Real,AK,Hhigh,HYD500,HYD500,4,NA,6,500,2086.31004865,33375.964608,3886.277008,89.06755361,146.3993102,725.2935642,2117.480647,9050.82813166
Mod,H1,Real,AK,Hhigh,HYD500,HYD500,5,NA,6,500,2249.2800713,36315.242228999996,3886.277008,89.06755361,146.3993102,725.2935642,2117.480647,9213.798154310001
Mod,H1,Real,AK,Hlow,HYD1000,HYD1000,3,NA,5,1000,2899.2890734000002,31862.275095,4659.220415,95.4274389,134.2226791,995.8124198,2082.959118,10866.931144200002
Mod,H1,Real,AK,Hlow,HYD1000,HYD1000,4,NA,5,1000,3058.1507417,34753.35633,4659.220415,95.4274389,134.2226791,995.8124198,2082.959118,11025.7928125
Mod,H1,Real,AK,Hlow,HYD1000,HYD1000,5,NA,5,1000,3244.5863565,37700.020911,4659.220415,95.4274389,134.2226791,995.8124198,2082.959118,11212.2284273
Mod,H1,Real,AK,Hlow,HYD200,HYD200,3,NA,8.5,200,2854.3485548000003,30630.031047,3460.310425,84.91335833,174.3382941,556.1460882,2221.045235,9351.10195543
Mod,H1,Real,AK,Hlow,HYD200,HYD200,4,NA,8.5,200,3015.2789353,33616.110696,3460.310425,84.91335833,174.3382941,556.1460882,2221.045235,9512.03233593
Mod,H1,Real,AK,Hlow,HYD200,HYD200,5,NA,8.5,200,3208.5269297,36709.388331,3460.310425,84.91335833,174.3382941,556.1460882,2221.045235,9705.28033033
Mod,H1,Real,AK,Hlow,HYD500,HYD500,3,NA,6,500,2849.8508871999998,30573.016803,3886.277008,89.06755361,146.3993102,725.2935642,2117.480647,9814.36897021
Mod,H1,Real,AK,Hlow,HYD500,HYD500,4,NA,6,500,3007.0483914,33375.964608,3886.277008,89.06755361,146.3993102,725.2935642,2117.480647,9971.566474410001
Mod,H1,Real,AK,Hlow,HYD500,HYD500,5,NA,6,500,3192.5207174,36315.242228999996,3886.277008,89.06755361,146.3993102,725.2935642,2117.480647,10157.03880041
Mod,H1,Real,CH,Hhigh,HYD1000,HYD1000,3,NA,8.5,1000,5614.8629569,82065.403098,5202.498803,101.93772529999998,191.07863499999996,1067.185861,2306.357735,14483.9217162
Mod,H1,Real,CH,Hhigh,HYD1000,HYD1000,4,NA,8.5,1000,5786.5165355,85349.995458,5202.498803,101.93772529999998,191.07863499999996,1067.185861,2306.357735,14655.5752948
Mod,H1,Real,CH,Hhigh,HYD1000,HYD1000,5,NA,8.5,1000,5985.3065984,88739.582484,5202.498803,101.93772529999998,191.07863499999996,1067.185861,2306.357735,14854.3653577
Mod,H1,Real,CH,Hhigh,HYD200,HYD200,3,NA,11.2,200,5114.9324308,73195.582908,3929.850402,90.32079976,218.0630735,612.6292941,2409.922324,12375.71832416
Mod,H1,Real,CH,Hhigh,HYD200,HYD200,4,NA,11.2,200,5256.2587958,76027.175049,3929.850402,90.32079976,218.0630735,612.6292941,2409.922324,12517.04468916
Mod,H1,Real,CH,Hhigh,HYD200,HYD200,5,NA,11.2,200,5416.3421968,78946.150752,3929.850402,90.32079976,218.0630735,612.6292941,2409.922324,12677.12809016
Mod,H1,Real,CH,Hhigh,HYD500,HYD500,3,NA,8.5,500,5437.0521598000005,79486.510341,4355.816985,94.47499504999999,190.1240896,781.7767701,2306.357735,13165.60273455
Mod,H1,Real,CH,Hhigh,HYD500,HYD500,4,NA,8.5,500,5599.5887842,82771.121244,4355.816985,94.47499504999999,190.1240896,781.7767701,2306.357735,13328.13935895
Mod,H1,Real,CH,Hhigh,HYD500,HYD500,5,NA,8.5,500,5786.7765118,86152.814643,4355.816985,94.47499504999999,190.1240896,781.7767701,2306.357735,13515.32708655
Mod,H1,Real,CH,Hlow,HYD1000,HYD1000,3,NA,8.5,1000,7820.7432346,82065.403098,5202.498803,101.93772529999998,191.07863499999996,1067.185861,2306.357735,16689.8019939
Mod,H1,Real,CH,Hlow,HYD1000,HYD1000,4,NA,8.5,1000,8013.2253697,85349.995458,5202.498803,101.93772529999998,191.07863499999996,1067.185861,2306.357735,16882.284129
Mod,H1,Real,CH,Hlow,HYD1000,HYD1000,5,NA,8.5,1000,8231.1014837,88739.582484,5202.498803,101.93772529999998,191.07863499999996,1067.185861,2306.357735,17100.160243000002
Mod,H1,Real,CH,Hlow,HYD200,HYD200,3,NA,11.2,200,7213.048437,73195.582908,3929.850402,90.32079976,218.0630735,612.6292941,2409.922324,14473.834330360001
Mod,H1,Real,CH,Hlow,HYD200,HYD200,4,NA,11.2,200,7379.1823335,76027.175049,3929.850402,90.32079976,218.0630735,612.6292941,2409.922324,14639.96822686
Mod,H1,Real,CH,Hlow,HYD200,HYD200,5,NA,11.2,200,7562.1059433,78946.150752,3929.850402,90.32079976,218.0630735,612.6292941,2409.922324,14822.891836660001
Mod,H1,Real,CH,Hlow,HYD500,HYD500,3,NA,8.5,500,7608.348113,79486.510341,4355.816985,94.47499504999999,190.1240896,781.7767701,2306.357735,15336.898687750001
Mod,H1,Real,CH,Hlow,HYD500,HYD500,4,NA,8.5,500,7794.6789951,82771.121244,4355.816985,94.47499504999999,190.1240896,781.7767701,2306.357735,15523.22956985
Mod,H1,Real,CH,Hlow,HYD500,HYD500,5,NA,8.5,500,8004.964613,86152.814643,4355.816985,94.47499504999999,190.1240896,781.7767701,2306.357735,15733.515187750001
Mod,Nom,Ideal,AK,Hhigh,HYD1000,HYD1000,3,NA,6,1000,2743.7034527,41912.632755,4923.770572,98.62919033,151.68510560000001,1022.515155,2202.793147,11143.09662263
Mod,Nom,Ideal,AK,Hhigh,HYD1000,HYD1000,4,NA,6,1000,2886.0954963,44710.537872,4923.770572,98.62919033,151.68510560000001,1022.515155,2202.793147,11285.48866623
Mod,Nom,Ideal,AK,Hhigh,HYD1000,HYD1000,5,NA,6,1000,3057.2642633,47656.695093,4923.770572,98.62919033,151.68510560000001,1022.515155,2202.793147,11456.65743323
Mod,Nom,Ideal,AK,Hhigh,HYD200,HYD200,3,NA,11.2,200,2246.0438535499998,34312.614735,3872.337406,90.32079976,218.0630735,612.6292941,2409.922324,9449.316750910002
Mod,Nom,Ideal,AK,Hhigh,HYD200,HYD200,4,NA,11.2,200,2359.2205338,36720.595359,3872.337406,90.32079976,218.0630735,612.6292941,2409.922324,9562.4934311600009
Mod,Nom,Ideal,AK,Hhigh,HYD200,HYD200,5,NA,11.2,200,2496.4814419,39232.980948000004,3872.337406,90.32079976,218.0630735,612.6292941,2409.922324,9699.754339260002
Mod,Nom,Ideal,AK,Hhigh,HYD500,HYD500,3,NA,8.5,500,2738.1787074,41890.348121999996,4298.303989,94.47499504999999,190.1240896,781.7767701,2306.357735,10409.21628615
Mod,Nom,Ideal,AK,Hhigh,HYD500,HYD500,4,NA,8.5,500,2881.7338598,44857.954743,4298.303989,94.47499504999999,190.1240896,781.7767701,2306.357735,10552.77143855
Mod,Nom,Ideal,AK,Hhigh,HYD500,HYD500,5,NA,8.5,500,3054.5661454,47960.005548,4298.303989,94.47499504999999,190.1240896,781.7767701,2306.357735,10725.60372415
Mod,Nom,Ideal,AK,Hlow,HYD1000,HYD1000,3,NA,6,1000,4056.5807058,41912.632755,4923.770572,98.62919033,151.68510560000001,1022.515155,2202.793147,12455.97387573
Mod,Nom,Ideal,AK,Hlow,HYD1000,HYD1000,4,NA,6,1000,4219.4771647,44710.537872,4923.770572,98.62919033,151.68510560000001,1022.515155,2202.793147,12618.870334629999
Mod,Nom,Ideal,AK,Hlow,HYD1000,HYD1000,5,NA,6,1000,4410.8581096,47656.695093,4923.770572,98.62919033,151.68510560000001,1022.515155,2202.793147,12810.251279529999
Mod,Nom,Ideal,AK,Hlow,HYD200,HYD200,3,NA,11.2,200,3393.5447924,34312.614735,3872.337406,90.32079976,218.0630735,612.6292941,2409.922324,10596.817689760002
Mod,Nom,Ideal,AK,Hlow,HYD200,HYD200,4,NA,11.2,200,3524.856041,36720.595359,3872.337406,90.32079976,218.0630735,612.6292941,2409.922324,10728.128938360001
Mod,Nom,Ideal,AK,Hlow,HYD200,HYD200,5,NA,11.2,200,3684.109946,39232.980948000004,3872.337406,90.32079976,218.0630735,612.6292941,2409.922324,10887.38284336
Mod,Nom,Ideal,AK,Hlow,HYD500,HYD500,3,NA,8.5,500,4080.3472022,41890.348121999996,4298.303989,94.47499504999999,190.1240896,781.7767701,2306.357735,11751.38478095
Mod,Nom,Ideal,AK,Hlow,HYD500,HYD500,4,NA,8.5,500,4245.1433713,44857.954743,4298.303989,94.47499504999999,190.1240896,781.7767701,2306.357735,11916.18095005
Mod,Nom,Ideal,AK,Hlow,HYD500,HYD500,5,NA,8.5,500,4441.6187786,47960.005548,4298.303989,94.47499504999999,190.1240896,781.7767701,2306.357735,12112.65635735
Mod,Nom,Ideal,CH,Hhigh,HYD1000,HYD1000,3,NA,14,1000,7577.6264808,108800.199018,5858.332859,109.0844331,261.0657674,1149.512037,2538.027882,17493.6494593
Mod,Nom,Ideal,CH,Hhigh,HYD1000,HYD1000,4,NA,14,1000,7733.4402454,111729.349452,5858.332859,109.0844331,261.0657674,1149.512037,2538.027882,17649.4632239
Mod,Nom,Ideal,CH,Hhigh,HYD1000,HYD1000,5,NA,14,1000,7916.6409054999995,114788.153907,5858.332859,109.0844331,261.0657674,1149.512037,2538.027882,17832.663883999998
Mod,Nom,Ideal,CH,Hhigh,HYD200,HYD200,3,NA,14,200,7251.1701425,104569.804521,4364.469222,94.15897254,248.6566765,650.2847647,2538.027882,15146.76766024
Mod,Nom,Ideal,CH,Hhigh,HYD200,HYD200,4,NA,14,200,7393.2519425,107487.40306499999,4364.469222,94.15897254,248.6566765,650.2847647,2538.027882,15288.84946024
Mod,Nom,Ideal,CH,Hhigh,HYD200,HYD200,5,NA,14,200,7558.2918009000005,110514.27502500001,4364.469222,94.15897254,248.6566765,650.2847647,2538.027882,15453.889318640002
Mod,Nom,Ideal,CH,Hhigh,HYD500,HYD500,3,NA,14,500,7400.5590932,106319.687565,5011.65104,101.6217028,260.1112219,864.1029465,2538.027882,16176.073886399998
Mod,Nom,Ideal,CH,Hhigh,HYD500,HYD500,4,NA,14,500,7546.1101912,109232.88039300001,5011.65104,101.6217028,260.1112219,864.1029465,2538.027882,16321.6249844
Mod,Nom,Ideal,CH,Hhigh,HYD500,HYD500,5,NA,14,500,7717.4681954,112281.805125,5011.65104,101.6217028,260.1112219,864.1029465,2538.027882,16492.982988599997
Mod,Nom,Ideal,CH,Hlow,HYD1000,HYD1000,3,NA,14,1000,10724.8032212,108800.199018,5858.332859,109.0844331,261.0657674,1149.512037,2538.027882,20640.826199699997
Mod,Nom,Ideal,CH,Hlow,HYD1000,HYD1000,4,NA,14,1000,10901.6887808,111729.349452,5858.332859,109.0844331,261.0657674,1149.512037,2538.027882,20817.711759299997
Mod,Nom,Ideal,CH,Hlow,HYD1000,HYD1000,5,NA,14,1000,11104.9035239,114788.153907,5858.332859,109.0844331,261.0657674,1149.512037,2538.027882,21020.9265024
Mod,Nom,Ideal,CH,Hlow,HYD200,HYD200,3,NA,14,200,10345.3442096,104569.804521,4364.469222,94.15897254,248.6566765,650.2847647,2538.027882,18240.94172734
Mod,Nom,Ideal,CH,Hlow,HYD200,HYD200,4,NA,14,200,10510.8395568,107487.40306499999,4364.469222,94.15897254,248.6566765,650.2847647,2538.027882,18406.43707454
Mod,Nom,Ideal,CH,Hlow,HYD200,HYD200,5,NA,14,200,10700.4303351,110514.27502500001,4364.469222,94.15897254,248.6566765,650.2847647,2538.027882,18596.02785284
Mod,Nom,Ideal,CH,Hlow,HYD500,HYD500,3,NA,14,500,10515.0574967,106319.687565,5011.65104,101.6217028,260.1112219,864.1029465,2538.027882,19290.5722899
Mod,Nom,Ideal,CH,Hlow,HYD500,HYD500,4,NA,14,500,10683.4472868,109232.88039300001,5011.65104,101.6217028,260.1112219,864.1029465,2538.027882,19458.962079999998
Mod,Nom,Ideal,CH,Hlow,HYD500,HYD500,5,NA,14,500,10878.2155712,112281.805125,5011.65104,101.6217028,260.1112219,864.1029465,2538.027882,19653.7303644
Mod,Nom,Real,AK,Hhigh,HYD1000,HYD1000,3,NA,6,1000,2592.5347203,39397.470336,4923.770572,98.62919033,151.68510560000001,1022.515155,2202.793147,10991.92789023
Mod,Nom,Real,AK,Hhigh,HYD1000,HYD1000,4,NA,6,1000,2733.8741196,42191.061843,4923.770572,98.62919033,151.68510560000001,1022.515155,2202.793147,11133.26728953
Mod,Nom,Real,AK,Hhigh,HYD1000,HYD1000,5,NA,6,1000,2905.0316723,45137.571339,4923.770572,98.62919033,151.68510560000001,1022.515155,2202.793147,11304.42484223
Mod,Nom,Real,AK,Hhigh,HYD200,HYD200,3,NA,11.2,200,2102.79626635,31904.708766000003,3872.337406,90.32079976,218.0630735,612.6292941,2409.922324,9306.069163710003
Mod,Nom,Real,AK,Hhigh,HYD200,HYD200,4,NA,11.2,200,2215.63218025,34315.924545,3872.337406,90.32079976,218.0630735,612.6292941,2409.922324,9418.905077610001
Mod,Nom,Real,AK,Hhigh,HYD200,HYD200,5,NA,11.2,200,2353.786806,36830.678598,3872.337406,90.32079976,218.0630735,612.6292941,2409.922324,9557.059703360002
Mod,Nom,Real,AK,Hhigh,HYD500,HYD500,3,NA,8.5,500,2583.3667881,39261.565119,4298.303989,94.47499504999999,190.1240896,781.7767701,2306.357735,10254.40436685
Mod,Nom,Real,AK,Hhigh,HYD500,HYD500,4,NA,8.5,500,2727.2168397,42228.509946,4298.303989,94.47499504999999,190.1240896,781.7767701,2306.357735,10398.25441845
Mod,Nom,Real,AK,Hhigh,HYD500,HYD500,5,NA,8.5,500,2900.1761925,45328.781841000004,4298.303989,94.47499504999999,190.1240896,781.7767701,2306.357735,10571.213771249999
Mod,Nom,Real,AK,Hlow,HYD1000,HYD1000,3,NA,6,1000,3744.1075899,39397.470336,4923.770572,98.62919033,151.68510560000001,1022.515155,2202.793147,12143.50075983
Mod,Nom,Real,AK,Hlow,HYD1000,HYD1000,4,NA,6,1000,3904.9454845,42191.061843,4923.770572,98.62919033,151.68510560000001,1022.515155,2202.793147,12304.338654430001
Mod,Nom,Real,AK,Hlow,HYD1000,HYD1000,5,NA,6,1000,4096.9102207,45137.571339,4923.770572,98.62919033,151.68510560000001,1022.515155,2202.793147,12496.30339063
Mod,Nom,Real,AK,Hlow,HYD200,HYD200,3,NA,11.2,200,3097.9517238000003,31904.708766000003,3872.337406,90.32079976,218.0630735,612.6292941,2409.922324,10301.224621160001
Mod,Nom,Real,AK,Hlow,HYD200,HYD200,4,NA,11.2,200,3229.9209570000003,34315.924545,3872.337406,90.32079976,218.0630735,612.6292941,2409.922324,10433.19385436
Mod,Nom,Real,AK,Hlow,HYD200,HYD200,5,NA,11.2,200,3389.6699429,36830.678598,3872.337406,90.32079976,218.0630735,612.6292941,2409.922324,10592.942840260002
Mod,Nom,Real,AK,Hlow,HYD500,HYD500,3,NA,8.5,500,3757.7555313,39261.565119,4298.303989,94.47499504999999,190.1240896,781.7767701,2306.357735,11428.793110049999
Mod,Nom,Real,AK,Hlow,HYD500,HYD500,4,NA,8.5,500,3922.449646,42228.509946,4298.303989,94.47499504999999,190.1240896,781.7767701,2306.357735,11593.48722475
Mod,Nom,Real,AK,Hlow,HYD500,HYD500,5,NA,8.5,500,4119.0927488,45328.781841000004,4298.303989,94.47499504999999,190.1240896,781.7767701,2306.357735,11790.13032755
Mod,Nom,Real,CH,Hhigh,HYD1000,HYD1000,3,NA,14,1000,6387.9383754,90699.147714,5858.332859,109.0844331,261.0657674,1149.512037,2538.027882,16303.9613539
Mod,Nom,Real,CH,Hhigh,HYD1000,HYD1000,4,NA,14,1000,6544.1729325,93616.00905299999,5858.332859,109.0844331,261.0657674,1149.512037,2538.027882,16460.195911
Mod,Nom,Real,CH,Hhigh,HYD1000,HYD1000,5,NA,14,1000,6725.4433582,96672.12435299999,5858.332859,109.0844331,261.0657674,1149.512037,2538.027882,16641.4663367
Mod,Nom,Real,CH,Hhigh,HYD200,HYD200,3,NA,14,200,6054.6250745,86469.906432,4364.469222,94.15897254,248.6566765,650.2847647,2538.027882,13950.222592240001
Mod,Nom,Real,CH,Hhigh,HYD200,HYD200,4,NA,14,200,6194.457998100001,89384.04360899999,4364.469222,94.15897254,248.6566765,650.2847647,2538.027882,14090.055515840002
Mod,Nom,Real,CH,Hhigh,HYD200,HYD200,5,NA,14,200,6360.0377436,92410.465644,4364.469222,94.15897254,248.6566765,650.2847647,2538.027882,14255.635261340001
Mod,Nom,Real,CH,Hhigh,HYD500,HYD500,3,NA,14,500,6207.3569113,88231.17807,5011.65104,101.6217028,260.1112219,864.1029465,2538.027882,14982.8717045
Mod,Nom,Real,CH,Hhigh,HYD500,HYD500,4,NA,14,500,6353.1733582,91139.33136000001,5011.65104,101.6217028,260.1112219,864.1029465,2538.027882,15128.688151399998
Mod,Nom,Real,CH,Hhigh,HYD500,HYD500,5,NA,14,500,6522.834095,94178.981715,5011.65104,101.6217028,260.1112219,864.1029465,2538.027882,15298.348888199998
Mod,Nom,Real,CH,Hlow,HYD1000,HYD1000,3,NA,14,1000,8767.4745211,90699.147714,5858.332859,109.0844331,261.0657674,1149.512037,2538.027882,18683.497499600002
Mod,Nom,Real,CH,Hlow,HYD1000,HYD1000,4,NA,14,1000,8943.815413,93616.00905299999,5858.332859,109.0844331,261.0657674,1149.512037,2538.027882,18859.8383915
Mod,Nom,Real,CH,Hlow,HYD1000,HYD1000,5,NA,14,1000,9145.650405,96672.12435299999,5858.332859,109.0844331,261.0657674,1149.512037,2538.027882,19061.673383499998
Mod,Nom,Real,CH,Hlow,HYD200,HYD200,3,NA,14,200,8386.1792105,86469.906432,4364.469222,94.15897254,248.6566765,650.2847647,2538.027882,16281.776728240002
Mod,Nom,Real,CH,Hlow,HYD200,HYD200,4,NA,14,200,8549.7662047,89384.04360899999,4364.469222,94.15897254,248.6566765,650.2847647,2538.027882,16445.36372244
Mod,Nom,Real,CH,Hlow,HYD200,HYD200,5,NA,14,200,8739.2603155,92410.465644,4364.469222,94.15897254,248.6566765,650.2847647,2538.027882,16634.85783324
Mod,Nom,Real,CH,Hlow,HYD500,HYD500,3,NA,14,500,8557.1652381,88231.17807,5011.65104,101.6217028,260.1112219,864.1029465,2538.027882,17332.6800313
Mod,Nom,Real,CH,Hlow,HYD500,HYD500,4,NA,14,500,8726.5077166,91139.33136000001,5011.65104,101.6217028,260.1112219,864.1029465,2538.027882,17502.022509799997
Mod,Nom,Real,CH,Hlow,HYD500,HYD500,5,NA,14,500,8920.7227825,94178.981715,5011.65104,101.6217028,260.1112219,864.1029465,2538.027882,17696.2375757
NA,NA,NA,AK,Hhigh,NA,HP,1,NA,4,135,243.45932724,4920.034959,593.0885628,13.96123413,11.48823529,66.38408824,276.7058824,1205.0873301
NA,NA,NA,AK,Hhigh,NA,HP,2,NA,4,135,360.69830477,7270.0967808000005,593.0885628,13.96123413,11.48823529,66.38408824,276.7058824,1322.32630763
NA,NA,NA,AK,Hhigh,NA,HP,3,NA,4,180,505.22196893,9945.9470292,703.5346516,18.88502168,16.67647059,82.37682353,276.7058824,1603.4008187299999
NA,NA,NA,AK,Hhigh,NA,HP,4,NA,4,300,671.20073691,13337.8610211,998.0575552,32.01512179,30.26470588,125.0241176,276.7058824,2133.2681197800002
NA,NA,NA,AK,Hhigh,NA,HP,5,NA,4,300,801.15764737,15702.7998708,998.0575552,32.01512179,30.26470588,125.0241176,276.7058824,2263.22503024
NA,NA,NA,AK,Hhigh,NA,HPo,1,NA,4,162,253.47950781,5107.1966736,659.3562161,16.91550666,14.576470590000001,75.97972941,276.7058824,1297.01331297
NA,NA,NA,AK,Hhigh,NA,HPo,2,NA,4,162,370.75284738,7459.570960800001,659.3562161,16.91550666,14.576470590000001,75.97972941,276.7058824,1414.28665254
NA,NA,NA,AK,Hhigh,NA,HPo,3,NA,4,216,522.03074128,10253.5676124,791.8915227,22.82405171,20.75294118,95.17101176000001,276.7058824,1729.3761510300003
NA,NA,NA,AK,Hhigh,NA,HPo,4,NA,4,360,699.49003002,13885.451208299999,1145.319007,38.58017185,37.05882353,146.3477647,276.7058824,2343.5016795
NA,NA,NA,AK,Hhigh,NA,HPo,5,NA,4,360,831.4306521,16250.729592299998,1145.319007,38.58017185,37.05882353,146.3477647,276.7058824,2475.44230158
NA,NA,NA,AK,Hlow,NA,HP,1,NA,4,135,308.53682398,4920.034959,593.0885628,13.96123413,11.48823529,66.38408824,276.7058824,1270.16482684
NA,NA,NA,AK,Hlow,NA,HP,2,NA,4,135,457.73501038,7270.0967808000005,593.0885628,13.96123413,11.48823529,66.38408824,276.7058824,1419.36301324
NA,NA,NA,AK,Hlow,NA,HP,3,NA,4,180,639.48053994,9945.9470292,703.5346516,18.88502168,16.67647059,82.37682353,276.7058824,1737.6593897399998
NA,NA,NA,AK,Hlow,NA,HP,4,NA,4,300,834.84672154,13337.8610211,998.0575552,32.01512179,30.26470588,125.0241176,276.7058824,2296.91410441
NA,NA,NA,AK,Hlow,NA,HP,5,NA,4,300,980.04603867,15702.7998708,998.0575552,32.01512179,30.26470588,125.0241176,276.7058824,2442.11342154
NA,NA,NA,AK,Hlow,NA,HPo,1,NA,4,162,320.74462713,5107.1966736,659.3562161,16.91550666,14.576470590000001,75.97972941,276.7058824,1364.2784322900002
NA,NA,NA,AK,Hlow,NA,HPo,2,NA,4,162,470.32369209,7459.570960800001,659.3562161,16.91550666,14.576470590000001,75.97972941,276.7058824,1513.85749725
NA,NA,NA,AK,Hlow,NA,HPo,3,NA,4,216,660.39997222,10253.5676124,791.8915227,22.82405171,20.75294118,95.17101176000001,276.7058824,1867.7453819700002
NA,NA,NA,AK,Hlow,NA,HPo,4,NA,4,360,872.41227515,13885.451208299999,1145.319007,38.58017185,37.05882353,146.3477647,276.7058824,2516.4239246300003
NA,NA,NA,AK,Hlow,NA,HPo,5,NA,4,360,1018.73361319,16250.729592299998,1145.319007,38.58017185,37.05882353,146.3477647,276.7058824,2662.7452626700006
NA,NA,NA,CH,Hhigh,NA,HP,1,NA,4,135,271.21446154,5350.3177896,593.0885628,13.96123413,11.48823529,66.38408824,276.7058824,1232.8424644
NA,NA,NA,CH,Hhigh,NA,HP,2,NA,4,135,396.49372228,7831.8262995000005,593.0885628,13.96123413,11.48823529,66.38408824,276.7058824,1358.12172514
NA,NA,NA,CH,Hhigh,NA,HP,3,NA,4,180,555.00495915,10711.1409636,703.5346516,18.88502168,16.67647059,82.37682353,276.7058824,1653.18380895
NA,NA,NA,CH,Hhigh,NA,HP,4,NA,4,300,740.97801438,14427.7224861,998.0575552,32.01512179,30.26470588,125.0241176,276.7058824,2203.04539725
NA,NA,NA,CH,Hhigh,NA,HP,5,NA,4,300,878.62113899,16905.6654711,998.0575552,32.01512179,30.26470588,125.0241176,276.7058824,2340.68852186
NA,NA,NA,CH,Hhigh,NA,HPo,1,NA,4,162,283.53941958,5571.5356095,659.3562161,16.91550666,14.576470590000001,75.97972941,276.7058824,1327.0732247400001
NA,NA,NA,CH,Hhigh,NA,HPo,2,NA,4,162,409.16229804,8057.583212699999,659.3562161,16.91550666,14.576470590000001,75.97972941,276.7058824,1452.6961032
NA,NA,NA,CH,Hhigh,NA,HPo,3,NA,4,216,575.6930409,11075.7602382,791.8915227,22.82405171,20.75294118,95.17101176000001,276.7058824,1783.0384506500002
NA,NA,NA,CH,Hhigh,NA,HPo,4,NA,4,360,776.2270069,15079.7010546,1145.319007,38.58017185,37.05882353,146.3477647,276.7058824,2420.23865638
NA,NA,NA,CH,Hhigh,NA,HPo,5,NA,4,360,914.23966492,17561.1124017,1145.319007,38.58017185,37.05882353,146.3477647,276.7058824,2558.2513144000004
NA,NA,NA,CH,Hlow,NA,HP,1,NA,4,135,343.49208635,5350.3177896,593.0885628,13.96123413,11.48823529,66.38408824,276.7058824,1305.12008921
NA,NA,NA,CH,Hlow,NA,HP,2,NA,4,135,503.08567324,7831.8262995000005,593.0885628,13.96123413,11.48823529,66.38408824,276.7058824,1464.7136761
NA,NA,NA,CH,Hlow,NA,HP,3,NA,4,180,702.89194375,10711.1409636,703.5346516,18.88502168,16.67647059,82.37682353,276.7058824,1801.0707935499997
NA,NA,NA,CH,Hlow,NA,HP,4,NA,4,300,923.7860281000001,14427.7224861,998.0575552,32.01512179,30.26470588,125.0241176,276.7058824,2385.8534109700004
NA,NA,NA,CH,Hlow,NA,HP,5,NA,4,300,1076.5613937,16905.6654711,998.0575552,32.01512179,30.26470588,125.0241176,276.7058824,2538.62877657
NA,NA,NA,CH,Hlow,NA,HPo,1,NA,4,162,358.70682988,5571.5356095,659.3562161,16.91550666,14.576470590000001,75.97972941,276.7058824,1402.2406350400001
NA,NA,NA,CH,Hlow,NA,HPo,2,NA,4,162,518.50444227,8057.583212699999,659.3562161,16.91550666,14.576470590000001,75.97972941,276.7058824,1562.03824743
NA,NA,NA,CH,Hlow,NA,HPo,3,NA,4,216,728.26977817,11075.7602382,791.8915227,22.82405171,20.75294118,95.17101176000001,276.7058824,1935.6151879200004
NA,NA,NA,CH,Hlow,NA,HPo,4,NA,4,360,968.6766466700001,15079.7010546,1145.319007,38.58017185,37.05882353,146.3477647,276.7058824,2612.6882961500005
NA,NA,NA,CH,Hlow,NA,HPo,5,NA,4,360,1121.62026252,17561.1124017,1145.319007,38.58017185,37.05882353,146.3477647,276.7058824,2765.6319120000007
NA,NA,NA,NA,Hhigh,NA,R,1,3,NA,135,1029.05301997,21204.75,210,3.8630603859999995,5.311764706,22.23529412,0,1270.4631391819998
NA,NA,NA,NA,Hhigh,NA,R,2,3,NA,135,1521.83301161,31210.2,210,3.8630603859999995,5.311764706,22.23529412,0,1763.243130822
NA,NA,NA,NA,Hhigh,NA,R,3,3,NA,180,2130.1327378,42597.450000000004,256.9411765,4.795523238,5.311764706,28.41176471,0,2425.592966954
NA,NA,NA,NA,Hhigh,NA,R,4,3,NA,300,2832.0516199999997,57354.15,442.2352941,6.926866899,6.176470588,42,0,3329.3902515869995
NA,NA,NA,NA,Hhigh,NA,R,5,3,NA,300,3385.3757219,67379.55,442.2352941,6.926866899,6.176470588,42,0,3882.7143534869997
NA,NA,NA,NA,Hhigh,NA,Ro,1,3,NA,162,1073.34799819,22036.35,237.17647059999996,4.348314054,5.311764706,25.94117647,0,1346.12572402
NA,NA,NA,NA,Hhigh,NA,Ro,2,3,NA,162,1564.00117714,32026.05,237.17647059999996,4.348314054,5.311764706,25.94117647,0,1836.77890297
NA,NA,NA,NA,Hhigh,NA,Ro,3,3,NA,216,2199.95680155,43949.85,302.6470588,5.461568132,5.311764706,32.11764706,0,2545.494840248
NA,NA,NA,NA,Hhigh,NA,Ro,4,3,NA,360,2957.4823042,59790.15,578.1176471,8.125747708,6.176470588,49.41176471,0,3599.3139343059997
NA,NA,NA,NA,Hhigh,NA,Ro,5,3,NA,360,3512.2041832,69805.05,578.1176471,8.125747708,6.176470588,49.41176471,0,4154.035813306
NA,NA,NA,NA,Hlow,NA,R,1,3,NA,135,1282.84747438,21204.75,210,3.8630603859999995,5.311764706,22.23529412,0,1524.257593592
NA,NA,NA,NA,Hlow,NA,R,2,3,NA,135,1906.11424296,31210.2,210,3.8630603859999995,5.311764706,22.23529412,0,2147.524362172
NA,NA,NA,NA,Hlow,NA,R,3,3,NA,180,2659.9941347,42597.450000000004,256.9411765,4.795523238,5.311764706,28.41176471,0,2955.454363854
NA,NA,NA,NA,Hlow,NA,R,4,3,NA,300,3469.3364966,57354.15,442.2352941,6.926866899,6.176470588,42,0,3966.6751281869997
NA,NA,NA,NA,Hlow,NA,R,5,3,NA,300,4077.2639721,67379.55,442.2352941,6.926866899,6.176470588,42,0,4574.602603687
NA,NA,NA,NA,Hlow,NA,Ro,1,3,NA,162,1333.75435005,22036.35,237.17647059999996,4.348314054,5.311764706,25.94117647,0,1606.53207588
NA,NA,NA,NA,Hlow,NA,Ro,2,3,NA,162,1955.45709008,32026.05,237.17647059999996,4.348314054,5.311764706,25.94117647,0,2228.2348159099997
NA,NA,NA,NA,Hlow,NA,Ro,3,3,NA,216,2741.1539941,43949.85,302.6470588,5.461568132,5.311764706,32.11764706,0,3086.692032798
NA,NA,NA,NA,Hlow,NA,Ro,4,3,NA,360,3620.9828902,59790.15,578.1176471,8.125747708,6.176470588,49.41176471,0,4262.814520305999
NA,NA,NA,NA,Hlow,NA,Ro,5,3,NA,360,4226.5431392,69805.05,578.1176471,8.125747708,6.176470588,49.41176471,0,4868.3747693059995
