house_type,insulation,schedule,Loc_code,Hydro_resource,SH_code,DW_code,Occ_code,R_cap,HP_cap,Tank_Volume (L),kgCO2_oper_life,P_annual_kWh_life,kgCO2_embod_life,kgCO2_total_life
Mass,H1,Ideal,AK,Hhigh,HP,NA,NA,NA,6.5,NA,253.48286669,2991.0098218000003,898.86176468,1152.34463137
Mass,H1,Ideal,AK,Hhigh,HPl,NA,NA,NA,5,NA,220.218458126,2649.8718884,776.47058819,996.6890463159999
Mass,H1,Ideal,AK,Hhigh,HYD1000,HYD1000,3,NA,5,1000,1267.65228501,20874.3868828,3947.1205884,5214.77287341
Mass,H1,Ideal,AK,Hhigh,HYD1000,HYD1000,4,NA,5,1000,1423.00087614,23912.798448,3947.1205884,5370.12146454
Mass,H1,Ideal,AK,Hhigh,HYD1000,HYD1000,5,NA,5,1000,1601.73278707,26988.571632,3947.1205884,5548.85337547
Mass,H1,Ideal,AK,Hhigh,HYD200,HYD200,3,NA,8.5,200,1121.0568042099999,18443.208740000002,2747.1205883,3868.1773925099997
Mass,H1,Ideal,AK,Hhigh,HYD200,HYD200,4,NA,8.5,200,1272.53109038,21567.951151999998,2747.1205883,4019.65167868
Mass,H1,Ideal,AK,Hhigh,HYD200,HYD200,5,NA,8.5,200,1455.61764188,24824.748585999998,2747.1205883,4202.73823018
Mass,H1,Ideal,AK,Hhigh,HYD500,HYD500,3,NA,5,500,1147.22937561,18835.4603932,3197.1205882,4344.34996381
Mass,H1,Ideal,AK,Hhigh,HYD500,HYD500,4,NA,5,500,1297.94804017,21890.1193104,3197.1205882,4495.06862837
Mass,H1,Ideal,AK,Hhigh,HYD500,HYD500,5,NA,5,500,1472.99401643,24983.345552,3197.1205882,4670.11460463
Mass,H1,Ideal,AK,Hhigh,R,NA,NA,7,NA,NA,1002.85173705,11856.54778,1107.7647064,2110.61644345
Mass,H1,Ideal,AK,Hhigh,Rb,NA,NA,2,NA,NA,177.930365351,1900.7361262999998,553.8823529800001,731.812718331
Mass,H1,Ideal,AK,Hhigh,Rl,NA,NA,5,NA,NA,824.92137168,9955.8116548,553.8823529800001,1378.8037246600002
Mass,H1,Ideal,AK,Hlow,HP,NA,NA,NA,6.5,NA,355.37692855,2991.0098218000003,898.86176468,1254.23869323
Mass,H1,Ideal,AK,Hlow,HPl,NA,NA,NA,5,NA,307.81454306,2649.8718884,776.47058819,1084.28513125
Mass,H1,Ideal,AK,Hlow,HYD1000,HYD1000,3,NA,5,1000,1660.39367272,20874.3868828,3947.1205884,5607.51426112
Mass,H1,Ideal,AK,Hlow,HYD1000,HYD1000,4,NA,5,1000,1833.76299534,23912.798448,3947.1205884,5780.88358374
Mass,H1,Ideal,AK,Hlow,HYD1000,HYD1000,5,NA,5,1000,2033.84344592,26988.571632,3947.1205884,5980.96403432
Mass,H1,Ideal,AK,Hlow,HYD200,HYD200,3,NA,8.5,200,1497.94197005,18443.208740000002,2747.1205883,4245.06255835
Mass,H1,Ideal,AK,Hlow,HYD200,HYD200,4,NA,8.5,200,1671.99729764,21567.951151999998,2747.1205883,4419.11788594
Mass,H1,Ideal,AK,Hlow,HYD200,HYD200,5,NA,8.5,200,1883.8527765800002,24824.748585999998,2747.1205883,4630.97336488
Mass,H1,Ideal,AK,Hlow,HYD500,HYD500,3,NA,5,500,1509.25759634,18835.4603932,3197.1205882,4706.37818454
Mass,H1,Ideal,AK,Hlow,HYD500,HYD500,4,NA,5,500,1679.03687218,21890.1193104,3197.1205882,4876.15746038
Mass,H1,Ideal,AK,Hlow,HYD500,HYD500,5,NA,5,500,1875.98547889,24983.345552,3197.1205882,5073.10606709
Mass,H1,Ideal,AK,Hlow,R,NA,NA,7,NA,NA,1404.16739653,11856.54778,1107.7647064,2511.93210293
Mass,H1,Ideal,AK,Hlow,Rb,NA,NA,2,NA,NA,252.17273278,1900.7361262999998,553.8823529800001,806.0550857600001
Mass,H1,Ideal,AK,Hlow,Rl,NA,NA,5,NA,NA,1151.99466375,9955.8116548,553.8823529800001,1705.87701673
Mass,H1,Ideal,CH,Hhigh,HP,NA,NA,NA,8.5,NA,1102.5135004200001,12855.5423128,1092.5720929200002,2195.0855933400003
Mass,H1,Ideal,CH,Hhigh,HPl,NA,NA,NA,5,NA,692.08321297,8341.1845242,776.47058819,1468.55380116
Mass,H1,Ideal,CH,Hhigh,HYD1000,HYD1000,3,NA,5,1000,2601.4553289,37267.617156,3947.1205884,6548.575917300001
Mass,H1,Ideal,CH,Hhigh,HYD1000,HYD1000,4,NA,5,1000,2782.0540732,40566.653116,3947.1205884,6729.1746616
Mass,H1,Ideal,CH,Hhigh,HYD1000,HYD1000,5,NA,5,1000,2978.2726155,43868.670472,3947.1205884,6925.3932039
Mass,H1,Ideal,CH,Hhigh,HYD200,HYD200,3,NA,11.2,200,2249.25360855,31749.620231999997,3228.5323532,5477.78596175
Mass,H1,Ideal,CH,Hhigh,HYD200,HYD200,4,NA,11.2,200,2403.11316005,34716.252912,3228.5323532,5631.64551325
Mass,H1,Ideal,CH,Hhigh,HYD200,HYD200,5,NA,11.2,200,2579.7006861,37804.169018,3228.5323532,5808.2330393
Mass,H1,Ideal,CH,Hhigh,HYD500,HYD500,3,NA,6,500,2321.07349845,33555.788134,3197.1205882,5518.19408665
Mass,H1,Ideal,CH,Hhigh,HYD500,HYD500,4,NA,6,500,2489.6643077,36805.057432,3197.1205882,5686.7848959
Mass,H1,Ideal,CH,Hhigh,HYD500,HYD500,5,NA,6,500,2682.1506056,40174.331406,3197.1205882,5879.271193799999
Mass,H1,Ideal,CH,Hhigh,R,NA,NA,8.5,NA,NA,3541.980606,42210.315576,1107.7647064,4649.7453124
Mass,H1,Ideal,CH,Hhigh,Rb,NA,NA,3.5,NA,NA,1316.88267442,14706.6724156,553.8823529800001,1870.7650274000002
Mass,H1,Ideal,CH,Hhigh,Rl,NA,NA,5,NA,NA,2225.09793125,27503.643156000002,553.8823529800001,2778.98028423
Mass,H1,Ideal,CH,Hlow,HP,NA,NA,NA,8.5,NA,1494.68322216,12855.5423128,1092.5720929200002,2587.2553150800004
Mass,H1,Ideal,CH,Hlow,HPl,NA,NA,NA,5,NA,916.57154355,8341.1845242,776.47058819,1693.04213174
Mass,H1,Ideal,CH,Hlow,HYD1000,HYD1000,3,NA,5,1000,3462.414696,37267.617156,3947.1205884,7409.5352844
Mass,H1,Ideal,CH,Hlow,HYD1000,HYD1000,4,NA,5,1000,3667.1045103,40566.653116,3947.1205884,7614.225098700001
Mass,H1,Ideal,CH,Hlow,HYD1000,HYD1000,5,NA,5,1000,3884.0299695,43868.670472,3947.1205884,7831.1505579
Mass,H1,Ideal,CH,Hlow,HYD200,HYD200,3,NA,11.2,200,3045.7776174,31749.620231999997,3228.5323532,6274.3099706
Mass,H1,Ideal,CH,Hlow,HYD200,HYD200,4,NA,11.2,200,3225.6361678000003,34716.252912,3228.5323532,6454.1685210000005
Mass,H1,Ideal,CH,Hlow,HYD200,HYD200,5,NA,11.2,200,3428.9169426999997,37804.169018,3228.5323532,6657.4492959
Mass,H1,Ideal,CH,Hlow,HYD500,HYD500,3,NA,6,500,3094.8462497,33555.788134,3197.1205882,6291.9668378999995
Mass,H1,Ideal,CH,Hlow,HYD500,HYD500,4,NA,6,500,3287.3836089,36805.057432,3197.1205882,6484.5041971
Mass,H1,Ideal,CH,Hlow,HYD500,HYD500,5,NA,6,500,3503.2835064,40174.331406,3197.1205882,6700.4040946000005
Mass,H1,Ideal,CH,Hlow,R,NA,NA,8.5,NA,NA,4797.0508787,42210.315576,1107.7647064,5904.8155851
Mass,H1,Ideal,CH,Hlow,Rb,NA,NA,3.5,NA,NA,1846.13923602,14706.6724156,553.8823529800001,2400.021589
Mass,H1,Ideal,CH,Hlow,Rl,NA,NA,5,NA,NA,2950.9116427,27503.643156000002,553.8823529800001,3504.79399568
Mass,H1,Real,AK,Hhigh,HP,NA,NA,NA,6.5,NA,249.0449093,2932.8348896,898.86176468,1147.90667398
Mass,H1,Real,AK,Hhigh,HPl,NA,NA,NA,5,NA,219.839230075,2645.3765448,776.47058819,996.3098182649999
Mass,H1,Real,AK,Hhigh,HYD1000,HYD1000,3,NA,5,1000,1261.26586641,20792.8638126,3947.1205884,5208.38645481
Mass,H1,Real,AK,Hhigh,HYD1000,HYD1000,4,NA,5,1000,1416.14796036,23827.199374,3947.1205884,5363.26854876
Mass,H1,Real,AK,Hhigh,HYD1000,HYD1000,5,NA,5,1000,1594.9432239,26903.284495999997,3947.1205884,5542.0638123
Mass,H1,Real,AK,Hhigh,HYD200,HYD200,3,NA,8.5,200,1115.91995992,18366.9405084,2747.1205883,3863.04054822
Mass,H1,Real,AK,Hhigh,HYD200,HYD200,4,NA,8.5,200,1268.05550638,21489.4485322,2747.1205883,4015.1760946799996
Mass,H1,Real,AK,Hhigh,HYD200,HYD200,5,NA,8.5,200,1450.77979879,24745.841758000002,2747.1205883,4197.90038709
Mass,H1,Real,AK,Hhigh,HYD500,HYD500,3,NA,5,500,1142.26931698,18762.0451568,3197.1205882,4339.38990518
Mass,H1,Real,AK,Hhigh,HYD500,HYD500,4,NA,5,500,1293.38609464,21813.9058566,3197.1205882,4490.5066828399995
Mass,H1,Real,AK,Hhigh,HYD500,HYD500,5,NA,5,500,1467.78756771,24906.054646000004,3197.1205882,4664.90815591
Mass,H1,Real,AK,Hhigh,R,NA,NA,7,NA,NA,988.61998898,11666.113681199999,1107.7647064,2096.3846953800003
Mass,H1,Real,AK,Hhigh,Rb,NA,NA,2,NA,NA,165.12877230499998,1727.29883656,553.8823529800001,719.011125285
Mass,H1,Real,AK,Hhigh,Rl,NA,NA,5,NA,NA,823.49121669,9938.8148442,553.8823529800001,1377.37356967
Mass,H1,Real,AK,Hlow,HP,NA,NA,NA,6.5,NA,347.29371964,2932.8348896,898.86176468,1246.15548432
Mass,H1,Real,AK,Hlow,HPl,NA,NA,NA,5,NA,307.2472928,2645.3765448,776.47058819,1083.71788099
Mass,H1,Real,AK,Hlow,HYD1000,HYD1000,3,NA,5,1000,1647.75930306,20792.8638126,3947.1205884,5594.87989146
Mass,H1,Real,AK,Hlow,HYD1000,HYD1000,4,NA,5,1000,1820.02097734,23827.199374,3947.1205884,5767.14156574
Mass,H1,Real,AK,Hlow,HYD1000,HYD1000,5,NA,5,1000,2020.4104853,26903.284495999997,3947.1205884,5967.5310737
Mass,H1,Real,AK,Hlow,HYD200,HYD200,3,NA,8.5,200,1487.1433600599998,18366.9405084,2747.1205883,4234.26394836
Mass,H1,Real,AK,Hlow,HYD200,HYD200,4,NA,8.5,200,1661.36807037,21489.4485322,2747.1205883,4408.4886586699995
Mass,H1,Real,AK,Hlow,HYD200,HYD200,5,NA,8.5,200,1873.64191732,24745.841758000002,2747.1205883,4620.7625056199995
Mass,H1,Real,AK,Hlow,HYD500,HYD500,3,NA,5,500,1498.42766898,18762.0451568,3197.1205882,4695.54825718
Mass,H1,Real,AK,Hlow,HYD500,HYD500,4,NA,5,500,1668.00507958,21813.9058566,3197.1205882,4865.12566778
Mass,H1,Real,AK,Hlow,HYD500,HYD500,5,NA,5,500,1864.50888008,24906.054646000004,3197.1205882,5061.62946828
Mass,H1,Real,AK,Hlow,R,NA,NA,7,NA,NA,1377.71177404,11666.113681199999,1107.7647064,2485.47648044
Mass,H1,Real,AK,Hlow,Rb,NA,NA,2,NA,NA,227.860028735,1727.29883656,553.8823529800001,781.7423817150001
Mass,H1,Real,AK,Hlow,Rl,NA,NA,5,NA,NA,1149.85174523,9938.8148442,553.8823529800001,1703.73409821
Mass,H1,Real,CH,Hhigh,HP,NA,NA,NA,8.5,NA,1037.75425888,11882.5449886,1092.5720929200002,2130.3263518000003
Mass,H1,Real,CH,Hhigh,HPl,NA,NA,NA,5,NA,692.88067657,8344.767893,776.47058819,1469.35126476
Mass,H1,Real,CH,Hhigh,HYD1000,HYD1000,3,NA,5,1000,2504.1011851,35819.01818,3947.1205884,6451.2217734999995
Mass,H1,Real,CH,Hhigh,HYD1000,HYD1000,4,NA,5,1000,2683.8713532,39105.537086000004,3947.1205884,6630.9919416
Mass,H1,Real,CH,Hhigh,HYD1000,HYD1000,5,NA,5,1000,2880.4333162,42409.78093,3947.1205884,6827.553904599999
Mass,H1,Real,CH,Hhigh,HYD200,HYD200,3,NA,11.2,200,2155.3158734,30343.931991999998,3228.5323532,5383.8482266
Mass,H1,Real,CH,Hhigh,HYD200,HYD200,4,NA,11.2,200,2307.4957958,33300.728581999996,3228.5323532,5536.028149
Mass,H1,Real,CH,Hhigh,HYD200,HYD200,5,NA,11.2,200,2483.752203,36381.81602,3228.5323532,5712.2845562
Mass,H1,Real,CH,Hhigh,HYD500,HYD500,3,NA,6,500,2242.03489755,32344.782381999998,3197.1205882,5439.15548575
Mass,H1,Real,CH,Hhigh,HYD500,HYD500,4,NA,6,500,2410.86493645,35590.919342,3197.1205882,5607.98552465
Mass,H1,Real,CH,Hhigh,HYD500,HYD500,5,NA,6,500,2603.794588,38962.445324,3197.1205882,5800.9151762
Mass,H1,Real,CH,Hhigh,R,NA,NA,8.5,NA,NA,3368.3467541,39554.91188,1107.7647064,4476.1114605
Mass,H1,Real,CH,Hhigh,Rb,NA,NA,3.5,NA,NA,1140.6748359599999,12041.7590986,553.8823529800001,1694.5571889399998
Mass,H1,Real,CH,Hhigh,Rl,NA,NA,5,NA,NA,2227.67191835,27513.152766,553.8823529800001,2781.55427133
Mass,H1,Real,CH,Hlow,HP,NA,NA,NA,8.5,NA,1373.55938545,11882.5449886,1092.5720929200002,2466.13147837
Mass,H1,Real,CH,Hlow,HPl,NA,NA,NA,5,NA,917.61669568,8344.767893,776.47058819,1694.08728387
Mass,H1,Real,CH,Hlow,HYD1000,HYD1000,3,NA,5,1000,3284.6980608999997,35819.01818,3947.1205884,7231.818649299999
Mass,H1,Real,CH,Hlow,HYD1000,HYD1000,4,NA,5,1000,3486.1693123,39105.537086000004,3947.1205884,7433.2899007
Mass,H1,Real,CH,Hlow,HYD1000,HYD1000,5,NA,5,1000,3704.7501686,42409.78093,3947.1205884,7651.870757000001
Mass,H1,Real,CH,Hlow,HYD200,HYD200,3,NA,11.2,200,2876.1729238000003,30343.931991999998,3228.5323532,6104.705277000001
Mass,H1,Real,CH,Hlow,HYD200,HYD200,4,NA,11.2,200,3054.0699871,33300.728581999996,3228.5323532,6282.6023403
Mass,H1,Real,CH,Hlow,HYD200,HYD200,5,NA,11.2,200,3256.3495297,36381.81602,3228.5323532,6484.8818829
Mass,H1,Real,CH,Hlow,HYD500,HYD500,3,NA,6,500,2947.3290723,32344.782381999998,3197.1205882,6144.4496605
Mass,H1,Real,CH,Hlow,HYD500,HYD500,4,NA,6,500,3139.1497471,35590.919342,3197.1205882,6336.2703353
Mass,H1,Real,CH,Hlow,HYD500,HYD500,5,NA,6,500,3356.4397521,38962.445324,3197.1205882,6553.5603403000005
Mass,H1,Real,CH,Hlow,R,NA,NA,8.5,NA,NA,4467.8336351,39554.91188,1107.7647064,5575.5983415
Mass,H1,Real,CH,Hlow,Rb,NA,NA,3.5,NA,NA,1513.5757979500002,12041.7590986,553.8823529800001,2067.45815093
Mass,H1,Real,CH,Hlow,Rl,NA,NA,5,NA,NA,2954.257837,27513.152766,553.8823529800001,3508.1401899800003
Mass,Nom,Ideal,AK,Hhigh,HP,NA,NA,NA,11,NA,1059.57349331,13703.316690800002,1394.4296179,2454.00311121
Mass,Nom,Ideal,AK,Hhigh,HPl,NA,NA,NA,7,NA,659.62331081,8443.2140738,943.80485298,1603.4281637899999
Mass,Nom,Ideal,AK,Hhigh,HYD1000,HYD1000,3,NA,6,1000,2440.8444248,36540.548704,3988.3705884,6429.215013200001
Mass,Nom,Ideal,AK,Hhigh,HYD1000,HYD1000,4,NA,6,1000,2599.8754485,39488.448956,3988.3705884,6588.2460369
Mass,Nom,Ideal,AK,Hhigh,HYD1000,HYD1000,5,NA,6,1000,2784.3767071,42581.87087,3988.3705884,6772.7472955
Mass,Nom,Ideal,AK,Hhigh,HYD200,HYD200,3,NA,11.2,200,1967.0061787700001,29446.025686,3269.7823532,5236.78853197
Mass,Nom,Ideal,AK,Hhigh,HYD200,HYD200,4,NA,11.2,200,2091.00232375,31972.075014000002,3269.7823532,5360.78467695
Mass,Nom,Ideal,AK,Hhigh,HYD200,HYD200,5,NA,11.2,200,2240.1751218,34622.811982,3269.7823532,5509.957475
Mass,Nom,Ideal,AK,Hhigh,HYD500,HYD500,3,NA,8.5,500,2416.0333102,36185.089996,3238.3705882,5654.4038984
Mass,Nom,Ideal,AK,Hhigh,HYD500,HYD500,4,NA,8.5,500,2576.4053039,39300.023862,3238.3705882,5814.7758921
Mass,Nom,Ideal,AK,Hhigh,HYD500,HYD500,5,NA,8.5,500,2760.9591201,42554.627918,3238.3705882,5999.3297083
Mass,Nom,Ideal,AK,Hhigh,R,NA,NA,11,NA,NA,4165.5700016,53939.751448,1107.7647064,5273.334708
Mass,Nom,Ideal,AK,Hhigh,Rb,NA,NA,4,NA,NA,1485.58596881,19534.358210399998,553.8823529800001,2039.4683217900001
Mass,Nom,Ideal,AK,Hhigh,Rl,NA,NA,7,NA,NA,2679.9840325,34405.39322,553.8823529800001,3233.86638548
Mass,Nom,Ideal,AK,Hlow,HP,NA,NA,NA,11,NA,1551.95501459,13703.316690800002,1394.4296179,2946.38463249
Mass,Nom,Ideal,AK,Hlow,HPl,NA,NA,NA,7,NA,928.67003401,8443.2140738,943.80485298,1872.47488699
Mass,Nom,Ideal,AK,Hlow,HYD1000,HYD1000,3,NA,6,1000,3413.0246126,36540.548704,3988.3705884,7401.395201
Mass,Nom,Ideal,AK,Hlow,HYD1000,HYD1000,4,NA,6,1000,3593.6657326,39488.448956,3988.3705884,7582.036321
Mass,Nom,Ideal,AK,Hlow,HYD1000,HYD1000,5,NA,6,1000,3802.9620331,42581.87087,3988.3705884,7791.3326215
Mass,Nom,Ideal,AK,Hlow,HYD200,HYD200,3,NA,11.2,200,2807.1079176,29446.025686,3269.7823532,6076.8902708000005
Mass,Nom,Ideal,AK,Hlow,HYD200,HYD200,4,NA,11.2,200,2950.6323283,31972.075014000002,3269.7823532,6220.4146815
Mass,Nom,Ideal,AK,Hlow,HYD200,HYD200,5,NA,11.2,200,3125.1438926,34622.811982,3269.7823532,6394.9262458
Mass,Nom,Ideal,AK,Hlow,HYD500,HYD500,3,NA,8.5,500,3398.9192070999998,36185.089996,3238.3705882,6637.289795299999
Mass,Nom,Ideal,AK,Hlow,HYD500,HYD500,4,NA,8.5,500,3580.5267043,39300.023862,3238.3705882,6818.8972925
Mass,Nom,Ideal,AK,Hlow,HYD500,HYD500,5,NA,8.5,500,3793.5904196,42554.627918,3238.3705882,7031.9610078000005
Mass,Nom,Ideal,AK,Hlow,R,NA,NA,11,NA,NA,6078.9774863,53939.751448,1107.7647064,7186.7421927000005
Mass,Nom,Ideal,AK,Hlow,Rb,NA,NA,4,NA,NA,2311.55372995,19534.358210399998,553.8823529800001,2865.4360829300003
Mass,Nom,Ideal,AK,Hlow,Rl,NA,NA,7,NA,NA,3767.4237562,34405.39322,553.8823529800001,4321.30610918
Mass,Nom,Ideal,CH,Hhigh,HP,NA,NA,NA,15.5,NA,3395.2849198,43791.25267,2163.2180119,5558.5029317
Mass,Nom,Ideal,CH,Hhigh,HPl,NA,NA,NA,8.5,NA,1626.9823405,21211.789665,1092.5720929200002,2719.5544334200004
Mass,Nom,Ideal,CH,Hhigh,HYD1000,HYD1000,3,NA,11.2,1000,5733.9856376,79938.377574,4655.4073533,10389.3929909
Mass,Nom,Ideal,CH,Hhigh,HYD1000,HYD1000,4,NA,11.2,1000,5905.919171699999,82949.218154,4655.4073533,10561.326525
Mass,Nom,Ideal,CH,Hhigh,HYD1000,HYD1000,5,NA,11.2,1000,6097.5894926,86061.892928,4655.4073533,10752.996845900001
Mass,Nom,Ideal,CH,Hhigh,HYD200,HYD200,3,NA,14,200,5232.5380742,74105.24539,3655.9955883,8888.5336625
Mass,Nom,Ideal,CH,Hhigh,HYD200,HYD200,4,NA,14,200,5386.5180335,77159.748622,3655.9955883,9042.513621799999
Mass,Nom,Ideal,CH,Hhigh,HYD200,HYD200,5,NA,14,200,5566.9370902,80357.655268,3655.9955883,9222.9326785
Mass,Nom,Ideal,CH,Hhigh,HYD500,HYD500,3,NA,14,500,5390.6573564,76033.12057,4105.9955882,9496.6529446
Mass,Nom,Ideal,CH,Hhigh,HYD500,HYD500,4,NA,14,500,5550.2966888,79092.320714,4105.9955882,9656.292277
Mass,Nom,Ideal,CH,Hhigh,HYD500,HYD500,5,NA,14,500,5735.9298770000005,82292.374648,4105.9955882,9841.925465200002
Mass,Nom,Ideal,CH,Hhigh,R,NA,NA,15.5,NA,NA,11249.2301745,148650.203724,1107.7647064,12356.9948809
Mass,Nom,Ideal,CH,Hhigh,Rb,NA,NA,7,NA,NA,5592.7126386,72701.98958,553.8823529800001,6146.59499158
Mass,Nom,Ideal,CH,Hhigh,Rl,NA,NA,8.5,NA,NA,5656.5175362,75948.214144,553.8823529800001,6210.39988918
Mass,Nom,Ideal,CH,Hlow,HP,NA,NA,NA,15.5,NA,4592.5366927,43791.25267,2163.2180119,6755.7547046
Mass,Nom,Ideal,CH,Hlow,HPl,NA,NA,NA,8.5,NA,2119.28065924,21211.789665,1092.5720929200002,3211.8527521600004
Mass,Nom,Ideal,CH,Hlow,HYD1000,HYD1000,3,NA,11.2,1000,7738.5372976,79938.377574,4655.4073533,12393.9446509
Mass,Nom,Ideal,CH,Hlow,HYD1000,HYD1000,4,NA,11.2,1000,7934.7657690000005,82949.218154,4655.4073533,12590.1731223
Mass,Nom,Ideal,CH,Hlow,HYD1000,HYD1000,5,NA,11.2,1000,8147.8393577,86061.892928,4655.4073533,12803.246711
Mass,Nom,Ideal,CH,Hlow,HYD200,HYD200,3,NA,14,200,7093.183861099999,74105.24539,3655.9955883,10749.179449399999
Mass,Nom,Ideal,CH,Hlow,HYD200,HYD200,4,NA,14,200,7271.7807415,77159.748622,3655.9955883,10927.776329799999
Mass,Nom,Ideal,CH,Hlow,HYD200,HYD200,5,NA,14,200,7479.8432867,80357.655268,3655.9955883,11135.838875
Mass,Nom,Ideal,CH,Hlow,HYD500,HYD500,3,NA,14,500,7277.4252764,76033.12057,4105.9955882,11383.4208646
Mass,Nom,Ideal,CH,Hlow,HYD500,HYD500,4,NA,14,500,7460.2359028,79092.320714,4105.9955882,11566.231491
Mass,Nom,Ideal,CH,Hlow,HYD500,HYD500,5,NA,14,500,7672.3198461,82292.374648,4105.9955882,11778.3154343
Mass,Nom,Ideal,CH,Hlow,R,NA,NA,15.5,NA,NA,15103.3465487,148650.203724,1107.7647064,16211.111255099999
Mass,Nom,Ideal,CH,Hlow,Rb,NA,NA,7,NA,NA,7755.073661,72701.98958,553.8823529800001,8308.95601398
Mass,Nom,Ideal,CH,Hlow,Rl,NA,NA,8.5,NA,NA,7348.2728884,75948.214144,553.8823529800001,7902.15524138
Mass,Nom,Real,AK,Hhigh,HP,NA,NA,NA,11,NA,938.119721,11830.8485262,1394.4296179,2332.5493389000003
Mass,Nom,Real,AK,Hhigh,HPl,NA,NA,NA,7,NA,660.20121923,8448.2486066,943.80485298,1604.00607221
Mass,Nom,Real,AK,Hhigh,HYD1000,HYD1000,3,NA,6,1000,2275.0867053,34023.398002,3988.3705884,6263.4572937
Mass,Nom,Real,AK,Hhigh,HYD1000,HYD1000,4,NA,6,1000,2433.55393635,36965.352666,3988.3705884,6421.92452475
Mass,Nom,Real,AK,Hhigh,HYD1000,HYD1000,5,NA,6,1000,2616.6744871,40055.95011,3988.3705884,6605.0450755
Mass,Nom,Real,AK,Hhigh,HYD200,HYD200,3,NA,11.2,200,1811.56523771,27043.339136000002,3269.7823532,5081.34759091
Mass,Nom,Real,AK,Hhigh,HYD200,HYD200,4,NA,11.2,200,1933.94400123,29565.749488,3269.7823532,5203.72635443
Mass,Nom,Real,AK,Hhigh,HYD200,HYD200,5,NA,11.2,200,2084.1542747999997,32217.745757999997,3269.7823532,5353.9366279999995
Mass,Nom,Real,AK,Hhigh,HYD500,HYD500,3,NA,8.5,500,2249.135116,33572.85525,3238.3705882,5487.5057042
Mass,Nom,Real,AK,Hhigh,HYD500,HYD500,4,NA,8.5,500,2410.1631414,36687.996928,3238.3705882,5648.5337296
Mass,Nom,Real,AK,Hhigh,HYD500,HYD500,5,NA,8.5,500,2594.4394857,39940.95435,3238.3705882,5832.8100739
Mass,Nom,Real,AK,Hhigh,R,NA,NA,11,NA,NA,3746.941795,47388.904244000005,1107.7647064,4854.7065014
Mass,Nom,Real,AK,Hhigh,Rb,NA,NA,4,NA,NA,1064.76703929,12965.6475894,553.8823529800001,1618.6493922700001
Mass,Nom,Real,AK,Hhigh,Rl,NA,NA,7,NA,NA,2682.1747559,34423.256647999995,553.8823529800001,3236.05710888
Mass,Nom,Real,AK,Hlow,HP,NA,NA,NA,11,NA,1324.32919096,11830.8485262,1394.4296179,2718.75880886
Mass,Nom,Real,AK,Hlow,HPl,NA,NA,NA,7,NA,929.67919701,8448.2486066,943.80485298,1873.4840499900001
Mass,Nom,Real,AK,Hlow,HYD1000,HYD1000,3,NA,6,1000,3105.4112696,34023.398002,3988.3705884,7093.781858
Mass,Nom,Real,AK,Hlow,HYD1000,HYD1000,4,NA,6,1000,3283.6654518,36965.352666,3988.3705884,7272.036040200001
Mass,Nom,Real,AK,Hlow,HYD1000,HYD1000,5,NA,6,1000,3492.2355298,40055.95011,3988.3705884,7480.6061182
Mass,Nom,Real,AK,Hlow,HYD200,HYD200,3,NA,11.2,200,2519.30821275,27043.339136000002,3269.7823532,5789.09056595
Mass,Nom,Real,AK,Hlow,HYD200,HYD200,4,NA,11.2,200,2662.1665051,29565.749488,3269.7823532,5931.9488583
Mass,Nom,Real,AK,Hlow,HYD200,HYD200,5,NA,11.2,200,2837.7144931,32217.745757999997,3269.7823532,6107.4968463000005
Mass,Nom,Real,AK,Hlow,HYD500,HYD500,3,NA,8.5,500,3086.2110874,33572.85525,3238.3705882,6324.5816756
Mass,Nom,Real,AK,Hlow,HYD500,HYD500,4,NA,8.5,500,3267.869139,36687.996928,3238.3705882,6506.2397272
Mass,Nom,Real,AK,Hlow,HYD500,HYD500,5,NA,8.5,500,3481.3865104,39940.95435,3238.3705882,6719.7570986
Mass,Nom,Real,AK,Hlow,R,NA,NA,11,NA,NA,5284.7399906,47388.904244000005,1107.7647064,6392.504697
Mass,Nom,Real,AK,Hlow,Rb,NA,NA,4,NA,NA,1513.43289997,12965.6475894,553.8823529800001,2067.3152529500003
Mass,Nom,Real,AK,Hlow,Rl,NA,NA,7,NA,NA,3771.3070907,34423.256647999995,553.8823529800001,4325.18944368
Mass,Nom,Real,CH,Hhigh,HP,NA,NA,NA,15.5,NA,2777.1608131,34682.742138,2163.2180119,4940.378825
Mass,Nom,Real,CH,Hhigh,HPl,NA,NA,NA,8.5,NA,1631.45354771,21261.623416,1092.5720929200002,2724.0256406300005
Mass,Nom,Real,CH,Hhigh,HYD1000,HYD1000,3,NA,11.2,1000,4866.2393408,67111.03487,4655.4073533,9521.6466941
Mass,Nom,Real,CH,Hhigh,HYD1000,HYD1000,4,NA,11.2,1000,5037.7193861,70102.793508,4655.4073533,9693.126739399999
Mass,Nom,Real,CH,Hhigh,HYD1000,HYD1000,5,NA,11.2,1000,5229.3916513,73216.196416,4655.4073533,9884.799004600001
Mass,Nom,Real,CH,Hhigh,HYD200,HYD200,3,NA,14,200,4423.0731561,62248.700734000005,3655.9955883,8079.0687444
Mass,Nom,Real,CH,Hhigh,HYD200,HYD200,4,NA,14,200,4578.4402669,65308.604944,3655.9955883,8234.4358552
Mass,Nom,Real,CH,Hhigh,HYD200,HYD200,5,NA,14,200,4759.4016119,68510.981308,3655.9955883,8415.3972002
Mass,Nom,Real,CH,Hhigh,HYD500,HYD500,3,NA,14,500,4589.9514703,64200.480652,4105.9955882,8695.947058500002
Mass,Nom,Real,CH,Hhigh,HYD500,HYD500,4,NA,14,500,4750.9584507,67250.57295,4105.9955882,8856.9540389
Mass,Nom,Real,CH,Hhigh,HYD500,HYD500,5,NA,14,500,4935.5846282,70449.499054,4105.9955882,9041.580216400002
Mass,Nom,Real,CH,Hhigh,R,NA,NA,15.5,NA,NA,9458.1069652,121753.23364600001,1107.7647064,10565.8716716
Mass,Nom,Real,CH,Hhigh,Rb,NA,NA,7,NA,NA,3785.1638365,45620.10706,553.8823529800001,4339.04618948
Mass,Nom,Real,CH,Hhigh,Rl,NA,NA,8.5,NA,NA,5672.9431286,76133.126564,553.8823529800001,6226.82548158
Mass,Nom,Real,CH,Hlow,HP,NA,NA,NA,15.5,NA,3614.934008,34682.742138,2163.2180119,5778.152019900001
Mass,Nom,Real,CH,Hlow,HPl,NA,NA,NA,8.5,NA,2125.75771264,21261.623416,1092.5720929200002,3218.3298055600003
Mass,Nom,Real,CH,Hlow,HYD1000,HYD1000,3,NA,11.2,1000,6388.225271,67111.03487,4655.4073533,11043.6326243
Mass,Nom,Real,CH,Hlow,HYD1000,HYD1000,4,NA,11.2,1000,6580.706912,70102.793508,4655.4073533,11236.114265299999
Mass,Nom,Real,CH,Hlow,HYD1000,HYD1000,5,NA,11.2,1000,6795.9843798,73216.196416,4655.4073533,11451.391733100001
Mass,Nom,Real,CH,Hlow,HYD200,HYD200,3,NA,14,200,5847.7019241,62248.700734000005,3655.9955883,9503.6975124
Mass,Nom,Real,CH,Hlow,HYD200,HYD200,4,NA,14,200,6026.7816795,65308.604944,3655.9955883,9682.7772678
Mass,Nom,Real,CH,Hlow,HYD200,HYD200,5,NA,14,200,6236.5682988,68510.981308,3655.9955883,9892.5638871
Mass,Nom,Real,CH,Hlow,HYD500,HYD500,3,NA,14,500,6037.6455967,64200.480652,4105.9955882,10143.6411849
Mass,Nom,Real,CH,Hlow,HYD500,HYD500,4,NA,14,500,6220.7642792999995,67250.57295,4105.9955882,10326.7598675
Mass,Nom,Real,CH,Hlow,HYD500,HYD500,5,NA,14,500,6433.6363359,70449.499054,4105.9955882,10539.6319241
Mass,Nom,Real,CH,Hlow,R,NA,NA,15.5,NA,NA,12278.612766,121753.23364600001,1107.7647064,13386.3774724
Mass,Nom,Real,CH,Hlow,Rb,NA,NA,7,NA,NA,4906.3974484,45620.10706,553.8823529800001,5460.27980138
Mass,Nom,Real,CH,Hlow,Rl,NA,NA,8.5,NA,NA,7372.2153175,76133.126564,553.8823529800001,7926.0976704800005
Mod,H1,Ideal,AK,Hhigh,HP,NA,NA,NA,7,NA,908.56415222,12130.818469,943.80485298,1852.3690052
Mod,H1,Ideal,AK,Hhigh,HPl,NA,NA,NA,5,NA,710.54028813,9609.3498314,776.47058819,1487.01087632
Mod,H1,Ideal,AK,Hhigh,HYD1000,HYD1000,3,NA,5,1000,2193.4065972,34032.377456,4448.9955884,6642.4021856
Mod,H1,Ideal,AK,Hhigh,HYD1000,HYD1000,4,NA,5,1000,2350.05536045,37064.705876,4448.9955884,6799.05094885
Mod,H1,Ideal,AK,Hhigh,HYD1000,HYD1000,5,NA,5,1000,2531.4928849,40152.52164,4448.9955884,6980.4884733
Mod,H1,Ideal,AK,Hhigh,HYD200,HYD200,3,NA,8.5,200,2107.73038015,32777.124006,3248.9955883,5356.72596845
Mod,H1,Ideal,AK,Hhigh,HYD200,HYD200,4,NA,8.5,200,2259.39220485,35903.604154,3248.9955883,5508.387793149999
Mod,H1,Ideal,AK,Hhigh,HYD200,HYD200,5,NA,8.5,200,2442.3917358999997,39159.70245,3248.9955883,5691.387324199999
Mod,H1,Ideal,AK,Hhigh,HYD500,HYD500,3,NA,6,500,2121.6379104000002,32682.427976000003,3698.9955882,5820.6334986
Mod,H1,Ideal,AK,Hhigh,HYD500,HYD500,4,NA,6,500,2270.65203565,35620.153052,3698.9955882,5969.64762385
Mod,H1,Ideal,AK,Hhigh,HYD500,HYD500,5,NA,6,500,2446.1803793,38701.686804,3698.9955882,6145.175967499999
Mod,H1,Ideal,AK,Hhigh,R,NA,NA,8.5,NA,NA,3722.3956268,49768.136637999996,1661.6470585,5384.0426853
Mod,H1,Ideal,AK,Hhigh,Rb,NA,NA,4,NA,NA,991.39775108,12703.9148104,1107.7647064,2099.16245748
Mod,H1,Ideal,AK,Hhigh,Rl,NA,NA,4.5,NA,NA,2730.9978754,37064.221832,553.8823529800001,3284.88022838
Mod,H1,Ideal,AK,Hlow,HP,NA,NA,NA,7,NA,1455.73097095,12130.818469,943.80485298,2399.53582393
Mod,H1,Ideal,AK,Hlow,HPl,NA,NA,NA,5,NA,1112.6783026,9609.3498314,776.47058819,1889.14889079
Mod,H1,Ideal,AK,Hlow,HYD1000,HYD1000,3,NA,5,1000,3211.5273417999997,34032.377456,4448.9955884,7660.5229302
Mod,H1,Ideal,AK,Hlow,HYD1000,HYD1000,4,NA,5,1000,3385.6534959,37064.705876,4448.9955884,7834.6490843
Mod,H1,Ideal,AK,Hlow,HYD1000,HYD1000,5,NA,5,1000,3587.4765779,40152.52164,4448.9955884,8036.4721663
Mod,H1,Ideal,AK,Hlow,HYD200,HYD200,3,NA,8.5,200,3168.2404083,32777.124006,3248.9955883,6417.2359966
Mod,H1,Ideal,AK,Hlow,HYD200,HYD200,4,NA,8.5,200,3342.6665765,35903.604154,3248.9955883,6591.6621648
Mod,H1,Ideal,AK,Hlow,HYD200,HYD200,5,NA,8.5,200,3554.0147981,39159.70245,3248.9955883,6803.010386399999
Mod,H1,Ideal,AK,Hlow,HYD500,HYD500,3,NA,6,500,3157.1311144,32682.427976000003,3698.9955882,6856.1267026000005
Mod,H1,Ideal,AK,Hlow,HYD500,HYD500,4,NA,6,500,3327.8849818999997,35620.153052,3698.9955882,7026.8805701
Mod,H1,Ideal,AK,Hlow,HYD500,HYD500,5,NA,6,500,3529.8196827,38701.686804,3698.9955882,7228.8152709000005
Mod,H1,Ideal,AK,Hlow,R,NA,NA,8.5,NA,NA,5964.7389589,49768.136637999996,1661.6470585,7626.3860174
Mod,H1,Ideal,AK,Hlow,Rb,NA,NA,4,NA,NA,1686.11758078,12703.9148104,1107.7647064,2793.8822871800003
Mod,H1,Ideal,AK,Hlow,Rl,NA,NA,4.5,NA,NA,4278.6213794000005,37064.221832,553.8823529800001,4832.503732380001
Mod,H1,Ideal,CH,Hhigh,HP,NA,NA,NA,12.5,NA,4081.7269129,53667.51643,1614.2265865,5695.9534994000005
Mod,H1,Ideal,CH,Hhigh,HPl,NA,NA,NA,8,NA,2132.6862717,28825.354052,1040.5448504,3173.2311221
Mod,H1,Ideal,CH,Hhigh,HYD1000,HYD1000,3,NA,8.5,1000,6723.2520671,96789.96813200001,4593.3705884,11316.6226555
Mod,H1,Ideal,CH,Hhigh,HYD1000,HYD1000,4,NA,8.5,1000,6911.7232619999995,100239.455932,4593.3705884,11505.0938504
Mod,H1,Ideal,CH,Hhigh,HYD1000,HYD1000,5,NA,8.5,1000,7126.5012947,103791.83122000001,4593.3705884,11719.8718831
Mod,H1,Ideal,CH,Hhigh,HYD200,HYD200,3,NA,11.2,200,6233.8843028,87963.768178,3874.7823532,10108.666656000001
Mod,H1,Ideal,CH,Hhigh,HYD200,HYD200,4,NA,11.2,200,6387.4960026,90924.163638,3874.7823532,10262.278355800001
Mod,H1,Ideal,CH,Hhigh,HYD200,HYD200,5,NA,11.2,200,6564.0829435,94012.024018,3874.7823532,10438.8652967
Mod,H1,Ideal,CH,Hhigh,HYD500,HYD500,3,NA,8.5,500,6535.0703868,94076.026858,3843.3705882,10378.440975
Mod,H1,Ideal,CH,Hhigh,HYD500,HYD500,4,NA,8.5,500,6713.3574933,97518.06024400001,3843.3705882,10556.7280815
Mod,H1,Ideal,CH,Hhigh,HYD500,HYD500,5,NA,8.5,500,6916.1686394,101065.36151799999,3843.3705882,10759.5392276
Mod,H1,Ideal,CH,Hhigh,R,NA,NA,12.5,NA,NA,13755.3856735,186198.467004,1661.6470585,15417.032732000001
Mod,H1,Ideal,CH,Hhigh,Rb,NA,NA,4.5,NA,NA,5859.1589267,76497.958416,1107.7647064,6966.9236331
Mod,H1,Ideal,CH,Hhigh,Rl,NA,NA,8,NA,NA,7896.2267467,109700.508588,553.8823529800001,8450.10909968
Mod,H1,Ideal,CH,Hlow,HP,NA,NA,NA,12.5,NA,5994.684614,53667.51643,1614.2265865,7608.9112005
Mod,H1,Ideal,CH,Hlow,HPl,NA,NA,NA,8,NA,2992.958603,28825.354052,1040.5448504,4033.5034534
Mod,H1,Ideal,CH,Hlow,HYD1000,HYD1000,3,NA,8.5,1000,9691.6130039,96789.96813200001,4593.3705884,14284.9835923
Mod,H1,Ideal,CH,Hlow,HYD1000,HYD1000,4,NA,8.5,1000,9902.4536329,100239.455932,4593.3705884,14495.824221300001
Mod,H1,Ideal,CH,Hlow,HYD1000,HYD1000,5,NA,8.5,1000,10139.0509085,103791.83122000001,4593.3705884,14732.421496899999
Mod,H1,Ideal,CH,Hlow,HYD200,HYD200,3,NA,11.2,200,9103.005054,87963.768178,3874.7823532,12977.7874072
Mod,H1,Ideal,CH,Hlow,HYD200,HYD200,4,NA,11.2,200,9282.2326816,90924.163638,3874.7823532,13157.0150348
Mod,H1,Ideal,CH,Hlow,HYD200,HYD200,5,NA,11.2,200,9484.9189009,94012.024018,3874.7823532,13359.7012541
Mod,H1,Ideal,CH,Hlow,HYD500,HYD500,3,NA,8.5,500,9463.1020841,94076.026858,3843.3705882,13306.4726723
Mod,H1,Ideal,CH,Hlow,HYD500,HYD500,4,NA,8.5,500,9665.8604317,97518.06024400001,3843.3705882,13509.2310199
Mod,H1,Ideal,CH,Hlow,HYD500,HYD500,5,NA,8.5,500,9893.813211800001,101065.36151799999,3843.3705882,13737.1838
Mod,H1,Ideal,CH,Hlow,R,NA,NA,12.5,NA,NA,20279.4084111,186198.467004,1661.6470585,21941.0554696
Mod,H1,Ideal,CH,Hlow,Rb,NA,NA,4.5,NA,NA,9093.5959889,76497.958416,1107.7647064,10201.3606953
Mod,H1,Ideal,CH,Hlow,Rl,NA,NA,8,NA,NA,11185.8124221,109700.508588,553.8823529800001,11739.694775079999
Mod,H1,Real,AK,Hhigh,HP,NA,NA,NA,7,NA,880.11635832,11655.570517799999,943.80485298,1823.9212112999999
Mod,H1,Real,AK,Hhigh,HPl,NA,NA,NA,5,NA,711.4397163,9621.5701186,776.47058819,1487.9103044899998
Mod,H1,Real,AK,Hhigh,HYD1000,HYD1000,3,NA,5,1000,2153.79672125,33386.33947,4448.9955884,6602.79230965
Mod,H1,Real,AK,Hhigh,HYD1000,HYD1000,4,NA,5,1000,2309.9794703000002,36416.600836000005,4448.9955884,6758.9750587
Mod,H1,Real,AK,Hhigh,HYD1000,HYD1000,5,NA,5,1000,2490.9751192,39503.761902000006,4448.9955884,6939.9707075999995
Mod,H1,Real,AK,Hhigh,HYD200,HYD200,3,NA,8.5,200,2068.69026145,32099.29855,3248.9955883,5317.68584975
Mod,H1,Real,AK,Hhigh,HYD200,HYD200,4,NA,8.5,200,2220.5645508,35225.87838,3248.9955883,5469.5601391
Mod,H1,Real,AK,Hhigh,HYD200,HYD200,5,NA,8.5,200,2403.82961075,38481.830111999996,3248.9955883,5652.825199049999
Mod,H1,Real,AK,Hhigh,HYD500,HYD500,3,NA,6,500,2084.9844659,32037.627622,3698.9955882,5783.9800541
Mod,H1,Real,AK,Hhigh,HYD500,HYD500,4,NA,6,500,2234.0051197000003,34973.579454,3698.9955882,5933.000707900001
Mod,H1,Real,AK,Hhigh,HYD500,HYD500,5,NA,6,500,2409.5342073,38054.573414,3698.9955882,6108.5297955000005
Mod,H1,Real,AK,Hhigh,R,NA,NA,8.5,NA,NA,3623.1387453,48075.879302,1661.6470585,5284.7858038
Mod,H1,Real,AK,Hhigh,Rb,NA,NA,4,NA,NA,888.61692899,10963.6822218,1107.7647064,1996.3816353900002
Mod,H1,Real,AK,Hhigh,Rl,NA,NA,4.5,NA,NA,2734.521816,37112.197078000005,553.8823529800001,3288.40416898
Mod,H1,Real,AK,Hlow,HP,NA,NA,NA,7,NA,1389.15903762,11655.570517799999,943.80485298,2332.9638906
Mod,H1,Real,AK,Hlow,HPl,NA,NA,NA,5,NA,1114.3231859100001,9621.5701186,776.47058819,1890.7937741
Mod,H1,Real,AK,Hlow,HYD1000,HYD1000,3,NA,5,1000,3118.7710972,33386.33947,4448.9955884,7567.7666856
Mod,H1,Real,AK,Hlow,HYD1000,HYD1000,4,NA,5,1000,3291.59589,36416.600836000005,4448.9955884,7740.5914784
Mod,H1,Real,AK,Hlow,HYD1000,HYD1000,5,NA,5,1000,3493.6159575,39503.761902000006,4448.9955884,7942.6115459
Mod,H1,Real,AK,Hlow,HYD200,HYD200,3,NA,8.5,200,3073.9211493,32099.29855,3248.9955883,6322.9167376
Mod,H1,Real,AK,Hlow,HYD200,HYD200,4,NA,8.5,200,3248.4899864,35225.87838,3248.9955883,6497.4855747
Mod,H1,Real,AK,Hlow,HYD200,HYD200,5,NA,8.5,200,3460.0477854,38481.830111999996,3248.9955883,6709.0433737
Mod,H1,Real,AK,Hlow,HYD500,HYD500,3,NA,6,500,3067.0459674,32037.627622,3698.9955882,6766.0415556
Mod,H1,Real,AK,Hlow,HYD500,HYD500,4,NA,6,500,3237.5334067,34973.579454,3698.9955882,6936.5289949
Mod,H1,Real,AK,Hlow,HYD500,HYD500,5,NA,6,500,3439.2488856,38054.573414,3698.9955882,7138.2444737999995
Mod,H1,Real,AK,Hlow,R,NA,NA,8.5,NA,NA,5727.1690884,48075.879302,1661.6470585,7388.8161469
Mod,H1,Real,AK,Hlow,Rb,NA,NA,4,NA,NA,1442.07775431,10963.6822218,1107.7647064,2549.84246071
Mod,H1,Real,AK,Hlow,Rl,NA,NA,4.5,NA,NA,4285.0913342,37112.197078000005,553.8823529800001,4838.9736871800005
Mod,H1,Real,CH,Hhigh,HP,NA,NA,NA,12.5,NA,3563.3201887,45767.614024,1614.2265865,5177.5467752
Mod,H1,Real,CH,Hhigh,HPl,NA,NA,NA,8,NA,2143.20880873,28972.258568,1040.5448504,3183.75365913
Mod,H1,Real,CH,Hhigh,HYD1000,HYD1000,3,NA,8.5,1000,6010.8731898,86009.09037600001,4593.3705884,10604.2437782
Mod,H1,Real,CH,Hhigh,HYD1000,HYD1000,4,NA,8.5,1000,6199.2201016,89450.278742,4593.3705884,10792.59069
Mod,H1,Real,CH,Hhigh,HYD1000,HYD1000,5,NA,8.5,1000,6412.8826985,93001.45478799999,4593.3705884,11006.253286899999
Mod,H1,Real,CH,Hhigh,HYD200,HYD200,3,NA,11.2,200,5476.7381666,76732.171824,3874.7823532,9351.5205198
Mod,H1,Real,CH,Hhigh,HYD200,HYD200,4,NA,11.2,200,5630.5892538,79700.407754,3874.7823532,9505.371607000001
Mod,H1,Real,CH,Hhigh,HYD200,HYD200,5,NA,11.2,200,5807.1254746,82779.842772,3874.7823532,9681.907827800002
Mod,H1,Real,CH,Hhigh,HYD500,HYD500,3,NA,8.5,500,5821.841843,83309.208906,3843.3705882,9665.2124312
Mod,H1,Real,CH,Hhigh,HYD500,HYD500,4,NA,8.5,500,5999.9942118,86744.966484,3843.3705882,9843.3648
Mod,H1,Real,CH,Hhigh,HYD500,HYD500,5,NA,8.5,500,6201.8816156,90291.07522599999,3843.3705882,10045.2522038
Mod,H1,Real,CH,Hhigh,R,NA,NA,12.5,NA,NA,12204.4827005,162021.093872,1661.6470585,13866.129759000001
Mod,H1,Real,CH,Hhigh,Rb,NA,NA,4.5,NA,NA,4268.4885707,51742.477776,1107.7647064,5376.253277100001
Mod,H1,Real,CH,Hhigh,Rl,NA,NA,8,NA,NA,7935.9941297,110278.616096,553.8823529800001,8489.87648268
Mod,H1,Real,CH,Hlow,HP,NA,NA,NA,12.5,NA,5045.0770007,45767.614024,1614.2265865,6659.3035872
Mod,H1,Real,CH,Hlow,HPl,NA,NA,NA,8,NA,3008.924165,28972.258568,1040.5448504,4049.4690154
Mod,H1,Real,CH,Hlow,HYD1000,HYD1000,3,NA,8.5,1000,8418.0710549,86009.09037600001,4593.3705884,13011.4416433
Mod,H1,Real,CH,Hlow,HYD1000,HYD1000,4,NA,8.5,1000,8627.2210844,89450.278742,4593.3705884,13220.591672800001
Mod,H1,Real,CH,Hlow,HYD1000,HYD1000,5,NA,8.5,1000,8863.4859932,93001.45478799999,4593.3705884,13456.856581600001
Mod,H1,Real,CH,Hlow,HYD200,HYD200,3,NA,11.2,200,7770.2337136,76732.171824,3874.7823532,11645.016066799999
Mod,H1,Real,CH,Hlow,HYD200,HYD200,4,NA,11.2,200,7950.2336774,79700.407754,3874.7823532,11825.0160306
Mod,H1,Real,CH,Hlow,HYD200,HYD200,5,NA,11.2,200,8152.3190936,82779.842772,3874.7823532,12027.1014468
Mod,H1,Real,CH,Hlow,HYD500,HYD500,3,NA,8.5,500,8192.4528802,83309.208906,3843.3705882,12035.8234684
Mod,H1,Real,CH,Hlow,HYD500,HYD500,4,NA,8.5,500,8394.2741589,86744.966484,3843.3705882,12237.6447471
Mod,H1,Real,CH,Hlow,HYD500,HYD500,5,NA,8.5,500,8622.7268922,90291.07522599999,3843.3705882,12466.0974804
Mod,H1,Real,CH,Hlow,R,NA,NA,12.5,NA,NA,17407.2528485,162021.093872,1661.6470585,19068.899907
Mod,H1,Real,CH,Hlow,Rb,NA,NA,4.5,NA,NA,6159.9771116,51742.477776,1107.7647064,7267.741818
Mod,H1,Real,CH,Hlow,Rl,NA,NA,8,NA,NA,11247.2757362,110278.616096,553.8823529800001,11801.158089179999
Mod,Nom,Ideal,AK,Hhigh,HP,NA,NA,NA,11,NA,1404.1194282,18751.5341552,1394.4296179,2798.5490461
Mod,Nom,Ideal,AK,Hhigh,HPl,NA,NA,NA,8,NA,904.88105518,12005.883610600002,1040.5448504,1945.42590558
Mod,Nom,Ideal,AK,Hhigh,HYD1000,HYD1000,3,NA,6,1000,2928.5982713000003,43915.977644,4593.3705884,7521.9688597
Mod,Nom,Ideal,AK,Hhigh,HYD1000,HYD1000,4,NA,6,1000,3084.1605254,46847.902749999994,4593.3705884,7677.5311138
Mod,Nom,Ideal,AK,Hhigh,HYD1000,HYD1000,5,NA,6,1000,3268.1144344,49935.73211,4593.3705884,7861.4850228
Mod,Nom,Ideal,AK,Hhigh,HYD200,HYD200,3,NA,11.2,200,2397.0224193999998,35951.770118,3874.7823532,6271.8047726
Mod,Nom,Ideal,AK,Hhigh,HYD200,HYD200,4,NA,11.2,200,2520.6031698,38474.207793999994,3874.7823532,6395.385523000001
Mod,Nom,Ideal,AK,Hhigh,HYD200,HYD200,5,NA,11.2,200,2669.9023658,41124.463534,3874.7823532,6544.684719000001
Mod,Nom,Ideal,AK,Hhigh,HYD500,HYD500,3,NA,8.5,500,2923.0048503,43894.127904,3843.3705882,6766.375438499999
Mod,Nom,Ideal,AK,Hhigh,HYD500,HYD500,4,NA,8.5,500,3080.0428489,47002.558284,3843.3705882,6923.4134371
Mod,Nom,Ideal,AK,Hhigh,HYD500,HYD500,5,NA,8.5,500,3265.1792294,50252.399846,3843.3705882,7108.5498176
Mod,Nom,Ideal,AK,Hhigh,R,NA,NA,12,NA,NA,5579.7261763,74591.237248,1661.6470585,7241.373234799999
Mod,Nom,Ideal,AK,Hhigh,Rb,NA,NA,4,NA,NA,1884.95097121,25454.050929999998,1107.7647064,2992.71567761
Mod,Nom,Ideal,AK,Hhigh,Rl,NA,NA,8,NA,NA,3694.7752056,49137.18634000001,553.8823529800001,4248.65755858
Mod,Nom,Ideal,AK,Hlow,HP,NA,NA,NA,11,NA,2224.60129765,18751.5341552,1394.4296179,3619.03091555
Mod,Nom,Ideal,AK,Hlow,HPl,NA,NA,NA,8,NA,1374.04782329,12005.883610600002,1040.5448504,2414.59267369
Mod,Nom,Ideal,AK,Hlow,HYD1000,HYD1000,3,NA,6,1000,4360.9566872,43915.977644,4593.3705884,8954.3272756
Mod,Nom,Ideal,AK,Hlow,HYD1000,HYD1000,4,NA,6,1000,4537.9384489,46847.902749999994,4593.3705884,9131.309037300001
Mod,Nom,Ideal,AK,Hlow,HYD1000,HYD1000,5,NA,6,1000,4745.1874894,49935.73211,4593.3705884,9338.5580778
Mod,Nom,Ideal,AK,Hlow,HYD200,HYD200,3,NA,11.2,200,3650.9700784,35951.770118,3874.7823532,7525.7524316
Mod,Nom,Ideal,AK,Hlow,HYD200,HYD200,4,NA,11.2,200,3793.7027347,38474.207793999994,3874.7823532,7668.4850879000005
Mod,Nom,Ideal,AK,Hlow,HYD200,HYD200,5,NA,11.2,200,3968.3664292000003,41124.463534,3874.7823532,7843.1487824000005
Mod,Nom,Ideal,AK,Hlow,HYD500,HYD500,3,NA,8.5,500,4388.9470358,43894.127904,3843.3705882,8232.317624
Mod,Nom,Ideal,AK,Hlow,HYD500,HYD500,4,NA,8.5,500,4567.7818563,47002.558284,3843.3705882,8411.1524445
Mod,Nom,Ideal,AK,Hlow,HYD500,HYD500,5,NA,8.5,500,4780.3898001,50252.399846,3843.3705882,8623.7603883
Mod,Nom,Ideal,AK,Hlow,R,NA,NA,12,NA,NA,8831.686388,74591.237248,1661.6470585,10493.3334465
Mod,Nom,Ideal,AK,Hlow,Rb,NA,NA,4,NA,NA,3218.1986977,25454.050929999998,1107.7647064,4325.9634041
Mod,Nom,Ideal,AK,Hlow,Rl,NA,NA,8,NA,NA,5613.4876897,49137.18634000001,553.8823529800001,6167.370042680001
Mod,Nom,Ideal,CH,Hhigh,HP,NA,NA,NA,15.5,NA,5246.4296951,68978.44129,2163.2180119,7409.647707
Mod,Nom,Ideal,CH,Hhigh,HPl,NA,NA,NA,9,NA,2367.5239001,31557.408124,1147.2006975,3514.7245976
Mod,Nom,Ideal,CH,Hhigh,HYD1000,HYD1000,3,NA,14,1000,8095.3561822,114020.97445200001,5399.1205884,13494.4767706
Mod,Nom,Ideal,CH,Hhigh,HYD1000,HYD1000,4,NA,14,1000,8266.8505817,117093.821856,5399.1205884,13665.971170100001
Mod,Nom,Ideal,CH,Hhigh,HYD1000,HYD1000,5,NA,14,1000,8461.468780700001,120294.88497399999,5399.1205884,13860.589369100002
Mod,Nom,Ideal,CH,Hhigh,HYD200,HYD200,3,NA,14,200,7747.7108766,109573.77992,4199.1205883,11946.8314649
Mod,Nom,Ideal,CH,Hhigh,HYD200,HYD200,4,NA,14,200,7903.6090441,112636.270802,4199.1205883,12102.7296324
Mod,Nom,Ideal,CH,Hhigh,HYD200,HYD200,5,NA,14,200,8084.7869664,115838.784446,4199.1205883,12283.9075547
Mod,Nom,Ideal,CH,Hhigh,HYD500,HYD500,3,NA,14,500,7907.7566644,111420.01156,4649.1205882,12556.8772526
Mod,Nom,Ideal,CH,Hhigh,HYD500,HYD500,4,NA,14,500,8066.6664222,114471.832112,4649.1205882,12715.7870104
Mod,Nom,Ideal,CH,Hhigh,HYD500,HYD500,5,NA,14,500,8251.1884926,117669.14302,4649.1205882,12900.309080800002
Mod,Nom,Ideal,CH,Hhigh,R,NA,NA,15.5,NA,NA,17838.8398081,240321.65696,1661.6470585,19500.4868666
Mod,Nom,Ideal,CH,Hhigh,Rb,NA,NA,6.5,NA,NA,8374.0261597,111234.337258,1107.7647064,9481.7908661
Mod,Nom,Ideal,CH,Hhigh,Rl,NA,NA,9,NA,NA,9464.8136477,129087.31981199999,553.8823529800001,10018.69600068
Mod,Nom,Ideal,CH,Hlow,HP,NA,NA,NA,15.5,NA,7550.481950699999,68978.44129,2163.2180119,9713.6999626
Mod,Nom,Ideal,CH,Hlow,HPl,NA,NA,NA,9,NA,3238.9063036,31557.408124,1147.2006975,4386.107001099999
Mod,Nom,Ideal,CH,Hlow,HYD1000,HYD1000,3,NA,14,1000,11540.987532699999,114020.97445200001,5399.1205884,16940.1081211
Mod,Nom,Ideal,CH,Hlow,HYD1000,HYD1000,4,NA,14,1000,11734.7327872,117093.821856,5399.1205884,17133.8533756
Mod,Nom,Ideal,CH,Hlow,HYD1000,HYD1000,5,NA,14,1000,11952.8440692,120294.88497399999,5399.1205884,17351.9646576
Mod,Nom,Ideal,CH,Hlow,HYD200,HYD200,3,NA,14,200,11136.2605723,109573.77992,4199.1205883,15335.3811606
Mod,Nom,Ideal,CH,Hlow,HYD200,HYD200,4,NA,14,200,11316.3782932,112636.270802,4199.1205883,15515.4988815
Mod,Nom,Ideal,CH,Hlow,HYD200,HYD200,5,NA,14,200,11526.621502599999,115838.784446,4199.1205883,15725.7420909
Mod,Nom,Ideal,CH,Hlow,HYD500,HYD500,3,NA,14,500,11318.2047873,111420.01156,4649.1205882,15967.3253755
Mod,Nom,Ideal,CH,Hlow,HYD500,HYD500,4,NA,14,500,11500.437430599999,114471.832112,4649.1205882,16149.558018799999
Mod,Nom,Ideal,CH,Hlow,HYD500,HYD500,5,NA,14,500,11711.6911828,117669.14302,4649.1205882,16360.811771
Mod,Nom,Ideal,CH,Hlow,R,NA,NA,15.5,NA,NA,25697.199942,240321.65696,1661.6470585,27358.847000499998
Mod,Nom,Ideal,CH,Hlow,Rb,NA,NA,6.5,NA,NA,12606.440802,111234.337258,1107.7647064,13714.205508399999
Mod,Nom,Ideal,CH,Hlow,Rl,NA,NA,9,NA,NA,13090.759141300001,129087.31981199999,553.8823529800001,13644.64149428
Mod,Nom,Real,AK,Hhigh,HP,NA,NA,NA,11,NA,1288.40410397,16819.9886888,1394.4296179,2682.83372187
Mod,Nom,Real,AK,Hhigh,HPl,NA,NA,NA,8,NA,906.45017663,12030.230258200001,1040.5448504,1946.99502703
Mod,Nom,Real,AK,Hhigh,HYD1000,HYD1000,3,NA,6,1000,2769.4062955,41283.08382,4593.3705884,7362.7768839
Mod,Nom,Real,AK,Hhigh,HYD1000,HYD1000,4,NA,6,1000,2924.4501726,44210.786928,4593.3705884,7517.820761
Mod,Nom,Real,AK,Hhigh,HYD1000,HYD1000,5,NA,6,1000,3108.0112587,47297.531402,4593.3705884,7701.3818470999995
Mod,Nom,Real,AK,Hhigh,HYD200,HYD200,3,NA,11.2,200,2245.5011372999998,33432.62835,3874.7823532,6120.2834905
Mod,Nom,Real,AK,Hhigh,HYD200,HYD200,4,NA,11.2,200,2368.8031566,35955.137195999996,3874.7823532,6243.5855098
Mod,Nom,Real,AK,Hhigh,HYD200,HYD200,5,NA,11.2,200,2519.0186345,38607.985086,3874.7823532,6393.8009877
Mod,Nom,Real,AK,Hhigh,HYD500,HYD500,3,NA,8.5,500,2759.3575544,41141.57531,3843.3705882,6602.7281426
Mod,Nom,Real,AK,Hhigh,HYD500,HYD500,4,NA,8.5,500,2917.1900345999998,44249.748972,3843.3705882,6760.5606228
Mod,Nom,Real,AK,Hhigh,HYD500,HYD500,5,NA,8.5,500,3102.4710896,47498.560956,3843.3705882,6945.8416778
Mod,Nom,Real,AK,Hhigh,R,NA,NA,12,NA,NA,5170.1930971,67646.01553599999,1661.6470585,6831.8401556
Mod,Nom,Real,AK,Hhigh,Rb,NA,NA,4,NA,NA,1468.63279775,18404.28744,1107.7647064,2576.39750415
Mod,Nom,Real,AK,Hhigh,Rl,NA,NA,8,NA,NA,3701.560299,49241.728096000006,553.8823529800001,4255.44265198
Mod,Nom,Real,AK,Hlow,HP,NA,NA,NA,11,NA,1977.99671797,16819.9886888,1394.4296179,3372.42633587
Mod,Nom,Real,AK,Hlow,HPl,NA,NA,NA,8,NA,1376.82344469,12030.230258200001,1040.5448504,2417.36829509
Mod,Nom,Real,AK,Hlow,HYD1000,HYD1000,3,NA,6,1000,4024.9764228999998,41283.08382,4593.3705884,8618.3470113
Mod,Nom,Real,AK,Hlow,HYD1000,HYD1000,4,NA,6,1000,4200.3445797,44210.786928,4593.3705884,8793.7151681
Mod,Nom,Real,AK,Hlow,HYD1000,HYD1000,5,NA,6,1000,4408.0104855,47297.531402,4593.3705884,9001.3810739
Mod,Nom,Real,AK,Hlow,HYD200,HYD200,3,NA,11.2,200,3333.4294631000002,33432.62835,3874.7823532,7208.2118163000005
Mod,Nom,Real,AK,Hlow,HYD200,HYD200,4,NA,11.2,200,3476.5440993,35955.137195999996,3874.7823532,7351.3264525
Mod,Nom,Real,AK,Hlow,HYD200,HYD200,5,NA,11.2,200,3651.841218,38607.985086,3874.7823532,7526.6235712
Mod,Nom,Real,AK,Hlow,HYD500,HYD500,3,NA,8.5,500,4041.2335974999996,41141.57531,3843.3705882,7884.6041857
Mod,Nom,Real,AK,Hlow,HYD500,HYD500,4,NA,8.5,500,4220.9577337,44249.748972,3843.3705882,8064.3283219
Mod,Nom,Real,AK,Hlow,HYD500,HYD500,5,NA,8.5,500,4433.9648278,47498.560956,3843.3705882,8277.335416
Mod,Nom,Real,AK,Hlow,R,NA,NA,12,NA,NA,7945.8370376,67646.01553599999,1661.6470585,9607.4840961
Mod,Nom,Real,AK,Hlow,Rb,NA,NA,4,NA,NA,2320.3658372,18404.28744,1107.7647064,3428.1305436000002
Mod,Nom,Real,AK,Hlow,Rl,NA,NA,8,NA,NA,5625.4712004,49241.728096000006,553.8823529800001,6179.35355338
Mod,Nom,Real,CH,Hhigh,HP,NA,NA,NA,15.5,NA,4286.8015758,54616.554542000005,2163.2180119,6450.019587700001
Mod,Nom,Real,CH,Hhigh,HPl,NA,NA,NA,9,NA,2388.9843584,31831.808756,1147.2006975,3536.1850559
Mod,Nom,Real,CH,Hhigh,HYD1000,HYD1000,3,NA,14,1000,6833.2999019,95064.503952,5399.1205884,12232.420490299999
Mod,Nom,Real,CH,Hhigh,HYD1000,HYD1000,4,NA,14,1000,7004.6637017,98125.152026,5399.1205884,12403.7842901
Mod,Nom,Real,CH,Hhigh,HYD1000,HYD1000,5,NA,14,1000,7198.690802,101328.316628,5399.1205884,12597.8113904
Mod,Nom,Real,CH,Hhigh,HYD200,HYD200,3,NA,14,200,6477.7891437,90621.898928,4199.1205883,10676.909732
Mod,Nom,Real,CH,Hhigh,HYD200,HYD200,4,NA,14,200,6630.4202853,93681.472764,4199.1205883,10829.540873599999
Mod,Nom,Real,CH,Hhigh,HYD200,HYD200,5,NA,14,200,6813.406991,96882.06884400001,4199.1205883,11012.5275793
Mod,Nom,Real,CH,Hhigh,HYD500,HYD500,3,NA,14,500,6640.9745473,92477.343882,4649.1205882,11290.0951355
Mod,Nom,Real,CH,Hhigh,HYD500,HYD500,4,NA,14,500,6800.8734995,95520.11623000001,4649.1205882,11449.9940877
Mod,Nom,Real,CH,Hhigh,HYD500,HYD500,5,NA,14,500,6984.1530199,98710.57999,4649.1205882,11633.2736081
Mod,Nom,Real,CH,Hhigh,R,NA,NA,15.5,NA,NA,14973.9698433,196353.645422,1661.6470585,16635.6169018
Mod,Nom,Real,CH,Hhigh,Rb,NA,NA,6.5,NA,NA,5454.3283005,66515.252408,1107.7647064,6562.093006900001
Mod,Nom,Real,CH,Hhigh,Rl,NA,NA,9,NA,NA,9519.6415434,129838.393014,553.8823529800001,10073.523896379998
Mod,Nom,Real,CH,Hlow,HP,NA,NA,NA,15.5,NA,5920.8847477,54616.554542000005,2163.2180119,8084.1027596
Mod,Nom,Real,CH,Hlow,HPl,NA,NA,NA,9,NA,3269.50837,31831.808756,1147.2006975,4416.7090675
Mod,Nom,Real,CH,Hlow,HYD1000,HYD1000,3,NA,14,1000,9437.5502937,95064.503952,5399.1205884,14836.6708821
Mod,Nom,Real,CH,Hlow,HYD1000,HYD1000,4,NA,14,1000,9629.493498,98125.152026,5399.1205884,15028.6140864
Mod,Nom,Real,CH,Hlow,HYD1000,HYD1000,5,NA,14,1000,9849.014244,101328.316628,5399.1205884,15248.1348324
Mod,Nom,Real,CH,Hlow,HYD200,HYD200,3,NA,14,200,9030.175795899999,90621.898928,4199.1205883,13229.296384199999
Mod,Nom,Real,CH,Hlow,HYD200,HYD200,4,NA,14,200,9207.418535,93681.472764,4199.1205883,13406.539123300001
Mod,Nom,Real,CH,Hlow,HYD200,HYD200,5,NA,14,200,9418.093568100001,96882.06884400001,4199.1205883,13617.214156400001
Mod,Nom,Real,CH,Hlow,HYD500,HYD500,3,NA,14,500,9213.4262339,92477.343882,4649.1205882,13862.546822100001
Mod,Nom,Real,CH,Hlow,HYD500,HYD500,4,NA,14,500,9395.9389154,95520.11623000001,4649.1205882,14045.059503600001
Mod,Nom,Real,CH,Hlow,HYD500,HYD500,5,NA,14,500,9607.8071842,98710.57999,4649.1205882,14256.927772400002
Mod,Nom,Real,CH,Hlow,R,NA,NA,15.5,NA,NA,20796.7381473,196353.645422,1661.6470585,22458.385205799997
Mod,Nom,Real,CH,Hlow,Rb,NA,NA,6.5,NA,NA,7627.20354,66515.252408,1107.7647064,8734.9682464
Mod,Nom,Real,CH,Hlow,Rl,NA,NA,9,NA,NA,13169.5346054,129838.393014,553.8823529800001,13723.41695838
NA,NA,NA,AK,Hhigh,NA,HP,1,NA,4,135,262.34730493,5154.6348634000005,517.64705883,779.9943637599999
NA,NA,NA,AK,Hhigh,NA,HP,2,NA,4,135,388.65379477,7616.4832656,517.64705883,906.3008536
NA,NA,NA,AK,Hhigh,NA,HP,3,NA,4,180,544.25663454,10419.6996002,647.05882351,1191.31545805
NA,NA,NA,AK,Hhigh,NA,HP,4,NA,4,300,724.37414396,13973.2926652,841.1764706399999,1565.5506145999998
NA,NA,NA,AK,Hhigh,NA,HP,5,NA,4,300,864.11879228,16450.741648,841.1764706399999,1705.29526292
NA,NA,NA,AK,Hhigh,NA,HPo,1,NA,4,162,273.05792178999997,5350.1882324,582.35294117,855.41086296
NA,NA,NA,AK,Hhigh,NA,HPo,2,NA,4,162,399.39819532,7814.725527400001,582.35294117,981.75113649
NA,NA,NA,AK,Hhigh,NA,HPo,3,NA,4,216,562.03124157,10741.838091599999,679.4117646799999,1241.44300625
NA,NA,NA,AK,Hhigh,NA,HPo,4,NA,4,360,755.2306354899999,14547.426271400001,905.8823529800001,1661.11298847
NA,NA,NA,AK,Hhigh,NA,HPo,5,NA,4,360,896.50412935,17024.6894246,905.8823529800001,1802.38648233
NA,NA,NA,AK,Hlow,NA,HP,1,NA,4,135,333.81362084,5154.6348634000005,517.64705883,851.46067967
NA,NA,NA,AK,Hlow,NA,HP,2,NA,4,135,495.11004994,7616.4832656,517.64705883,1012.7571087700001
NA,NA,NA,AK,Hlow,NA,HP,3,NA,4,180,691.98375861,10419.6996002,647.05882351,1339.0425821200001
NA,NA,NA,AK,Hlow,NA,HP,4,NA,4,300,903.38851628,13973.2926652,841.1764706399999,1744.56498692
NA,NA,NA,AK,Hlow,NA,HP,5,NA,4,300,1061.12169006,16450.741648,841.1764706399999,1902.2981607
NA,NA,NA,AK,Hlow,NA,HPo,1,NA,4,162,347.10625169,5350.1882324,582.35294117,929.45919286
NA,NA,NA,AK,Hlow,NA,HPo,2,NA,4,162,508.58172619,7814.725527400001,582.35294117,1090.93466736
NA,NA,NA,AK,Hlow,NA,HPo,3,NA,4,216,714.37153927,10741.838091599999,679.4117646799999,1393.78330395
NA,NA,NA,AK,Hlow,NA,HPo,4,NA,4,360,944.70691193,14547.426271400001,905.8823529800001,1850.58926491
NA,NA,NA,AK,Hlow,NA,HPo,5,NA,4,360,1102.61407767,17024.6894246,905.8823529800001,2008.49643065
NA,NA,NA,CH,Hhigh,NA,HP,1,NA,4,135,291.9505536,5605.1890532,517.64705883,809.59761243
NA,NA,NA,CH,Hhigh,NA,HP,2,NA,4,135,427.30174832,8205.8074736,517.64705883,944.94880715
NA,NA,NA,CH,Hhigh,NA,HP,3,NA,4,180,597.98996033,11221.736948400001,647.05882351,1245.04878384
NA,NA,NA,CH,Hhigh,NA,HP,4,NA,4,300,799.6598528100001,15115.6820738,841.1764706399999,1640.83632345
NA,NA,NA,CH,Hhigh,NA,HP,5,NA,4,300,947.55409452,17710.6248396,841.1764706399999,1788.73056516
NA,NA,NA,CH,Hhigh,NA,HPo,1,NA,4,162,305.57916568,5837.3417739999995,582.35294117,887.9321068500001
NA,NA,NA,CH,Hhigh,NA,HPo,2,NA,4,162,440.9416675,8441.571945400001,582.35294117,1023.29460867
NA,NA,NA,CH,Hhigh,NA,HPo,3,NA,4,216,619.8489847,11603.161713000001,679.4117646799999,1299.2607493799999
NA,NA,NA,CH,Hhigh,NA,HPo,4,NA,4,360,837.44612145,15798.5088712,905.8823529800001,1743.32847443
NA,NA,NA,CH,Hhigh,NA,HPo,5,NA,4,360,986.09365499,18398.6962632,905.8823529800001,1891.97600797
NA,NA,NA,CH,Hlow,NA,HP,1,NA,4,135,371.47528540999997,5605.1890532,517.64705883,889.12234424
NA,NA,NA,CH,Hlow,NA,HP,2,NA,4,135,544.11605501,8205.8074736,517.64705883,1061.76311384
NA,NA,NA,CH,Hlow,NA,HP,3,NA,4,180,760.76233897,11221.736948400001,647.05882351,1407.82116248
NA,NA,NA,CH,Hlow,NA,HP,4,NA,4,300,999.66156196,15115.6820738,841.1764706399999,1840.8380326
NA,NA,NA,CH,Hlow,NA,HP,5,NA,4,300,1165.16511904,17710.6248396,841.1764706399999,2006.34158968
NA,NA,NA,CH,Hlow,NA,HPo,1,NA,4,162,388.16696296,5837.3417739999995,582.35294117,970.51990413
NA,NA,NA,CH,Hlow,NA,HPo,2,NA,4,162,560.85486867,8441.571945400001,582.35294117,1143.20780984
NA,NA,NA,CH,Hlow,NA,HPo,3,NA,4,216,787.9200730599999,11603.161713000001,679.4117646799999,1467.3318377399999
NA,NA,NA,CH,Hlow,NA,HPo,4,NA,4,360,1047.9843959099999,15798.5088712,905.8823529800001,1953.86674889
NA,NA,NA,CH,Hlow,NA,HPo,5,NA,4,360,1214.05421289,18398.6962632,905.8823529800001,2119.93656587
NA,NA,NA,NA,Hhigh,NA,R,1,NA,3,135,1109.0985507999999,22215.6,323.52941181,1432.62796261
NA,NA,NA,NA,Hhigh,NA,R,2,NA,3,135,1641.43353946,32698.6,323.52941181,1964.96295127
NA,NA,NA,NA,Hhigh,NA,R,3,NA,3,180,2296.2689032,44627,414.11764702,2710.3865502199997
NA,NA,NA,NA,Hhigh,NA,R,4,NA,3,300,3059.0651384000003,60086.399999999994,647.05882351,3706.12396191
NA,NA,NA,NA,Hhigh,NA,R,5,NA,3,300,3654.8247219,70590.3,647.05882351,4301.88354541
NA,NA,NA,NA,Hhigh,NA,Ro,1,NA,3,162,1156.84317299,23084.6,388.23529414999996,1545.0784671400002
NA,NA,NA,NA,Hhigh,NA,Ro,2,NA,3,162,1685.61986393,33552.2,388.23529414999996,2073.85515808
NA,NA,NA,NA,Hhigh,NA,Ro,3,NA,3,216,2371.2111473,46043.8,517.64705883,2888.85820613
NA,NA,NA,NA,Hhigh,NA,Ro,4,NA,3,360,3196.4449752,62638.399999999994,672.94117649,3869.38615169
NA,NA,NA,NA,Hhigh,NA,Ro,5,NA,3,360,3791.0008338999996,73131.3,672.94117649,4463.942010389999
NA,NA,NA,NA,Hlow,NA,R,1,NA,3,135,1402.07759869,22215.6,323.52941181,1725.6070105000001
NA,NA,NA,NA,Hlow,NA,R,2,NA,3,135,2085.09420986,32698.6,323.52941181,2408.62362167
NA,NA,NA,NA,Hlow,NA,R,3,NA,3,180,2906.1027559,44627,414.11764702,3320.2204029199997
NA,NA,NA,NA,Hlow,NA,R,4,NA,3,300,3800.6909307,60086.399999999994,647.05882351,4447.74975421
NA,NA,NA,NA,Hlow,NA,R,5,NA,3,300,4457.48142445,70590.3,647.05882351,5104.540247960001
NA,NA,NA,NA,Hlow,NA,Ro,1,NA,3,162,1458.29028838,23084.6,388.23529414999996,1846.52558253
NA,NA,NA,NA,Hlow,NA,Ro,2,NA,3,162,2138.75001664,33552.2,388.23529414999996,2526.98531079
NA,NA,NA,NA,Hlow,NA,Ro,3,NA,3,216,2995.70384445,46043.8,517.64705883,3513.35090328
NA,NA,NA,NA,Hlow,NA,Ro,4,NA,3,360,3966.9725749,62638.399999999994,672.94117649,4639.91375139
NA,NA,NA,NA,Hlow,NA,Ro,5,NA,3,360,4621.5346099,73131.3,672.94117649,5294.4757863899995
