house_type,insulation,schedule,Loc_code,Hydro_resource,SH_code,DW_code,Occ_code,R_cap,HP_cap,Tank_Volume (L),kgCO2_op_life,P_annual_kWh_life,Embodied,kgCO2_total_life
Mass,H1,Ideal,AK,Hhigh,HP,NA,NA,NA,6.5,NA,236.4855705,2991.0098218000003,817.1470588,1053.6326293
Mass,H1,Ideal,AK,Hhigh,HPl,NA,NA,NA,5,NA,205.643012205,2649.8718884,705.8823529,911.525365105
Mass,H1,Ideal,AK,Hhigh,HYD1000,HYD1000,3,NA,5,1000,1230.21741207,20400.1249716,3588.291444,4818.50885607
Mass,H1,Ideal,AK,Hhigh,HYD1000,HYD1000,4,NA,5,1000,1385.56600326,23438.53655,3588.291444,4973.857447259999
Mass,H1,Ideal,AK,Hhigh,HYD1000,HYD1000,5,NA,5,1000,1564.29791412,26514.309712,3588.291444,5152.58935812
Mass,H1,Ideal,AK,Hhigh,HYD200,HYD200,3,NA,8.5,200,1079.40905697,17794.209050200003,2497.382353,3576.79140997
Mass,H1,Ideal,AK,Hhigh,HYD200,HYD200,4,NA,8.5,200,1230.58321331,20904.5832842,2497.382353,3727.96556631
Mass,H1,Ideal,AK,Hhigh,HYD200,HYD200,5,NA,8.5,200,1413.57443399,24152.862491999997,2497.382353,3910.95678699
Mass,H1,Ideal,AK,Hhigh,HYD500,HYD500,3,NA,5,500,1109.79450269,18361.198482,2906.473262,4016.26776469
Mass,H1,Ideal,AK,Hhigh,HYD500,HYD500,4,NA,5,500,1260.51316731,21415.8573992,2906.473262,4166.98642931
Mass,H1,Ideal,AK,Hhigh,HYD500,HYD500,5,NA,5,500,1435.55914353,24509.083654,2906.473262,4342.03240553
Mass,H1,Ideal,AK,Hhigh,R,NA,NA,7,NA,NA,935.87182347,11856.54778,1007.058824,1942.93064747
Mass,H1,Ideal,AK,Hhigh,Rb,NA,NA,2,NA,NA,165.117467133,1900.7361262999998,503.5294118,668.6468789329999
Mass,H1,Ideal,AK,Hhigh,Rl,NA,NA,5,NA,NA,770.75435636,9955.8116548,503.5294118,1274.28376816
Mass,H1,Ideal,AK,Hlow,HP,NA,NA,NA,6.5,NA,342.11596125,2991.0098218000003,817.1470588,1159.26302005
Mass,H1,Ideal,AK,Hlow,HPl,NA,NA,NA,5,NA,296.24333364,2649.8718884,705.8823529,1002.1256865400001
Mass,H1,Ideal,AK,Hlow,HYD1000,HYD1000,3,NA,5,1000,1606.33455871,20400.1249716,3588.291444,5194.62600271
Mass,H1,Ideal,AK,Hlow,HYD1000,HYD1000,4,NA,5,1000,1779.70388141,23438.53655,3588.291444,5367.99532541
Mass,H1,Ideal,AK,Hlow,HYD1000,HYD1000,5,NA,5,1000,1979.78433162,26514.309712,3588.291444,5568.07577562
Mass,H1,Ideal,AK,Hlow,HYD200,HYD200,3,NA,8.5,200,1438.33643144,17794.209050200003,2497.382353,3935.71878444
Mass,H1,Ideal,AK,Hlow,HYD200,HYD200,4,NA,8.5,200,1611.86346746,20904.5832842,2497.382353,4109.24582046
Mass,H1,Ideal,AK,Hlow,HYD200,HYD200,5,NA,8.5,200,1823.617018,24152.862491999997,2497.382353,4320.999371
Mass,H1,Ideal,AK,Hlow,HYD500,HYD500,3,NA,5,500,1455.19848228,18361.198482,2906.473262,4361.67174428
Mass,H1,Ideal,AK,Hlow,HYD500,HYD500,4,NA,5,500,1624.9777581399999,21415.8573992,2906.473262,4531.45102014
Mass,H1,Ideal,AK,Hlow,HYD500,HYD500,5,NA,5,500,1821.92636489,24509.083654,2906.473262,4728.39962689
Mass,H1,Ideal,AK,Hlow,R,NA,NA,7,NA,NA,1351.47785158,11856.54778,1007.058824,2358.53667558
Mass,H1,Ideal,AK,Hlow,Rb,NA,NA,2,NA,NA,242.94801421,1900.7361262999998,503.5294118,746.47742601
Mass,H1,Ideal,AK,Hlow,Rl,NA,NA,5,NA,NA,1108.52983741,9955.8116548,503.5294118,1612.05924921
Mass,H1,Ideal,CH,Hhigh,HP,NA,NA,NA,8.5,NA,1038.7232461,12855.5423128,993.2473572,2031.9706033000002
Mass,H1,Ideal,CH,Hhigh,HPl,NA,NA,NA,5,NA,649.1889468100001,8341.1845242,705.8823529,1355.07129971
Mass,H1,Ideal,CH,Hhigh,HYD1000,HYD1000,3,NA,5,1000,2467.8544631,35579.20454,3588.291444,6056.1459071
Mass,H1,Ideal,CH,Hhigh,HYD1000,HYD1000,4,NA,5,1000,2648.4532071000003,38878.2405,3588.291444,6236.7446511
Mass,H1,Ideal,CH,Hhigh,HYD1000,HYD1000,5,NA,5,1000,2844.6717497,42180.257856000004,3588.291444,6432.9631936999995
Mass,H1,Ideal,CH,Hhigh,HYD200,HYD200,3,NA,11.2,200,2116.444975,29931.369577999998,2935.029412,5051.474387
Mass,H1,Ideal,CH,Hhigh,HYD200,HYD200,4,NA,11.2,200,2270.1327539999997,32880.703548,2935.029412,5205.162166
Mass,H1,Ideal,CH,Hhigh,HYD200,HYD200,5,NA,11.2,200,2446.7051574,35968.401787999996,2935.029412,5381.7345694
Mass,H1,Ideal,CH,Hhigh,HYD500,HYD500,3,NA,6,500,2187.4726323,31867.375518,2906.473262,5093.9458943
Mass,H1,Ideal,CH,Hhigh,HYD500,HYD500,4,NA,6,500,2356.06344215,35116.644816,2906.473262,5262.536704149999
Mass,H1,Ideal,CH,Hhigh,HYD500,HYD500,5,NA,6,500,2548.5497395,38485.918768,2906.473262,5455.0230015
Mass,H1,Ideal,CH,Hhigh,R,NA,NA,8.5,NA,NA,3340.0216526,42210.315576,1007.058824,4347.0804766
Mass,H1,Ideal,CH,Hhigh,Rb,NA,NA,3.5,NA,NA,1248.48497591,14706.6724156,503.5294118,1752.01438771
Mass,H1,Ideal,CH,Hhigh,Rl,NA,NA,5,NA,NA,2091.5366767,27503.643156000002,503.5294118,2595.0660885
Mass,H1,Ideal,CH,Hlow,HP,NA,NA,NA,8.5,NA,1442.59970897,12855.5423128,993.2473572,2435.84706617
Mass,H1,Ideal,CH,Hlow,HPl,NA,NA,NA,5,NA,884.11158128,8341.1845242,705.8823529,1589.99393418
Mass,H1,Ideal,CH,Hlow,HYD1000,HYD1000,3,NA,5,1000,3277.3455469,35579.20454,3588.291444,6865.6369909000005
Mass,H1,Ideal,CH,Hlow,HYD1000,HYD1000,4,NA,5,1000,3482.0353606999997,38878.2405,3588.291444,7070.3268047
Mass,H1,Ideal,CH,Hlow,HYD1000,HYD1000,5,NA,5,1000,3698.9608209,42180.257856000004,3588.291444,7287.2522649
Mass,H1,Ideal,CH,Hlow,HYD200,HYD200,3,NA,11.2,200,2859.8437074000003,29931.369577999998,2935.029412,5794.8731194
Mass,H1,Ideal,CH,Hlow,HYD200,HYD200,4,NA,11.2,200,3039.0456985,32880.703548,2935.029412,5974.0751105
Mass,H1,Ideal,CH,Hlow,HYD200,HYD200,5,NA,11.2,200,3241.6593265,35968.401787999996,2935.029412,6176.6887385
Mass,H1,Ideal,CH,Hlow,HYD500,HYD500,3,NA,6,500,2909.7771014,31867.375518,2906.473262,5816.2503634
Mass,H1,Ideal,CH,Hlow,HYD500,HYD500,4,NA,6,500,3102.3144596,35116.644816,2906.473262,6008.7877216
Mass,H1,Ideal,CH,Hlow,HYD500,HYD500,5,NA,6,500,3318.2143573000003,38485.918768,2906.473262,6224.687619300001
Mass,H1,Ideal,CH,Hlow,R,NA,NA,8.5,NA,NA,4626.7287261,42210.315576,1007.058824,5633.7875501
Mass,H1,Ideal,CH,Hlow,Rb,NA,NA,3.5,NA,NA,1781.63895591,14706.6724156,503.5294118,2285.16836771
Mass,H1,Ideal,CH,Hlow,Rl,NA,NA,5,NA,NA,2845.0897697,27503.643156000002,503.5294118,3348.6191815
Mass,H1,Real,AK,Hhigh,HP,NA,NA,NA,6.5,NA,231.867910615,2932.8348896,817.1470588,1049.014969415
Mass,H1,Real,AK,Hhigh,HPl,NA,NA,NA,5,NA,205.290567525,2645.3765448,705.8823529,911.172920425
Mass,H1,Real,AK,Hhigh,HYD1000,HYD1000,3,NA,5,1000,1224.42848436,20326.219265,3588.291444,4812.71992836
Mass,H1,Real,AK,Hhigh,HYD1000,HYD1000,4,NA,5,1000,1379.31057831,23360.554822000002,3588.291444,4967.60202231
Mass,H1,Real,AK,Hhigh,HYD1000,HYD1000,5,NA,5,1000,1558.10584185,26436.639966000002,3588.291444,5146.39728585
Mass,H1,Real,AK,Hhigh,HYD200,HYD200,3,NA,8.5,200,1075.02083791,17722.5110524,2497.382353,3572.40319091
Mass,H1,Real,AK,Hhigh,HYD200,HYD200,4,NA,8.5,200,1226.29762577,20833.7826708,2497.382353,3723.67997877
Mass,H1,Real,AK,Hhigh,HYD200,HYD200,5,NA,8.5,200,1408.89604773,24082.78587,2497.382353,3906.2784007299997
Mass,H1,Real,AK,Hhigh,HYD500,HYD500,3,NA,5,500,1105.43193495,18295.400609199998,2906.473262,4011.9051969499997
Mass,H1,Real,AK,Hhigh,HYD500,HYD500,4,NA,5,500,1256.54871259,21347.2613112,2906.473262,4163.021974589999
Mass,H1,Real,AK,Hhigh,HYD500,HYD500,5,NA,5,500,1430.95018569,24439.410094,2906.473262,4337.42344769
Mass,H1,Real,AK,Hhigh,R,NA,NA,7,NA,NA,920.93455182,11666.113681199999,1007.058824,1927.99337582
Mass,H1,Real,AK,Hhigh,Rb,NA,NA,2,NA,NA,151.511008118,1727.29883656,503.5294118,655.040419918
Mass,H1,Real,AK,Hhigh,Rl,NA,NA,5,NA,NA,769.42354374,9938.8148442,503.5294118,1272.95295554
Mass,H1,Real,AK,Hlow,HP,NA,NA,NA,6.5,NA,334.1550251,2932.8348896,817.1470588,1151.3020839
Mass,H1,Real,AK,Hlow,HPl,NA,NA,NA,5,NA,295.69328774,2645.3765448,705.8823529,1001.5756406400001
Mass,H1,Real,AK,Hlow,HYD1000,HYD1000,3,NA,5,1000,1594.74209769,20326.219265,3588.291444,5183.03354169
Mass,H1,Real,AK,Hlow,HYD1000,HYD1000,4,NA,5,1000,1767.00377212,23360.554822000002,3588.291444,5355.29521612
Mass,H1,Real,AK,Hlow,HYD1000,HYD1000,5,NA,5,1000,1967.3932800799998,26436.639966000002,3588.291444,5555.68472408
Mass,H1,Real,AK,Hlow,HYD200,HYD200,3,NA,8.5,200,1428.72545878,17722.5110524,2497.382353,3926.10781178
Mass,H1,Real,AK,Hlow,HYD200,HYD200,4,NA,8.5,200,1601.56609087,20833.7826708,2497.382353,4098.94844387
Mass,H1,Real,AK,Hlow,HYD200,HYD200,5,NA,8.5,200,1813.45307364,24082.78587,2497.382353,4310.83542664
Mass,H1,Real,AK,Hlow,HYD500,HYD500,3,NA,5,500,1445.41046376,18295.400609199998,2906.473262,4351.88372576
Mass,H1,Real,AK,Hlow,HYD500,HYD500,4,NA,5,500,1614.98787436,21347.2613112,2906.473262,4521.46113636
Mass,H1,Real,AK,Hlow,HYD500,HYD500,5,NA,5,500,1811.49167468,24439.410094,2906.473262,4717.96493668
Mass,H1,Real,AK,Hlow,R,NA,NA,7,NA,NA,1325.43013185,11666.113681199999,1007.058824,2332.48895585
Mass,H1,Real,AK,Hlow,Rb,NA,NA,2,NA,NA,218.979986133,1727.29883656,503.5294118,722.509397933
Mass,H1,Real,AK,Hlow,Rl,NA,NA,5,NA,NA,1106.45014564,9938.8148442,503.5294118,1609.97955744
Mass,H1,Real,CH,Hhigh,HP,NA,NA,NA,8.5,NA,968.21716805,11882.5449886,993.2473572,1961.46452525
Mass,H1,Real,CH,Hhigh,HPl,NA,NA,NA,5,NA,649.90026814,8344.767893,705.8823529,1355.7826210399999
Mass,H1,Real,CH,Hhigh,HYD1000,HYD1000,3,NA,5,1000,2378.10899755,34236.821696,3588.291444,5966.40044155
Mass,H1,Real,CH,Hhigh,HYD1000,HYD1000,4,NA,5,1000,2557.8791652,37523.340624,3588.291444,6146.1706092
Mass,H1,Real,CH,Hhigh,HYD1000,HYD1000,5,NA,5,1000,2754.4411284,40827.584468,3588.291444,6342.7325724
Mass,H1,Real,CH,Hhigh,HYD200,HYD200,3,NA,11.2,200,2029.2115238000001,28631.399279999998,2935.029412,4964.2409358
Mass,H1,Real,CH,Hhigh,HYD200,HYD200,4,NA,11.2,200,2182.2041099,31579.187552,2935.029412,5117.2335219
Mass,H1,Real,CH,Hhigh,HYD200,HYD200,5,NA,11.2,200,2359.3397049,34665.224879999994,2935.029412,5294.369116899999
Mass,H1,Real,CH,Hhigh,HYD500,HYD500,3,NA,6,500,2116.0427095,30762.585898,2906.473262,5022.5159715
Mass,H1,Real,CH,Hhigh,HYD500,HYD500,4,NA,6,500,2284.8727489,34008.722858,2906.473262,5191.3460109
Mass,H1,Real,CH,Hhigh,HYD500,HYD500,5,NA,6,500,2477.8023998999997,37380.24884,2906.473262,5384.275661899999
Mass,H1,Real,CH,Hhigh,R,NA,NA,8.5,NA,NA,3149.8046925,39554.91188,1007.058824,4156.8635165
Mass,H1,Real,CH,Hhigh,Rb,NA,NA,3.5,NA,NA,1055.98326551,12041.7590986,503.5294118,1559.5126773099998
Mass,H1,Real,CH,Hhigh,Rl,NA,NA,5,NA,NA,2093.82142655,27513.152766,503.5294118,2597.3508383500002
Mass,H1,Real,CH,Hlow,HP,NA,NA,NA,8.5,NA,1322.75954985,11882.5449886,993.2473572,2316.00690705
Mass,H1,Real,CH,Hlow,HPl,NA,NA,NA,5,NA,885.12007023,8344.767893,705.8823529,1591.00242313
Mass,H1,Real,CH,Hlow,HYD1000,HYD1000,3,NA,5,1000,3112.6739892,34236.821696,3588.291444,6700.9654332
Mass,H1,Real,CH,Hlow,HYD1000,HYD1000,4,NA,5,1000,3314.1452396,37523.340624,3588.291444,6902.4366836
Mass,H1,Real,CH,Hlow,HYD1000,HYD1000,5,NA,5,1000,3532.7260964,40827.584468,3588.291444,7121.0175404
Mass,H1,Real,CH,Hlow,HYD200,HYD200,3,NA,11.2,200,2702.2862306,28631.399279999998,2935.029412,5637.3156426000005
Mass,H1,Real,CH,Hlow,HYD200,HYD200,4,NA,11.2,200,2881.0380223,31579.187552,2935.029412,5816.0674343
Mass,H1,Real,CH,Hlow,HYD200,HYD200,5,NA,11.2,200,3084.0056721,34665.224879999994,2935.029412,6019.0350841
Mass,H1,Real,CH,Hlow,HYD500,HYD500,3,NA,6,500,2775.3050001,30762.585898,2906.473262,5681.778262100001
Mass,H1,Real,CH,Hlow,HYD500,HYD500,4,NA,6,500,2967.1256759,34008.722858,2906.473262,5873.5989379
Mass,H1,Real,CH,Hlow,HYD500,HYD500,5,NA,6,500,3184.4156795999997,37380.24884,2906.473262,6090.8889416
Mass,H1,Real,CH,Hlow,R,NA,NA,8.5,NA,NA,4300.601796,39554.91188,1007.058824,5307.66062
Mass,H1,Real,CH,Hlow,Rb,NA,NA,3.5,NA,NA,1452.2824044,12041.7590986,503.5294118,1955.8118161999998
Mass,H1,Real,CH,Hlow,Rl,NA,NA,5,NA,NA,2848.3193918,27513.152766,503.5294118,3351.8488036000003
Mass,Nom,Ideal,AK,Hhigh,HP,NA,NA,NA,11,NA,1008.97731312,13703.316690800002,1267.663289,2276.64060212
Mass,Nom,Ideal,AK,Hhigh,HPl,NA,NA,NA,7,NA,622.01100156,8443.2140738,858.0044118,1480.01541336
Mass,Nom,Ideal,AK,Hhigh,HYD1000,HYD1000,3,NA,6,1000,2282.2501459,34382.958653999995,3625.791444,5908.0415899
Mass,Nom,Ideal,AK,Hhigh,HYD1000,HYD1000,4,NA,6,1000,2441.2811708,37330.858906,3625.791444,6067.072614799999
Mass,Nom,Ideal,AK,Hhigh,HYD1000,HYD1000,5,NA,6,1000,2625.7824293,40424.28082,3625.791444,6251.5738733
Mass,Nom,Ideal,AK,Hhigh,HYD200,HYD200,3,NA,11.2,200,1807.28484069,27158.626836000003,2972.529412,4779.81425269
Mass,Nom,Ideal,AK,Hhigh,HYD200,HYD200,4,NA,11.2,200,1931.7333283399998,29675.369811999997,2972.529412,4904.26274034
Mass,Nom,Ideal,AK,Hhigh,HYD200,HYD200,5,NA,11.2,200,2081.62806675,32327.616309999998,2972.529412,5054.157478749999
Mass,Nom,Ideal,AK,Hhigh,HYD500,HYD500,3,NA,8.5,500,2257.4390318,34027.499923999996,2943.973262,5201.4122938
Mass,Nom,Ideal,AK,Hhigh,HYD500,HYD500,4,NA,8.5,500,2417.8110258,37142.43379,2943.973262,5361.7842878
Mass,Nom,Ideal,AK,Hhigh,HYD500,HYD500,5,NA,8.5,500,2602.3648422,40397.037868,2943.973262,5546.3381042
Mass,Nom,Ideal,AK,Hhigh,R,NA,NA,11,NA,NA,3964.8569546,53939.751448,1007.058824,4971.9157786
Mass,Nom,Ideal,AK,Hhigh,Rb,NA,NA,4,NA,NA,1436.83861757,19534.358210399998,503.5294118,1940.36802937
Mass,Nom,Ideal,AK,Hhigh,Rl,NA,NA,7,NA,NA,2528.0183373,34405.39322,503.5294118,3031.5477491
Mass,Nom,Ideal,AK,Hlow,HP,NA,NA,NA,11,NA,1498.32179703,13703.316690800002,1267.663289,2765.9850860300003
Mass,Nom,Ideal,AK,Hlow,HPl,NA,NA,NA,7,NA,894.52437959,8443.2140738,858.0044118,1752.52879139
Mass,Nom,Ideal,AK,Hlow,HYD1000,HYD1000,3,NA,6,1000,3178.3845356,34382.958653999995,3625.791444,6804.175979600001
Mass,Nom,Ideal,AK,Hlow,HYD1000,HYD1000,4,NA,6,1000,3359.0256551,37330.858906,3625.791444,6984.817099100001
Mass,Nom,Ideal,AK,Hlow,HYD1000,HYD1000,5,NA,6,1000,3568.3219553,40424.28082,3625.791444,7194.1133993
Mass,Nom,Ideal,AK,Hlow,HYD200,HYD200,3,NA,11.2,200,2570.38164825,27158.626836000003,2972.529412,5542.91106025
Mass,Nom,Ideal,AK,Hlow,HYD200,HYD200,4,NA,11.2,200,2713.8224847,29675.369811999997,2972.529412,5686.3518967
Mass,Nom,Ideal,AK,Hlow,HYD200,HYD200,5,NA,11.2,200,2889.5754813,32327.616309999998,2972.529412,5862.1048933
Mass,Nom,Ideal,AK,Hlow,HYD500,HYD500,3,NA,8.5,500,3164.2791292,34027.499923999996,2943.973262,6108.2523912
Mass,Nom,Ideal,AK,Hlow,HYD500,HYD500,4,NA,8.5,500,3345.8866267,37142.43379,2943.973262,6289.8598887
Mass,Nom,Ideal,AK,Hlow,HYD500,HYD500,5,NA,8.5,500,3558.9503421,40397.037868,2943.973262,6502.9236041
Mass,Nom,Ideal,AK,Hlow,R,NA,NA,11,NA,NA,5866.0019409,53939.751448,1007.058824,6873.060764899999
Mass,Nom,Ideal,AK,Hlow,Rb,NA,NA,4,NA,NA,2237.59168349,19534.358210399998,503.5294118,2741.12109529
Mass,Nom,Ideal,AK,Hlow,Rl,NA,NA,7,NA,NA,3628.4102569,34405.39322,503.5294118,4131.9396687
Mass,Nom,Ideal,CH,Hhigh,HP,NA,NA,NA,15.5,NA,3248.4909395,43791.25267,1966.561829,5215.0527685
Mass,Nom,Ideal,CH,Hhigh,HPl,NA,NA,NA,8.5,NA,1537.27084641,21211.789665,993.2473572,2530.51820361
Mass,Nom,Ideal,CH,Hhigh,HYD1000,HYD1000,3,NA,11.2,1000,5303.338505,73992.369418,4232.188503,9535.527008000001
Mass,Nom,Ideal,CH,Hhigh,HYD1000,HYD1000,4,NA,11.2,1000,5475.2720381,77003.21002,4232.188503,9707.460541100001
Mass,Nom,Ideal,CH,Hhigh,HYD1000,HYD1000,5,NA,11.2,1000,5666.9423598,80115.884794,4232.188503,9899.1308628
Mass,Nom,Ideal,CH,Hhigh,HYD200,HYD200,3,NA,14,200,4800.3241374,67955.8539,3323.632353,8123.9564904
Mass,Nom,Ideal,CH,Hhigh,HYD200,HYD200,4,NA,14,200,4955.2599487,71017.482382,3323.632353,8278.8923017
Mass,Nom,Ideal,CH,Hhigh,HYD200,HYD200,5,NA,14,200,5137.5712296,74217.39358,3323.632353,8461.2035826
Mass,Nom,Ideal,CH,Hhigh,HYD500,HYD500,3,NA,14,500,4960.0102240999995,70087.112414,3732.723262,8692.7334861
Mass,Nom,Ideal,CH,Hhigh,HYD500,HYD500,4,NA,14,500,5119.6495552,73146.31258,3732.723262,8852.3728172
Mass,Nom,Ideal,CH,Hhigh,HYD500,HYD500,5,NA,14,500,5305.2827445,76346.366514,3732.723262,9038.0060065
Mass,Nom,Ideal,CH,Hhigh,R,NA,NA,15.5,NA,NA,10766.178315000001,148650.203724,1007.058824,11773.237139
Mass,Nom,Ideal,CH,Hhigh,Rb,NA,NA,7,NA,NA,5408.8866895,72701.98958,503.5294118,5912.4161013
Mass,Nom,Ideal,CH,Hhigh,Rl,NA,NA,8.5,NA,NA,5357.2916261,75948.214144,503.5294118,5860.8210379
Mass,Nom,Ideal,CH,Hlow,HP,NA,NA,NA,15.5,NA,4444.7319496,43791.25267,1966.561829,6411.2937786
Mass,Nom,Ideal,CH,Hlow,HPl,NA,NA,NA,8.5,NA,2042.22927163,21211.789665,993.2473572,3035.47662883
Mass,Nom,Ideal,CH,Hlow,HYD1000,HYD1000,3,NA,11.2,1000,7154.4276486,73992.369418,4232.188503,11386.6161516
Mass,Nom,Ideal,CH,Hlow,HYD1000,HYD1000,4,NA,11.2,1000,7350.6561196,77003.21002,4232.188503,11582.844622600001
Mass,Nom,Ideal,CH,Hlow,HYD1000,HYD1000,5,NA,11.2,1000,7563.7297077,80115.884794,4232.188503,11795.918210700002
Mass,Nom,Ideal,CH,Hlow,HYD200,HYD200,3,NA,14,200,6502.788045599999,67955.8539,3323.632353,9826.4203986
Mass,Nom,Ideal,CH,Hlow,HYD200,HYD200,4,NA,14,200,6681.1340036,71017.482382,3323.632353,10004.766356600001
Mass,Nom,Ideal,CH,Hlow,HYD200,HYD200,5,NA,14,200,6892.2212314,74217.39358,3323.632353,10215.8535844
Mass,Nom,Ideal,CH,Hlow,HYD500,HYD500,3,NA,14,500,6693.315627,70087.112414,3732.723262,10426.038889
Mass,Nom,Ideal,CH,Hlow,HYD500,HYD500,4,NA,14,500,6876.1262523000005,73146.31258,3732.723262,10608.8495143
Mass,Nom,Ideal,CH,Hlow,HYD500,HYD500,5,NA,14,500,7088.2101961,76346.366514,3732.723262,10820.9334581
Mass,Nom,Ideal,CH,Hlow,R,NA,NA,15.5,NA,NA,14602.7412408,148650.203724,1007.058824,15609.8000648
Mass,Nom,Ideal,CH,Hlow,Rb,NA,NA,7,NA,NA,7525.0459918999995,72701.98958,503.5294118,8028.5754037
Mass,Nom,Ideal,CH,Hlow,Rl,NA,NA,8.5,NA,NA,7077.695248399999,75948.214144,503.5294118,7581.2246602
Mass,Nom,Real,AK,Hhigh,HP,NA,NA,NA,11,NA,882.68380012,11830.8485262,1267.663289,2150.34708912
Mass,Nom,Real,AK,Hhigh,HPl,NA,NA,NA,7,NA,622.54307865,8448.2486066,858.0044118,1480.54749045
Mass,Nom,Real,AK,Hhigh,HYD1000,HYD1000,3,NA,6,1000,2134.01398875,32127.841834,3625.791444,5759.8054327499995
Mass,Nom,Real,AK,Hhigh,HYD1000,HYD1000,4,NA,6,1000,2292.4812199,35069.796497999996,3625.791444,5918.272663899999
Mass,Nom,Real,AK,Hhigh,HYD1000,HYD1000,5,NA,6,1000,2475.6017714,38160.393942,3625.791444,6101.3932153999995
Mass,Nom,Real,AK,Hhigh,HYD200,HYD200,3,NA,11.2,200,1668.70960528,25017.447025999998,2972.529412,4641.23901728
Mass,Nom,Real,AK,Hhigh,HYD200,HYD200,4,NA,11.2,200,1793.48279492,27535.764651999998,2972.529412,4766.01220692
Mass,Nom,Real,AK,Hhigh,HYD200,HYD200,5,NA,11.2,200,1943.21088839,30183.815661999997,2972.529412,4915.74030039
Mass,Nom,Real,AK,Hhigh,HYD500,HYD500,3,NA,8.5,500,2108.06239965,31677.299081999998,2943.973262,5052.035661649999
Mass,Nom,Real,AK,Hhigh,HYD500,HYD500,4,NA,8.5,500,2269.0904254,34792.44076,2943.973262,5213.0636874
Mass,Nom,Real,AK,Hhigh,HYD500,HYD500,5,NA,8.5,500,2453.3667691,38045.398182000004,2943.973262,5397.3400311000005
Mass,Nom,Real,AK,Hhigh,R,NA,NA,11,NA,NA,3526.8179064,47388.904244000005,1007.058824,4533.8767304
Mass,Nom,Real,AK,Hhigh,Rb,NA,NA,4,NA,NA,996.78871148,12965.6475894,503.5294118,1500.31812328
Mass,Nom,Real,AK,Hhigh,Rl,NA,NA,7,NA,NA,2530.0291948,34423.256647999995,503.5294118,3033.5586066
Mass,Nom,Real,AK,Hlow,HP,NA,NA,NA,11,NA,1274.08112476,11830.8485262,1267.663289,2541.74441376
Mass,Nom,Real,AK,Hlow,HPl,NA,NA,NA,7,NA,895.53230504,8448.2486066,858.0044118,1753.5367168399998
Mass,Nom,Real,AK,Hlow,HYD1000,HYD1000,3,NA,6,1000,2902.0743297,32127.841834,3625.791444,6527.865773699999
Mass,Nom,Real,AK,Hlow,HYD1000,HYD1000,4,NA,6,1000,3080.3285121,35069.796497999996,3625.791444,6706.119956099999
Mass,Nom,Real,AK,Hlow,HYD1000,HYD1000,5,NA,6,1000,3288.8985901,38160.393942,3625.791444,6914.6900341
Mass,Nom,Real,AK,Hlow,HYD200,HYD200,3,NA,11.2,200,2313.78434405,25017.447025999998,2972.529412,5286.31375605
Mass,Nom,Real,AK,Hlow,HYD200,HYD200,4,NA,11.2,200,2457.7324579,27535.764651999998,2972.529412,5430.2618698999995
Mass,Nom,Real,AK,Hlow,HYD200,HYD200,5,NA,11.2,200,2633.4282222,30183.815661999997,2972.529412,5605.9576342
Mass,Nom,Real,AK,Hlow,HYD500,HYD500,3,NA,8.5,500,2882.874148,31677.299081999998,2943.973262,5826.84741
Mass,Nom,Real,AK,Hlow,HYD500,HYD500,4,NA,8.5,500,3064.5321993,34792.44076,2943.973262,6008.505461299999
Mass,Nom,Real,AK,Hlow,HYD500,HYD500,5,NA,8.5,500,3278.0495707,38045.398182000004,2943.973262,6222.0228327
Mass,Nom,Real,AK,Hlow,R,NA,NA,11,NA,NA,5083.4234893,47388.904244000005,1007.058824,6090.4823133
Mass,Nom,Real,AK,Hlow,Rb,NA,NA,4,NA,NA,1451.12174475,12965.6475894,503.5294118,1954.65115655
Mass,Nom,Real,AK,Hlow,Rl,NA,NA,7,NA,NA,3632.3017443,34423.256647999995,503.5294118,4135.8311561
Mass,Nom,Real,CH,Hhigh,HP,NA,NA,NA,15.5,NA,2614.5477181,34682.742138,1966.561829,4581.1095471
Mass,Nom,Real,CH,Hhigh,HPl,NA,NA,NA,8.5,NA,1541.48317892,21261.623416,993.2473572,2534.73053612
Mass,Nom,Real,CH,Hhigh,HYD1000,HYD1000,3,NA,11.2,1000,4509.1633782,62240.90551799999,4232.188503,8741.3518812
Mass,Nom,Real,CH,Hhigh,HYD1000,HYD1000,4,NA,11.2,1000,4680.643424,65232.664178,4232.188503,8912.831927
Mass,Nom,Real,CH,Hhigh,HYD1000,HYD1000,5,NA,11.2,1000,4872.3156894,68346.067086,4232.188503,9104.5041924
Mass,Nom,Real,CH,Hhigh,HYD200,HYD200,3,NA,14,200,4069.3975752,57230.108606,3323.632353,7393.0299282
Mass,Nom,Real,CH,Hhigh,HYD200,HYD200,4,NA,14,200,4223.3791867,60282.404819999996,3323.632353,7547.0115397
Mass,Nom,Real,CH,Hhigh,HYD200,HYD200,5,NA,14,200,4405.149512,63480.157884,3323.632353,7728.781865
Mass,Nom,Real,CH,Hhigh,HYD500,HYD500,3,NA,14,500,4232.8755079,59330.3513,3732.723262,7965.5987699
Mass,Nom,Real,CH,Hhigh,HYD500,HYD500,4,NA,14,500,4393.8824888,62380.44362,3732.723262,8126.605750799999
Mass,Nom,Real,CH,Hhigh,HYD500,HYD500,5,NA,14,500,4578.5086666,65579.369724,3732.723262,8311.2319286
Mass,Nom,Real,CH,Hhigh,R,NA,NA,15.5,NA,NA,8926.8990504,121753.23364600001,1007.058824,9933.9578744
Mass,Nom,Real,CH,Hhigh,Rb,NA,NA,7,NA,NA,3554.1056989,45620.10706,503.5294118,4057.6351107
Mass,Nom,Real,CH,Hhigh,Rl,NA,NA,8.5,NA,NA,5372.7933518,76133.126564,503.5294118,5876.3227636
Mass,Nom,Real,CH,Hlow,HP,NA,NA,NA,15.5,NA,3480.2947338,34682.742138,1966.561829,5446.8565628
Mass,Nom,Real,CH,Hlow,HPl,NA,NA,NA,8.5,NA,2048.47019864,21261.623416,993.2473572,3041.71755584
Mass,Nom,Real,CH,Hlow,HYD1000,HYD1000,3,NA,11.2,1000,5915.6425061,62240.90551799999,4232.188503,10147.8310091
Mass,Nom,Real,CH,Hlow,HYD1000,HYD1000,4,NA,11.2,1000,6108.1241465,65232.664178,4232.188503,10340.3126495
Mass,Nom,Real,CH,Hlow,HYD1000,HYD1000,5,NA,11.2,1000,6323.4016143,68346.067086,4232.188503,10555.5901173
Mass,Nom,Real,CH,Hlow,HYD200,HYD200,3,NA,14,200,5376.6464176,57230.108606,3323.632353,8700.2787706
Mass,Nom,Real,CH,Hlow,HYD200,HYD200,4,NA,14,200,5554.1269141,60282.404819999996,3323.632353,8877.7592671
Mass,Nom,Real,CH,Hlow,HYD200,HYD200,5,NA,14,200,5765.026768199999,63480.157884,3323.632353,9088.659121199998
Mass,Nom,Real,CH,Hlow,HYD500,HYD500,3,NA,14,500,5565.0628308,59330.3513,3732.723262,9297.7860928
Mass,Nom,Real,CH,Hlow,HYD500,HYD500,4,NA,14,500,5748.1815135,62380.44362,3732.723262,9480.9047755
Mass,Nom,Real,CH,Hlow,HYD500,HYD500,5,NA,14,500,5961.0535704,65579.369724,3732.723262,9693.7768324
Mass,Nom,Real,CH,Hlow,R,NA,NA,15.5,NA,NA,11814.5691384,121753.23364600001,1007.058824,12821.6279624
Mass,Nom,Real,CH,Hlow,Rb,NA,NA,7,NA,NA,4713.8032419,45620.10706,503.5294118,5217.3326537
Mass,Nom,Real,CH,Hlow,Rl,NA,NA,8.5,NA,NA,7100.7658968,76133.126564,503.5294118,7604.2953086
Mod,H1,Ideal,AK,Hhigh,HP,NA,NA,NA,7,NA,865.45425517,12130.818469,858.0044118,1723.45866697
Mod,H1,Ideal,AK,Hhigh,HPl,NA,NA,NA,5,NA,675.79962935,9609.3498314,705.8823529,1381.6819822500001
Mod,H1,Ideal,AK,Hhigh,HYD1000,HYD1000,3,NA,5,1000,2051.5800422,32041.651994,4044.541444,6096.1214862
Mod,H1,Ideal,AK,Hhigh,HYD1000,HYD1000,4,NA,5,1000,2208.22880525,35073.980414,4044.541444,6252.770249249999
Mod,H1,Ideal,AK,Hhigh,HYD1000,HYD1000,5,NA,5,1000,2389.6663301,38161.796178000004,4044.541444,6434.207774099999
Mod,H1,Ideal,AK,Hhigh,HYD200,HYD200,3,NA,8.5,200,1964.61336164,30617.524058,2953.632353,4918.24571464
Mod,H1,Ideal,AK,Hhigh,HYD200,HYD200,4,NA,8.5,200,2116.274359,33733.273243999996,2953.632353,5069.906712
Mod,H1,Ideal,AK,Hhigh,HYD200,HYD200,5,NA,8.5,200,2299.0995603,36985.383138,2953.632353,5252.7319133
Mod,H1,Ideal,AK,Hhigh,HYD500,HYD500,3,NA,6,500,1979.81135536,30691.702514,3362.723262,5342.53461736
Mod,H1,Ideal,AK,Hhigh,HYD500,HYD500,4,NA,6,500,2128.8254809,33629.42759,3362.723262,5491.5487429
Mod,H1,Ideal,AK,Hhigh,HYD500,HYD500,5,NA,6,500,2304.3538243,36710.961319999995,3362.723262,5667.0770863
Mod,H1,Ideal,AK,Hhigh,R,NA,NA,8.5,NA,NA,3545.6638785,49768.136637999996,1510.588235,5056.2521135
Mod,H1,Ideal,AK,Hhigh,Rb,NA,NA,4,NA,NA,946.93998706,12703.9148104,1007.058824,1953.99881106
Mod,H1,Ideal,AK,Hhigh,Rl,NA,NA,4.5,NA,NA,2598.7238917,37064.221832,503.5294118,3102.2533035
Mod,H1,Ideal,AK,Hlow,HP,NA,NA,NA,7,NA,1404.23270701,12130.818469,858.0044118,2262.23711881
Mod,H1,Ideal,AK,Hlow,HPl,NA,NA,NA,5,NA,1072.1722608300001,9609.3498314,705.8823529,1778.0546137300003
Mod,H1,Ideal,AK,Hlow,HYD1000,HYD1000,3,NA,5,1000,2981.4169398,32041.651994,4044.541444,7025.9583838
Mod,H1,Ideal,AK,Hlow,HYD1000,HYD1000,4,NA,5,1000,3155.5430938,35073.980414,4044.541444,7200.084537799999
Mod,H1,Ideal,AK,Hlow,HYD1000,HYD1000,5,NA,5,1000,3357.3661749,38161.796178000004,4044.541444,7401.9076189
Mod,H1,Ideal,AK,Hlow,HYD200,HYD200,3,NA,8.5,200,2934.0045413,30617.524058,2953.632353,5887.6368943
Mod,H1,Ideal,AK,Hlow,HYD200,HYD200,4,NA,8.5,200,3108.3177964,33733.273243999996,2953.632353,6061.9501494
Mod,H1,Ideal,AK,Hlow,HYD200,HYD200,5,NA,8.5,200,3320.0739442,36985.383138,2953.632353,6273.7062972
Mod,H1,Ideal,AK,Hlow,HYD500,HYD500,3,NA,6,500,2927.0207108,30691.702514,3362.723262,6289.7439728
Mod,H1,Ideal,AK,Hlow,HYD500,HYD500,4,NA,6,500,3097.7745796,33629.42759,3362.723262,6460.497841599999
Mod,H1,Ideal,AK,Hlow,HYD500,HYD500,5,NA,6,500,3299.7092791,36710.961319999995,3362.723262,6662.4325411
Mod,H1,Ideal,AK,Hlow,R,NA,NA,8.5,NA,NA,5752.7600682,49768.136637999996,1510.588235,7263.3483032
Mod,H1,Ideal,AK,Hlow,Rb,NA,NA,4,NA,NA,1630.11053059,12703.9148104,1007.058824,2637.16935459
Mod,H1,Ideal,AK,Hlow,Rl,NA,NA,4.5,NA,NA,4122.6495375,37064.221832,503.5294118,4626.178949300001
Mod,H1,Ideal,CH,Hhigh,HP,NA,NA,NA,12.5,NA,3908.3811847,53667.51643,1467.478715,5375.8598997
Mod,H1,Ideal,CH,Hhigh,HPl,NA,NA,NA,8,NA,2024.9084472,28825.354052,945.949864,2970.8583112
Mod,H1,Ideal,CH,Hhigh,HYD1000,HYD1000,3,NA,8.5,1000,6195.5716123,89342.029436,4175.791444,10371.3630563
Mod,H1,Ideal,CH,Hhigh,HYD1000,HYD1000,4,NA,8.5,1000,6384.0428071999995,92791.517258,4175.791444,10559.8342512
Mod,H1,Ideal,CH,Hhigh,HYD1000,HYD1000,5,NA,8.5,1000,6598.8208407,96343.89252400001,4175.791444,10774.6122847
Mod,H1,Ideal,CH,Hhigh,HYD200,HYD200,3,NA,11.2,200,5706.5505361000005,80358.31507,3522.529412,9229.0799481
Mod,H1,Ideal,CH,Hhigh,HYD200,HYD200,4,NA,11.2,200,5860.6517598,83318.569422,3522.529412,9383.181171799999
Mod,H1,Ideal,CH,Hhigh,HYD200,HYD200,5,NA,11.2,200,6037.5698045,86407.083334,3522.529412,9560.099216499999
Mod,H1,Ideal,CH,Hhigh,HYD500,HYD500,3,NA,8.5,500,6007.3899325,86628.088184,3493.973262,9501.3631945
Mod,H1,Ideal,CH,Hhigh,HYD500,HYD500,4,NA,8.5,500,6185.6770382,90070.121548,3493.973262,9679.6503002
Mod,H1,Ideal,CH,Hhigh,HYD500,HYD500,5,NA,8.5,500,6388.4881838,93617.422844,3493.973262,9882.4614458
Mod,H1,Ideal,CH,Hhigh,R,NA,NA,12.5,NA,NA,13192.0113687,186198.467004,1510.588235,14702.599603699999
Mod,H1,Ideal,CH,Hhigh,Rb,NA,NA,4.5,NA,NA,5676.4089105,76497.958416,1007.058824,6683.4677345
Mod,H1,Ideal,CH,Hhigh,Rl,NA,NA,8,NA,NA,7515.6024579,109700.508588,503.5294118,8019.131869700001
Mod,H1,Ideal,CH,Hlow,HP,NA,NA,NA,12.5,NA,5795.155839,53667.51643,1467.478715,7262.634554
Mod,H1,Ideal,CH,Hlow,HPl,NA,NA,NA,8,NA,2883.2477658,28825.354052,945.949864,3829.1976298
Mod,H1,Ideal,CH,Hlow,HYD1000,HYD1000,3,NA,8.5,1000,8908.1715243,89342.029436,4175.791444,13083.9629683
Mod,H1,Ideal,CH,Hlow,HYD1000,HYD1000,4,NA,8.5,1000,9119.0121531,92791.517258,4175.791444,13294.8035971
Mod,H1,Ideal,CH,Hlow,HYD1000,HYD1000,5,NA,8.5,1000,9355.6094284,96343.89252400001,4175.791444,13531.4008724
Mod,H1,Ideal,CH,Hlow,HYD200,HYD200,3,NA,11.2,200,8315.8109922,80358.31507,3522.529412,11838.3404042
Mod,H1,Ideal,CH,Hlow,HYD200,HYD200,4,NA,11.2,200,8495.5763816,83318.569422,3522.529412,12018.1057936
Mod,H1,Ideal,CH,Hlow,HYD200,HYD200,5,NA,11.2,200,8698.6362257,86407.083334,3522.529412,12221.1656377
Mod,H1,Ideal,CH,Hlow,HYD500,HYD500,3,NA,8.5,500,8679.6606053,86628.088184,3493.973262,12173.6338673
Mod,H1,Ideal,CH,Hlow,HYD500,HYD500,4,NA,8.5,500,8882.4189519,90070.121548,3493.973262,12376.392213899999
Mod,H1,Ideal,CH,Hlow,HYD500,HYD500,5,NA,8.5,500,9110.3717323,93617.422844,3493.973262,12604.3449943
Mod,H1,Ideal,CH,Hlow,R,NA,NA,12.5,NA,NA,19586.0369837,186198.467004,1510.588235,21096.6252187
Mod,H1,Ideal,CH,Hlow,Rb,NA,NA,4.5,NA,NA,8815.3277145,76497.958416,1007.058824,9822.386538499999
Mod,H1,Ideal,CH,Hlow,Rl,NA,NA,8,NA,NA,10770.7092692,109700.508588,503.5294118,11274.238681
Mod,H1,Real,AK,Hhigh,HP,NA,NA,NA,7,NA,835.17162464,11655.570517799999,858.0044118,1693.17603644
Mod,H1,Real,AK,Hhigh,HPl,NA,NA,NA,5,NA,676.64626823,9621.5701186,705.8823529,1382.52862113
Mod,H1,Real,AK,Hhigh,HYD1000,HYD1000,3,NA,5,1000,2016.22596692,31463.304312,4044.541444,6060.76741092
Mod,H1,Real,AK,Hhigh,HYD1000,HYD1000,4,NA,5,1000,2172.408716,34493.565656,4044.541444,6216.95016
Mod,H1,Real,AK,Hhigh,HYD1000,HYD1000,5,NA,5,1000,2353.40436515,37580.726722,4044.541444,6397.94580915
Mod,H1,Real,AK,Hhigh,HYD200,HYD200,3,NA,8.5,200,1929.77789956,30007.406088,2953.632353,4883.41025256
Mod,H1,Real,AK,Hhigh,HYD200,HYD200,4,NA,8.5,200,2081.1745159,33122.553464,2953.632353,5034.8068689
Mod,H1,Real,AK,Hhigh,HYD200,HYD200,5,NA,8.5,200,2264.41199285,36374.470330000004,2953.632353,5218.044345849999
Mod,H1,Real,AK,Hhigh,HYD500,HYD500,3,NA,6,500,1947.41371121,30114.592442,3362.723262,5310.13697321
Mod,H1,Real,AK,Hhigh,HYD500,HYD500,4,NA,6,500,2096.43436535,33050.544296,3362.723262,5459.1576273499995
Mod,H1,Real,AK,Hhigh,HYD500,HYD500,5,NA,6,500,2271.9634524,36131.538256,3362.723262,5634.6867144
Mod,H1,Real,AK,Hhigh,R,NA,NA,8.5,NA,NA,3439.2688606,48075.879302,1510.588235,4949.8570956
Mod,H1,Real,AK,Hhigh,Rb,NA,NA,4,NA,NA,837.22613805,10963.6822218,1007.058824,1844.28496205
Mod,H1,Real,AK,Hhigh,Rl,NA,NA,4.5,NA,NA,2602.042723,37112.197078000005,503.5294118,3105.5721348
Mod,H1,Real,AK,Hlow,HP,NA,NA,NA,7,NA,1338.48501095,11655.570517799999,858.0044118,2196.48942275
Mod,H1,Real,AK,Hlow,HPl,NA,NA,NA,5,NA,1073.77469237,9621.5701186,705.8823529,1779.6570452699998
Mod,H1,Real,AK,Hlow,HYD1000,HYD1000,3,NA,5,1000,2898.0404865,31463.304312,4044.541444,6942.5819305000005
Mod,H1,Real,AK,Hlow,HYD1000,HYD1000,4,NA,5,1000,3070.8652792,34493.565656,4044.541444,7115.4067232
Mod,H1,Real,AK,Hlow,HYD1000,HYD1000,5,NA,5,1000,3272.8853476,37580.726722,4044.541444,7317.4267916
Mod,H1,Real,AK,Hlow,HYD200,HYD200,3,NA,8.5,200,2849.0985011000002,30007.406088,2953.632353,5802.7308541
Mod,H1,Real,AK,Hlow,HYD200,HYD200,4,NA,8.5,200,3023.5232748,33122.553464,2953.632353,5977.1556278
Mod,H1,Real,AK,Hlow,HYD200,HYD200,5,NA,8.5,200,3235.4644572,36374.470330000004,2953.632353,6189.096810200001
Mod,H1,Real,AK,Hlow,HYD500,HYD500,3,NA,6,500,2846.3153569,30114.592442,3362.723262,6209.0386189
Mod,H1,Real,AK,Hlow,HYD500,HYD500,4,NA,6,500,3016.8027959,33050.544296,3362.723262,6379.5260579000005
Mod,H1,Real,AK,Hlow,HYD500,HYD500,5,NA,6,500,3218.5182749,36131.538256,3362.723262,6581.2415369
Mod,H1,Real,AK,Hlow,R,NA,NA,8.5,NA,NA,5518.2652584,48075.879302,1510.588235,7028.8534934
Mod,H1,Real,AK,Hlow,Rb,NA,NA,4,NA,NA,1389.31343045,10963.6822218,1007.058824,2396.3722544499997
Mod,H1,Real,AK,Hlow,Rl,NA,NA,4.5,NA,NA,4128.9518283,37112.197078000005,503.5294118,4632.4812401
Mod,H1,Real,CH,Hhigh,HP,NA,NA,NA,12.5,NA,3371.6264195,45767.614024,1467.478715,4839.1051345
Mod,H1,Real,CH,Hhigh,HPl,NA,NA,NA,8,NA,2034.89182155,28972.258568,945.949864,2980.84168555
Mod,H1,Real,CH,Hhigh,HYD1000,HYD1000,3,NA,8.5,1000,5547.4779686,79528.246622,4175.791444,9723.2694126
Mod,H1,Real,CH,Hhigh,HYD1000,HYD1000,4,NA,8.5,1000,5735.8248809,82969.43498800001,4175.791444,9911.6163249
Mod,H1,Real,CH,Hhigh,HYD1000,HYD1000,5,NA,8.5,1000,5949.4874773,86520.611034,4175.791444,10125.2789213
Mod,H1,Real,CH,Hhigh,HYD200,HYD200,3,NA,11.2,200,5013.427691,70092.917378,3522.529412,8535.957103
Mod,H1,Real,CH,Hhigh,HYD200,HYD200,4,NA,11.2,200,5167.8125985,73054.72086,3522.529412,8690.3420105
Mod,H1,Real,CH,Hhigh,HYD200,HYD200,5,NA,11.2,200,5344.2553089,76137.62802799999,3522.529412,8866.7847209
Mod,H1,Real,CH,Hhigh,HYD500,HYD500,3,NA,8.5,500,5358.4466218,76828.365152,3493.973262,8852.4198838
Mod,H1,Real,CH,Hhigh,HYD500,HYD500,4,NA,8.5,500,5536.5989911,80264.12273,3493.973262,9030.5722531
Mod,H1,Real,CH,Hhigh,HYD500,HYD500,5,NA,8.5,500,5738.4863951,83810.231472,3493.973262,9232.4596571
Mod,H1,Real,CH,Hhigh,R,NA,NA,12.5,NA,NA,11584.8805273,162021.093872,1510.588235,13095.468762299999
Mod,H1,Real,CH,Hhigh,Rb,NA,NA,4.5,NA,NA,4031.4139569,51742.477776,1007.058824,5038.4727809
Mod,H1,Real,CH,Hhigh,Rl,NA,NA,8,NA,NA,7553.4665697,110278.616096,503.5294118,8056.9959815
Mod,H1,Real,CH,Hlow,HP,NA,NA,NA,12.5,NA,4857.3154515,45767.614024,1467.478715,6324.7941665
Mod,H1,Real,CH,Hlow,HPl,NA,NA,NA,8,NA,2898.7096191,28972.258568,945.949864,3844.6594831
Mod,H1,Real,CH,Hlow,HYD1000,HYD1000,3,NA,8.5,1000,7748.0816493,79528.246622,4175.791444,11923.8730933
Mod,H1,Real,CH,Hlow,HYD1000,HYD1000,4,NA,8.5,1000,7957.2316779,82969.43498800001,4175.791444,12133.023121900002
Mod,H1,Real,CH,Hlow,HYD1000,HYD1000,5,NA,8.5,1000,8193.4965872,86520.611034,4175.791444,12369.2880312
Mod,H1,Real,CH,Hlow,HYD200,HYD200,3,NA,11.2,200,7095.8160741,70092.917378,3522.529412,10618.3454861
Mod,H1,Real,CH,Hlow,HYD200,HYD200,4,NA,11.2,200,7276.1556872,73054.72086,3522.529412,10798.6850992
Mod,H1,Real,CH,Hlow,HYD200,HYD200,5,NA,11.2,200,7478.3782402,76137.62802799999,3522.529412,11000.9076522
Mod,H1,Real,CH,Hlow,HYD500,HYD500,3,NA,8.5,500,7522.4634747,76828.365152,3493.973262,11016.4367367
Mod,H1,Real,CH,Hlow,HYD500,HYD500,4,NA,8.5,500,7724.2847524,80264.12273,3493.973262,11218.2580144
Mod,H1,Real,CH,Hlow,HYD500,HYD500,5,NA,8.5,500,7952.737487,83810.231472,3493.973262,11446.710749
Mod,H1,Real,CH,Hlow,R,NA,NA,12.5,NA,NA,16749.7351438,162021.093872,1510.588235,18260.3233788
Mod,H1,Real,CH,Hlow,Rb,NA,NA,4.5,NA,NA,5919.4994118,51742.477776,1007.058824,6926.5582358
Mod,H1,Real,CH,Hlow,Rl,NA,NA,8,NA,NA,10830.235732899999,110278.616096,503.5294118,11333.765144699999
Mod,Nom,Ideal,AK,Hhigh,HP,NA,NA,NA,11,NA,1343.32883346,18751.5341552,1267.663289,2610.9921224600002
Mod,Nom,Ideal,AK,Hhigh,HPl,NA,NA,NA,8,NA,859.9172363600001,12005.883610600002,945.949864,1805.8671003600002
Mod,Nom,Ideal,AK,Hhigh,HYD1000,HYD1000,3,NA,6,1000,2715.1246595000002,40932.328162,4175.791444,6890.916103500001
Mod,Nom,Ideal,AK,Hhigh,HYD1000,HYD1000,4,NA,6,1000,2870.6869138,43864.253246,4175.791444,7046.478357800001
Mod,Nom,Ideal,AK,Hhigh,HYD1000,HYD1000,5,NA,6,1000,3054.6408227,46952.082628000004,4175.791444,7230.432266700001
Mod,Nom,Ideal,AK,Hhigh,HYD200,HYD200,3,NA,11.2,200,2182.7252245,32830.753582,3522.529412,5705.2546365
Mod,Nom,Ideal,AK,Hhigh,HYD200,HYD200,4,NA,11.2,200,2306.35485165,35347.184158,3522.529412,5828.884263649999
Mod,Nom,Ideal,AK,Hhigh,HYD200,HYD200,5,NA,11.2,200,2456.302914,37995.865468,3522.529412,5978.832326
Mod,Nom,Ideal,AK,Hhigh,HYD500,HYD500,3,NA,8.5,500,2709.5312385,40910.478422,3493.973262,6203.5045005
Mod,Nom,Ideal,AK,Hhigh,HYD500,HYD500,4,NA,8.5,500,2866.5692378,44018.908802,3493.973262,6360.5424998
Mod,Nom,Ideal,AK,Hhigh,HYD500,HYD500,5,NA,8.5,500,3051.7056183,47268.750364,3493.973262,6545.6788803
Mod,Nom,Ideal,AK,Hhigh,R,NA,NA,12,NA,NA,5336.8402883,74591.237248,1510.588235,6847.4285233
Mod,Nom,Ideal,AK,Hhigh,Rb,NA,NA,4,NA,NA,1824.47297953,25454.050929999998,1007.058824,2831.5318035299997
Mod,Nom,Ideal,AK,Hhigh,Rl,NA,NA,8,NA,NA,3512.3673086,49137.18634000001,503.5294118,4015.8967204
Mod,Nom,Ideal,AK,Hlow,HP,NA,NA,NA,11,NA,2147.05641297,18751.5341552,1267.663289,3414.71970197
Mod,Nom,Ideal,AK,Hlow,HPl,NA,NA,NA,8,NA,1322.44818181,12005.883610600002,945.949864,2268.39804581
Mod,Nom,Ideal,AK,Hlow,HYD1000,HYD1000,3,NA,6,1000,4020.1158915,40932.328162,4175.791444,8195.9073355
Mod,Nom,Ideal,AK,Hlow,HYD1000,HYD1000,4,NA,6,1000,4197.0976533,43864.253246,4175.791444,8372.889097300002
Mod,Nom,Ideal,AK,Hlow,HYD1000,HYD1000,5,NA,6,1000,4404.3466938,46952.082628000004,4175.791444,8580.1381378
Mod,Nom,Ideal,AK,Hlow,HYD200,HYD200,3,NA,11.2,200,3306.9360501,32830.753582,3522.529412,6829.4654621
Mod,Nom,Ideal,AK,Hlow,HYD200,HYD200,4,NA,11.2,200,3449.9096637000002,35347.184158,3522.529412,6972.4390757
Mod,Nom,Ideal,AK,Hlow,HYD200,HYD200,5,NA,11.2,200,3625.1546079,37995.865468,3522.529412,7147.6840199
Mod,Nom,Ideal,AK,Hlow,HYD500,HYD500,3,NA,8.5,500,4048.1062401,40910.478422,3493.973262,7542.079502099999
Mod,Nom,Ideal,AK,Hlow,HYD500,HYD500,4,NA,8.5,500,4226.9410607,44018.908802,3493.973262,7720.9143227
Mod,Nom,Ideal,AK,Hlow,HYD500,HYD500,5,NA,8.5,500,4439.5490049,47268.750364,3493.973262,7933.5222668999995
Mod,Nom,Ideal,AK,Hlow,R,NA,NA,12,NA,NA,8521.0198895,74591.237248,1510.588235,10031.608124499999
Mod,Nom,Ideal,AK,Hlow,Rb,NA,NA,4,NA,NA,3118.5857966999997,25454.050929999998,1007.058824,4125.6446207
Mod,Nom,Ideal,AK,Hlow,Rl,NA,NA,8,NA,NA,5402.4340931,49137.18634000001,503.5294118,5905.9635049
Mod,Nom,Ideal,CH,Hhigh,HP,NA,NA,NA,15.5,NA,5036.209686,68978.44129,1966.561829,7002.771515
Mod,Nom,Ideal,CH,Hhigh,HPl,NA,NA,NA,9,NA,2245.4857891,31557.408124,1042.909725,3288.3955141
Mod,Nom,Ideal,CH,Hhigh,HYD1000,HYD1000,3,NA,14,1000,7409.8059232,104408.10817800001,4908.291444,12318.0973672
Mod,Nom,Ideal,CH,Hhigh,HYD1000,HYD1000,4,NA,14,1000,7581.3003224,107480.95556,4908.291444,12489.5917664
Mod,Nom,Ideal,CH,Hhigh,HYD1000,HYD1000,5,NA,14,1000,7775.9185215,110682.01870000002,4908.291444,12684.2099655
Mod,Nom,Ideal,CH,Hhigh,HYD200,HYD200,3,NA,14,200,7067.6261822,99785.190142,3817.382353,10885.008535199999
Mod,Nom,Ideal,CH,Hhigh,HYD200,HYD200,4,NA,14,200,7222.2172587000005,102841.04424,3817.382353,11039.5996117
Mod,Nom,Ideal,CH,Hhigh,HYD200,HYD200,5,NA,14,200,7404.7661235,106043.002362,3817.382353,11222.148476499999
Mod,Nom,Ideal,CH,Hhigh,HYD500,HYD500,3,NA,14,500,7222.2064049,101807.145264,4226.473262,11448.6796669
Mod,Nom,Ideal,CH,Hhigh,HYD500,HYD500,4,NA,14,500,7381.116163,104858.965838,4226.473262,11607.589425
Mod,Nom,Ideal,CH,Hhigh,HYD500,HYD500,5,NA,14,500,7565.6382333,108056.276724,4226.473262,11792.1114953
Mod,Nom,Ideal,CH,Hhigh,R,NA,NA,15.5,NA,NA,17138.7564784,240321.65696,1510.588235,18649.344713399998
Mod,Nom,Ideal,CH,Hhigh,Rb,NA,NA,6.5,NA,NA,8136.146632,111234.337258,1007.058824,9143.205456
Mod,Nom,Ideal,CH,Hhigh,Rl,NA,NA,9,NA,NA,9002.6098469,129087.31981199999,503.5294118,9506.139258700001
Mod,Nom,Ideal,CH,Hlow,HP,NA,NA,NA,15.5,NA,7305.3830196,68978.44129,1966.561829,9271.9448486
Mod,Nom,Ideal,CH,Hlow,HPl,NA,NA,NA,9,NA,3117.8455336,31557.408124,1042.909725,4160.7552586
Mod,Nom,Ideal,CH,Hlow,HYD1000,HYD1000,3,NA,14,1000,10547.5698884,104408.10817800001,4908.291444,15455.8613324
Mod,Nom,Ideal,CH,Hlow,HYD1000,HYD1000,4,NA,14,1000,10741.3151424,107480.95556,4908.291444,15649.606586400001
Mod,Nom,Ideal,CH,Hlow,HYD1000,HYD1000,5,NA,14,1000,10959.4264239,110682.01870000002,4908.291444,15867.7178679
Mod,Nom,Ideal,CH,Hlow,HYD200,HYD200,3,NA,14,200,10142.8963114,99785.190142,3817.382353,13960.2786644
Mod,Nom,Ideal,CH,Hlow,HYD200,HYD200,4,NA,14,200,10321.5963211,102841.04424,3817.382353,14138.978674099999
Mod,Nom,Ideal,CH,Hlow,HYD200,HYD200,5,NA,14,200,10532.2730774,106043.002362,3817.382353,14349.655430399998
Mod,Nom,Ideal,CH,Hlow,HYD500,HYD500,3,NA,14,500,10324.7871422,101807.145264,4226.473262,14551.260404200002
Mod,Nom,Ideal,CH,Hlow,HYD500,HYD500,4,NA,14,500,10507.019785,104858.965838,4226.473262,14733.493047
Mod,Nom,Ideal,CH,Hlow,HYD500,HYD500,5,NA,14,500,10718.2735372,108056.276724,4226.473262,14944.746799200002
Mod,Nom,Ideal,CH,Hlow,R,NA,NA,15.5,NA,NA,24835.4411215,240321.65696,1510.588235,26346.0293565
Mod,Nom,Ideal,CH,Hlow,Rb,NA,NA,6.5,NA,NA,12237.5655209,111234.337258,1007.058824,13244.6243449
Mod,Nom,Ideal,CH,Hlow,Rl,NA,NA,9,NA,NA,12597.8755991,129087.31981199999,503.5294118,13101.4050109
Mod,Nom,Real,AK,Hhigh,HP,NA,NA,NA,11,NA,1222.49687059,16819.9886888,1267.663289,2490.16015959
Mod,Nom,Real,AK,Hhigh,HPl,NA,NA,NA,8,NA,861.4137949999999,12030.230258200001,945.949864,1807.363659
Mod,Nom,Real,AK,Hhigh,HYD1000,HYD1000,3,NA,6,1000,2573.1134523,38577.243188,4175.791444,6748.9048963000005
Mod,Nom,Real,AK,Hhigh,HYD1000,HYD1000,4,NA,6,1000,2728.1573295000003,41504.946295999995,4175.791444,6903.9487735
Mod,Nom,Real,AK,Hhigh,HYD1000,HYD1000,5,NA,6,1000,2911.7184154,44591.69077,4175.791444,7087.509859400001
Mod,Nom,Real,AK,Hhigh,HYD200,HYD200,3,NA,11.2,200,2047.657912,30591.437052,3522.529412,5570.1873239999995
Mod,Nom,Real,AK,Hhigh,HYD200,HYD200,4,NA,11.2,200,2171.3646096,33106.334866000005,3522.529412,5693.8940216
Mod,Nom,Real,AK,Hhigh,HYD200,HYD200,5,NA,11.2,200,2321.48555995,35754.840418,3522.529412,5844.0149719500005
Mod,Nom,Real,AK,Hhigh,HYD500,HYD500,3,NA,8.5,500,2563.0647124,38435.7347,3493.973262,6057.0379744
Mod,Nom,Real,AK,Hhigh,HYD500,HYD500,4,NA,8.5,500,2720.8971920999998,41543.90834,3493.973262,6214.8704541
Mod,Nom,Real,AK,Hhigh,HYD500,HYD500,5,NA,8.5,500,2906.1782461000003,44792.720324,3493.973262,6400.1515081
Mod,Nom,Real,AK,Hhigh,R,NA,NA,12,NA,NA,4907.3210706,67646.01553599999,1510.588235,6417.9093056
Mod,Nom,Real,AK,Hhigh,Rb,NA,NA,4,NA,NA,1388.48409341,18404.28744,1007.058824,2395.54291741
Mod,Nom,Real,AK,Hhigh,Rl,NA,NA,8,NA,NA,3518.8369780000003,49241.728096000006,503.5294118,4022.3663898000004
Mod,Nom,Real,AK,Hlow,HP,NA,NA,NA,11,NA,1903.63245846,16819.9886888,1267.663289,3171.29574746
Mod,Nom,Real,AK,Hlow,HPl,NA,NA,NA,8,NA,1325.14899717,12030.230258200001,945.949864,2271.09886117
Mod,Nom,Real,AK,Hlow,HYD1000,HYD1000,3,NA,6,1000,3719.1040538,38577.243188,4175.791444,7894.8954978
Mod,Nom,Real,AK,Hlow,HYD1000,HYD1000,4,NA,6,1000,3894.4722102,41504.946295999995,4175.791444,8070.2636542
Mod,Nom,Real,AK,Hlow,HYD1000,HYD1000,5,NA,6,1000,4102.1381155,44591.69077,4175.791444,8277.9295595
Mod,Nom,Real,AK,Hlow,HYD200,HYD200,3,NA,11.2,200,3023.991449,30591.437052,3522.529412,6546.520861
Mod,Nom,Real,AK,Hlow,HYD200,HYD200,4,NA,11.2,200,3167.3107105999998,33106.334866000005,3522.529412,6689.8401226
Mod,Nom,Real,AK,Hlow,HYD200,HYD200,5,NA,11.2,200,3342.9450658,35754.840418,3522.529412,6865.4744778
Mod,Nom,Real,AK,Hlow,HYD500,HYD500,3,NA,8.5,500,3735.3612281,38435.7347,3493.973262,7229.3344901
Mod,Nom,Real,AK,Hlow,HYD500,HYD500,4,NA,8.5,500,3915.0853641999997,41543.90834,3493.973262,7409.0586262
Mod,Nom,Real,AK,Hlow,HYD500,HYD500,5,NA,8.5,500,4128.0924585,44792.720324,3493.973262,7622.065720500001
Mod,Nom,Real,AK,Hlow,R,NA,NA,12,NA,NA,7646.8092381,67646.01553599999,1510.588235,9157.3974731
Mod,Nom,Real,AK,Hlow,Rb,NA,NA,4,NA,NA,2232.7186169,18404.28744,1007.058824,3239.7774409000003
Mod,Nom,Real,AK,Hlow,Rl,NA,NA,8,NA,NA,5414.0906211,49241.728096000006,503.5294118,5917.6200329
Mod,Nom,Real,CH,Hhigh,HP,NA,NA,NA,15.5,NA,4056.2679322,54616.554542000005,1966.561829,6022.8297612
Mod,Nom,Real,CH,Hhigh,HPl,NA,NA,NA,9,NA,2265.7064664,31831.808756,1042.909725,3308.6161914
Mod,Nom,Real,CH,Hhigh,HYD1000,HYD1000,3,NA,14,1000,6264.9375136,87210.358136,4908.291444,11173.2289576
Mod,Nom,Real,CH,Hhigh,HYD1000,HYD1000,4,NA,14,1000,6436.3013141,90271.00621,4908.291444,11344.5927581
Mod,Nom,Real,CH,Hhigh,HYD1000,HYD1000,5,NA,14,1000,6630.3284145,93474.170812,4908.291444,11538.6198585
Mod,Nom,Real,CH,Hhigh,HYD200,HYD200,3,NA,14,200,5912.9677997,82609.48597,3817.382353,9730.3501527
Mod,Nom,Real,CH,Hhigh,HYD200,HYD200,4,NA,14,200,6067.6704761,85663.534726,3817.382353,9885.052829100001
Mod,Nom,Real,CH,Hhigh,HYD200,HYD200,5,NA,14,200,6250.5883219,88864.152146,3817.382353,10067.9706749
Mod,Nom,Real,CH,Hhigh,HYD500,HYD500,3,NA,14,500,6072.6121592,84623.198066,4226.473262,10299.085421200001
Mod,Nom,Real,CH,Hhigh,HYD500,HYD500,4,NA,14,500,6232.5111122,87665.970414,4226.473262,10458.984374200001
Mod,Nom,Real,CH,Hhigh,HYD500,HYD500,5,NA,14,500,6415.7906318000005,90856.434174,4226.473262,10642.263893800002
Mod,Nom,Real,CH,Hhigh,R,NA,NA,15.5,NA,NA,14209.0596946,196353.645422,1510.588235,15719.6479296
Mod,Nom,Real,CH,Hhigh,Rb,NA,NA,6.5,NA,NA,5154.5288262,66515.252408,1007.058824,6161.5876502
Mod,Nom,Real,CH,Hhigh,Rl,NA,NA,9,NA,NA,9054.5308687,129838.393014,503.5294118,9558.0602805
Mod,Nom,Real,CH,Hlow,HP,NA,NA,NA,15.5,NA,5699.204255000001,54616.554542000005,1966.561829,7665.766084000001
Mod,Nom,Real,CH,Hlow,HPl,NA,NA,NA,9,NA,3147.410872,31831.808756,1042.909725,4190.320597
Mod,Nom,Real,CH,Hlow,HYD1000,HYD1000,3,NA,14,1000,8637.3540365,87210.358136,4908.291444,13545.645480500001
Mod,Nom,Real,CH,Hlow,HYD1000,HYD1000,4,NA,14,1000,8829.2972413,90271.00621,4908.291444,13737.588685300001
Mod,Nom,Real,CH,Hlow,HYD1000,HYD1000,5,NA,14,1000,9048.8179873,93474.170812,4908.291444,13957.109431300001
Mod,Nom,Real,CH,Hlow,HYD200,HYD200,3,NA,14,200,8232.0524674,82609.48597,3817.382353,12049.434820400002
Mod,Nom,Real,CH,Hlow,HYD200,HYD200,4,NA,14,200,8409.9276704,85663.534726,3817.382353,12227.310023400001
Mod,Nom,Real,CH,Hlow,HYD200,HYD200,5,NA,14,200,8622.2066753,88864.152146,3817.382353,12439.5890283
Mod,Nom,Real,CH,Hlow,HYD500,HYD500,3,NA,14,500,8413.229977,84623.198066,4226.473262,12639.703239000002
Mod,Nom,Real,CH,Hlow,HYD500,HYD500,4,NA,14,500,8595.742658,87665.970414,4226.473262,12822.215919999999
Mod,Nom,Real,CH,Hlow,HYD500,HYD500,5,NA,14,500,8807.6109273,90856.434174,4226.473262,13034.0841893
Mod,Nom,Real,CH,Hlow,R,NA,NA,15.5,NA,NA,20004.9064243,196353.645422,1510.588235,21515.4946593
Mod,Nom,Real,CH,Hlow,Rb,NA,NA,6.5,NA,NA,7330.8306135,66515.252408,1007.058824,8337.8894375
Mod,Nom,Real,CH,Hlow,Rl,NA,NA,9,NA,NA,12674.0758097,129838.393014,503.5294118,13177.6052215
NA,NA,NA,AK,Hhigh,NA,HP,1,NA,NA,135,275.50127967000003,5412.4913238,470.5882353,746.08951497
NA,NA,NA,AK,Hhigh,NA,HP,2,NA,NA,135,402.31740119,7872.3594862,470.5882353,872.90563649
NA,NA,NA,AK,Hhigh,NA,HP,3,NA,NA,180,560.35433561,10731.205812799999,588.2352941,1148.58962971
NA,NA,NA,AK,Hhigh,NA,HP,4,NA,NA,300,749.41246163,14478.401187800002,764.7058824,1514.1183440300001
NA,NA,NA,AK,Hhigh,NA,HP,5,NA,NA,300,890.20034959,16954.174716600002,764.7058824,1654.90623199
NA,NA,NA,AK,Hhigh,NA,HPo,1,NA,NA,162,288.27253384,5642.3291825999995,529.4117647,817.6842985400001
NA,NA,NA,AK,Hhigh,NA,HPo,2,NA,NA,162,414.36954822999996,8097.8956849999995,529.4117647,943.78131293
NA,NA,NA,AK,Hhigh,NA,HPo,3,NA,NA,216,581.4309583,11107.6420312,617.6470588,1199.0780171000001
NA,NA,NA,AK,Hhigh,NA,HPo,4,NA,NA,360,787.13758053,15158.163943999998,823.5294118,1610.66699233
NA,NA,NA,AK,Hhigh,NA,HPo,5,NA,NA,360,927.37165684,17630.6743228,823.5294118,1750.9010686400002
NA,NA,NA,AK,Hlow,NA,HP,1,NA,NA,135,350.22226505,5412.4913238,470.5882353,820.81050035
NA,NA,NA,AK,Hlow,NA,HP,2,NA,NA,135,512.04239521,7872.3594862,470.5882353,982.63063051
NA,NA,NA,AK,Hlow,NA,HP,3,NA,NA,180,712.51454198,10731.205812799999,588.2352941,1300.74983608
NA,NA,NA,AK,Hlow,NA,HP,4,NA,NA,300,935.123115,14478.401187800002,764.7058824,1699.8289974
NA,NA,NA,AK,Hlow,NA,HP,5,NA,NA,300,1093.75376583,16954.174716600002,764.7058824,1858.4596482299999
NA,NA,NA,AK,Hlow,NA,HPo,1,NA,NA,162,365.83567781,5642.3291825999995,529.4117647,895.24744251
NA,NA,NA,AK,Hlow,NA,HPo,2,NA,NA,162,527.12029315,8097.8956849999995,529.4117647,1056.53205785
NA,NA,NA,AK,Hlow,NA,HPo,3,NA,NA,216,738.2415725,11107.6420312,617.6470588,1355.8886312999998
NA,NA,NA,AK,Hlow,NA,HPo,4,NA,NA,360,982.02464905,15158.163943999998,823.5294118,1805.55406085
NA,NA,NA,AK,Hlow,NA,HPo,5,NA,NA,360,1139.83669823,17630.6743228,823.5294118,1963.36611003
NA,NA,NA,CH,Hhigh,NA,HP,1,NA,NA,135,306.63500318,5880.3908724,470.5882353,777.22323848
NA,NA,NA,CH,Hhigh,NA,HP,2,NA,NA,135,441.85498896,8479.4468374,470.5882353,912.4432242600001
NA,NA,NA,CH,Hhigh,NA,HP,3,NA,NA,180,615.49931534,11553.519986799998,588.2352941,1203.73460944
NA,NA,NA,CH,Hhigh,NA,HP,4,NA,NA,300,827.07605082,15654.2475452,764.7058824,1591.78193322
NA,NA,NA,CH,Hhigh,NA,HP,5,NA,NA,300,975.54148384,18248.7167258,764.7058824,1740.2473662399998
NA,NA,NA,CH,Hhigh,NA,HPo,1,NA,NA,162,321.57210381,6148.3572435999995,529.4117647,850.9838685100001
NA,NA,NA,CH,Hhigh,NA,HPo,2,NA,NA,162,456.67133925,8742.1549666,529.4117647,986.0831039500001
NA,NA,NA,CH,Hhigh,NA,HPo,3,NA,NA,216,640.32290297,11993.6607736,617.6470588,1257.9699617699998
NA,NA,NA,CH,Hhigh,NA,HPo,4,NA,NA,360,872.5420874299999,16445.9735902,823.5294118,1696.07149923
NA,NA,NA,CH,Hhigh,NA,HPo,5,NA,NA,360,1020.18280869,19037.2174542,823.5294118,1843.7122204900002
NA,NA,NA,CH,Hlow,NA,HP,1,NA,NA,135,389.67861812,5880.3908724,470.5882353,860.26685342
NA,NA,NA,CH,Hlow,NA,HP,2,NA,NA,135,562.7998744500001,8479.4468374,470.5882353,1033.38810975
NA,NA,NA,CH,Hlow,NA,HP,3,NA,NA,180,782.92663014,11553.519986799998,588.2352941,1371.1619242400002
NA,NA,NA,CH,Hlow,NA,HP,4,NA,NA,300,1033.42884836,15654.2475452,764.7058824,1798.13473076
NA,NA,NA,CH,Hlow,NA,HP,5,NA,NA,300,1199.89705529,18248.7167258,764.7058824,1964.60293769
NA,NA,NA,CH,Hlow,NA,HPo,1,NA,NA,162,408.12942787,6148.3572435999995,529.4117647,937.54119257
NA,NA,NA,CH,Hlow,NA,HPo,2,NA,NA,162,580.95272299,8742.1549666,529.4117647,1110.36448769
NA,NA,NA,CH,Hlow,NA,HPo,3,NA,NA,216,813.74384701,11993.6607736,617.6470588,1431.3909058099998
NA,NA,NA,CH,Hlow,NA,HPo,4,NA,NA,360,1089.74048293,16445.9735902,823.5294118,1913.26989473
NA,NA,NA,CH,Hlow,NA,HPo,5,NA,NA,360,1255.0972591,19037.2174542,823.5294118,2078.6266709
NA,NA,NA,NA,Hhigh,NA,R,1,NA,NA,135,1109.0985507999999,22215.6,294.1176471,1403.2161978999998
NA,NA,NA,NA,Hhigh,NA,R,2,NA,NA,135,1641.43353946,32698.6,294.1176471,1935.5511865600001
NA,NA,NA,NA,Hhigh,NA,R,3,NA,NA,180,2296.2689032,44627,376.4705882,2672.7394913999997
NA,NA,NA,NA,Hhigh,NA,R,4,NA,NA,300,3059.0651384000003,60086.399999999994,588.2352941,3647.3004325
NA,NA,NA,NA,Hhigh,NA,R,5,NA,NA,300,3654.8247219,70590.3,588.2352941,4243.060016
NA,NA,NA,NA,Hhigh,NA,Ro,1,NA,NA,162,1156.84317299,23084.6,352.9411765,1509.78434949
NA,NA,NA,NA,Hhigh,NA,Ro,2,NA,NA,162,1685.61986393,33552.2,352.9411765,2038.56104043
NA,NA,NA,NA,Hhigh,NA,Ro,3,NA,NA,216,2371.2111473,46043.8,470.5882353,2841.7993826
NA,NA,NA,NA,Hhigh,NA,Ro,4,NA,NA,360,3196.4449752,62638.399999999994,611.7647059,3808.2096811
NA,NA,NA,NA,Hhigh,NA,Ro,5,NA,NA,360,3791.0008338999996,73131.3,611.7647059,4402.7655398
NA,NA,NA,NA,Hlow,NA,R,1,NA,NA,135,1387.40597499,22215.6,294.1176471,1681.5236220900001
NA,NA,NA,NA,Hlow,NA,R,2,NA,NA,135,2062.83292671,32698.6,294.1176471,2356.9505738099997
NA,NA,NA,NA,Hlow,NA,R,3,NA,NA,180,2879.0005874,44627,376.4705882,3255.4711755999997
NA,NA,NA,NA,Hlow,NA,R,4,NA,NA,300,3756.4114322,60086.399999999994,588.2352941,4344.6467263
NA,NA,NA,NA,Hlow,NA,R,5,NA,NA,300,4416.3740267,70590.3,588.2352941,5004.6093208
NA,NA,NA,NA,Hlow,NA,Ro,1,NA,NA,162,1442.95954268,23084.6,352.9411765,1795.90071918
NA,NA,NA,NA,Hlow,NA,Ro,2,NA,NA,162,2115.45571569,33552.2,352.9411765,2468.39689219
NA,NA,NA,NA,Hlow,NA,Ro,3,NA,NA,216,2967.2467382,46043.8,470.5882353,3437.8349735
NA,NA,NA,NA,Hlow,NA,Ro,4,NA,NA,360,3921.3697744,62638.399999999994,611.7647059,4533.1344803
NA,NA,NA,NA,Hlow,NA,Ro,5,NA,NA,360,4577.8476014,73131.3,611.7647059,5189.6123073
