house_type,insulation,schedule,Loc_code,Hydro_resource,SH_DW_code,Occ_code,kgCO2_SH_life,kgCO2_WH_life,P_annual_kWh_life,kgCO2_op_life,Embodied_SH,Embodied_WH,Embodied,kgCO2_total_life
Mass,H1,Ideal,AK,Hhigh,HYD1000-HYD1000,3,NA,NA,21216.7460492,896.85206136,NA,NA,3742.887834,4639.73989536
Mass,H1,Ideal,AK,Hhigh,HYD1000-HYD1000,4,NA,NA,24240.001829,1014.82598102,NA,NA,3742.887834,4757.71381502
Mass,H1,Ideal,AK,Hhigh,HYD1000-HYD1000,5,NA,NA,27279.363539,1166.43421602,NA,NA,3742.887834,4909.3220500200005
Mass,H1,Ideal,AK,Hhigh,HYD200-HYD200,3,NA,NA,18473.2657034,1055.9450269,NA,NA,2622.251471,3678.1964979
Mass,H1,Ideal,AK,Hhigh,HYD200-HYD200,4,NA,NA,21610.3302493,1214.18324759,NA,NA,2622.251471,3836.43471859
Mass,H1,Ideal,AK,Hhigh,HYD200-HYD200,5,NA,NA,24885.686811,1406.14265377,NA,NA,2622.251471,4028.39412477
Mass,H1,Ideal,AK,Hhigh,HYD500-HYD500,3,NA,NA,19054.075985,912.88119678,NA,NA,3117.660561,4030.54175778
Mass,H1,Ideal,AK,Hhigh,HYD500-HYD500,4,NA,NA,22105.819406,1047.43078304,NA,NA,3117.660561,4165.09134404
Mass,H1,Ideal,AK,Hhigh,HYD500-HYD500,5,NA,NA,25180.95038,1218.38777757,NA,NA,3117.660561,4336.04833857
Mass,H1,Ideal,AK,Hlow,HYD1000-HYD1000,3,NA,NA,21219.0114831,1280.19761331,NA,NA,3742.887834,5023.08544731
Mass,H1,Ideal,AK,Hlow,HYD1000-HYD1000,4,NA,NA,24244.06492,1416.05434279,NA,NA,3742.887834,5158.94217679
Mass,H1,Ideal,AK,Hlow,HYD1000-HYD1000,5,NA,NA,27284.155968,1599.57256319,NA,NA,3742.887834,5342.46039719
Mass,H1,Ideal,AK,Hlow,HYD200-HYD200,3,NA,NA,18474.0331182,1437.08687509,NA,NA,2622.251471,4059.33834609
Mass,H1,Ideal,AK,Hlow,HYD200-HYD200,4,NA,NA,21610.7098253,1619.91317799,NA,NA,2622.251471,4242.1646489899995
Mass,H1,Ideal,AK,Hlow,HYD200-HYD200,5,NA,NA,24885.664607000002,1837.31537318,NA,NA,2622.251471,4459.56684418
Mass,H1,Ideal,AK,Hlow,HYD500-HYD500,3,NA,NA,19055.1113904,1282.4539748500001,NA,NA,3117.660561,4400.11453585
Mass,H1,Ideal,AK,Hlow,HYD500-HYD500,4,NA,NA,22109.026572,1439.74425066,NA,NA,3117.660561,4557.404811660001
Mass,H1,Ideal,AK,Hlow,HYD500-HYD500,5,NA,NA,25183.615754,1635.92103409,NA,NA,3117.660561,4753.58159509
Mass,H1,Ideal,CH,Hhigh,HYD1000-HYD1000,3,NA,NA,36675.232337,2082.5311115599998,NA,NA,3742.887834,5825.41894556
Mass,H1,Ideal,CH,Hhigh,HYD1000-HYD1000,4,NA,NA,39982.539002,2228.22831256,NA,NA,3742.887834,5971.11614656
Mass,H1,Ideal,CH,Hhigh,HYD1000-HYD1000,5,NA,NA,43275.234549,2409.37337185,NA,NA,3742.887834,6152.26120585
Mass,H1,Ideal,CH,Hhigh,HYD200-HYD200,3,NA,NA,31731.334301,2194.7148412,NA,NA,3081.780882,5276.4957232
Mass,H1,Ideal,CH,Hhigh,HYD200-HYD200,4,NA,NA,34713.458281,2352.3973227,NA,NA,3081.780882,5434.1782047
Mass,H1,Ideal,CH,Hhigh,HYD200-HYD200,5,NA,NA,37831.433883,2536.7489433,NA,NA,3081.780882,5618.5298253
Mass,H1,Ideal,CH,Hhigh,HYD500-HYD500,3,NA,NA,33313.828564,2039.7613408299999,NA,NA,3117.660561,5157.42190183
Mass,H1,Ideal,CH,Hhigh,HYD500-HYD500,4,NA,NA,36552.788346,2198.1876211,NA,NA,3117.660561,5315.8481821000005
Mass,H1,Ideal,CH,Hhigh,HYD500-HYD500,5,NA,NA,39912.908129999996,2392.98504835,NA,NA,3117.660561,5510.64560935
Mass,H1,Ideal,CH,Hlow,HYD1000-HYD1000,3,NA,NA,36701.119804,2947.3833357000003,NA,NA,3742.887834,6690.2711697
Mass,H1,Ideal,CH,Hlow,HYD1000-HYD1000,4,NA,NA,40013.259268,3124.0937551,NA,NA,3742.887834,6866.9815891
Mass,H1,Ideal,CH,Hlow,HYD1000-HYD1000,5,NA,NA,43302.406362,3339.3678621,NA,NA,3742.887834,7082.2556961
Mass,H1,Ideal,CH,Hlow,HYD200-HYD200,3,NA,NA,31736.000239,2995.1962101,NA,NA,3081.780882,6076.9770921
Mass,H1,Ideal,CH,Hlow,HYD200-HYD200,4,NA,NA,34719.543882,3181.3060495,NA,NA,3081.780882,6263.0869315
Mass,H1,Ideal,CH,Hlow,HYD200-HYD200,5,NA,NA,37835.117622,3388.1968954,NA,NA,3081.780882,6469.9777773999995
Mass,H1,Ideal,CH,Hlow,HYD500-HYD500,3,NA,NA,33322.378744,2832.823229,NA,NA,3117.660561,5950.48379
Mass,H1,Ideal,CH,Hlow,HYD500-HYD500,4,NA,NA,36561.957844,3019.1209168,NA,NA,3117.660561,6136.7814778
Mass,H1,Ideal,CH,Hlow,HYD500-HYD500,5,NA,NA,39922.134681999996,3237.055177,NA,NA,3117.660561,6354.715738000001
Mass,H1,Real,AK,Hhigh,HYD1000-HYD1000,3,NA,NA,21136.4174517,889.53221766,NA,NA,3742.887834,4632.42005166
Mass,H1,Real,AK,Hhigh,HYD1000-HYD1000,4,NA,NA,24160.95191,1007.22680087,NA,NA,3742.887834,4750.11463487
Mass,H1,Real,AK,Hhigh,HYD1000-HYD1000,5,NA,NA,27198.486913,1158.96783347,NA,NA,3742.887834,4901.85566747
Mass,H1,Real,AK,Hhigh,HYD200-HYD200,3,NA,NA,18395.2016999,1050.1911671999999,NA,NA,2622.251471,3672.4426382
Mass,H1,Real,AK,Hhigh,HYD200-HYD200,4,NA,NA,21532.1121815,1207.94698703,NA,NA,2622.251471,3830.19845803
Mass,H1,Real,AK,Hhigh,HYD200-HYD200,5,NA,NA,24805.680311,1399.81874613,NA,NA,2622.251471,4022.07021713
Mass,H1,Real,AK,Hhigh,HYD500-HYD500,3,NA,NA,18979.2104966,906.9918642499999,NA,NA,3117.660561,4024.6524252500003
Mass,H1,Real,AK,Hhigh,HYD500-HYD500,4,NA,NA,22030.015917,1041.63931188,NA,NA,3117.660561,4159.29987288
Mass,H1,Real,AK,Hhigh,HYD500-HYD500,5,NA,NA,25102.841178,1212.10068974,NA,NA,3117.660561,4329.76125074
Mass,H1,Real,AK,Hlow,HYD1000-HYD1000,3,NA,NA,21138.9070765,1268.977192,NA,NA,3742.887834,5011.865026
Mass,H1,Real,AK,Hlow,HYD1000-HYD1000,4,NA,NA,24164.467694,1404.17557755,NA,NA,3742.887834,5147.06341155
Mass,H1,Real,AK,Hlow,HYD1000-HYD1000,5,NA,NA,27203.440384999998,1588.28639831,NA,NA,3742.887834,5331.174232310001
Mass,H1,Real,AK,Hlow,HYD200-HYD200,3,NA,NA,18395.911283999998,1425.74248288,NA,NA,2622.251471,4047.99395388
Mass,H1,Real,AK,Hlow,HYD200-HYD200,4,NA,NA,21533.671548000002,1609.0209489,NA,NA,2622.251471,4231.2724199
Mass,H1,Real,AK,Hlow,HYD200-HYD200,5,NA,NA,24805.933988,1825.8249250000001,NA,NA,2622.251471,4448.076396
Mass,H1,Real,AK,Hlow,HYD500-HYD500,3,NA,NA,18980.4855376,1271.88827644,NA,NA,3117.660561,4389.54883744
Mass,H1,Real,AK,Hlow,HYD500-HYD500,4,NA,NA,22032.953765000002,1427.98677463,NA,NA,3117.660561,4545.64733563
Mass,H1,Real,AK,Hlow,HYD500-HYD500,5,NA,NA,25105.369057,1623.92582366,NA,NA,3117.660561,4741.5863846600005
Mass,H1,Real,CH,Hhigh,HYD1000-HYD1000,3,NA,NA,35264.614578,1975.09266711,NA,NA,3742.887834,5717.98050111
Mass,H1,Real,CH,Hhigh,HYD1000-HYD1000,4,NA,NA,38533.761311,2118.77469421,NA,NA,3742.887834,5861.662528209999
Mass,H1,Real,CH,Hhigh,HYD1000-HYD1000,5,NA,NA,41842.197685,2300.03745455,NA,NA,3742.887834,6042.92528855
Mass,H1,Real,CH,Hhigh,HYD200-HYD200,3,NA,NA,30326.246585,2095.6793431,NA,NA,3081.780882,5177.4602251
Mass,H1,Real,CH,Hhigh,HYD200-HYD200,4,NA,NA,33305.812574,2253.2913423,NA,NA,3081.780882,5335.0722243
Mass,H1,Real,CH,Hhigh,HYD200-HYD200,5,NA,NA,36421.909867,2437.8640990999997,NA,NA,3081.780882,5519.6449811
Mass,H1,Real,CH,Hhigh,HYD500-HYD500,3,NA,NA,32105.88271,1953.01663396,NA,NA,3117.660561,5070.677194960001
Mass,H1,Real,CH,Hhigh,HYD500-HYD500,4,NA,NA,35344.150873,2112.20730197,NA,NA,3117.660561,5229.867862970001
Mass,H1,Real,CH,Hhigh,HYD500-HYD500,5,NA,NA,38705.373437,2307.1501922,NA,NA,3117.660561,5424.8107532
Mass,H1,Real,CH,Hlow,HYD1000-HYD1000,3,NA,NA,35288.090931,2767.4569541,NA,NA,3742.887834,6510.3447881
Mass,H1,Real,CH,Hlow,HYD1000-HYD1000,4,NA,NA,38562.706164,2938.7666091,NA,NA,3742.887834,6681.6544431
Mass,H1,Real,CH,Hlow,HYD1000-HYD1000,5,NA,NA,41868.500369,3156.4494145,NA,NA,3742.887834,6899.3372485
Mass,H1,Real,CH,Hlow,HYD200-HYD200,3,NA,NA,30330.234464999998,2821.8759611,NA,NA,3081.780882,5903.6568431
Mass,H1,Real,CH,Hlow,HYD200-HYD200,4,NA,NA,33309.286274,3007.6895663,NA,NA,3081.780882,6089.4704483000005
Mass,H1,Real,CH,Hlow,HYD200-HYD200,5,NA,NA,36426.88369,3215.8785063,NA,NA,3081.780882,6297.6593883000005
Mass,H1,Real,CH,Hlow,HYD500-HYD500,3,NA,NA,32114.905061999998,2682.8116034,NA,NA,3117.660561,5800.4721644
Mass,H1,Real,CH,Hlow,HYD500-HYD500,4,NA,NA,35355.706633,2869.0865196,NA,NA,3117.660561,5986.7470806
Mass,H1,Real,CH,Hlow,HYD500-HYD500,5,NA,NA,38715.096061000004,3088.0800909,NA,NA,3117.660561,6205.7406519
Mass,Nom,Ideal,AK,Hhigh,HYD1000-HYD1000,3,NA,NA,36195.233913000004,1985.55947544,NA,NA,3782.262834,5767.82230944
Mass,Nom,Ideal,AK,Hhigh,HYD1000-HYD1000,4,NA,NA,39112.240624,2110.00065142,NA,NA,3782.262834,5892.2634854200005
Mass,Nom,Ideal,AK,Hhigh,HYD1000-HYD1000,5,NA,NA,42149.140331,2281.1347496,NA,NA,3782.262834,6063.3975836
Mass,Nom,Ideal,AK,Hhigh,HYD200-HYD200,3,NA,NA,29459.834435,1918.80720443,NA,NA,3121.155882,5039.96308643
Mass,Nom,Ideal,AK,Hhigh,HYD200-HYD200,4,NA,NA,31992.119705,2046.2588234999998,NA,NA,3121.155882,5167.414705499999
Mass,Nom,Ideal,AK,Hhigh,HYD200-HYD200,5,NA,NA,34655.524879,2201.53999285,NA,NA,3121.155882,5322.69587485
Mass,Nom,Ideal,AK,Hhigh,HYD500-HYD500,3,NA,NA,36065.247449999995,2150.04860435,NA,NA,3157.035561,5307.08416535
Mass,Nom,Ideal,AK,Hhigh,HYD500-HYD500,4,NA,NA,39174.746942,2297.85357735,NA,NA,3157.035561,5454.8891383499995
Mass,Nom,Ideal,AK,Hhigh,HYD500-HYD500,5,NA,NA,42433.858706,2483.19072,NA,NA,3157.035561,5640.226281
Mass,Nom,Ideal,AK,Hlow,HYD1000-HYD1000,3,NA,NA,36197.786623,2963.7895014,NA,NA,3782.262834,6746.0523354
Mass,Nom,Ideal,AK,Hlow,HYD1000-HYD1000,4,NA,NA,39115.965148,3118.0521316,NA,NA,3782.262834,6900.3149656000005
Mass,Nom,Ideal,AK,Hlow,HYD1000-HYD1000,5,NA,NA,42153.651719,3319.6575454,NA,NA,3782.262834,7101.9203794000005
Mass,Nom,Ideal,AK,Hlow,HYD200-HYD200,3,NA,NA,29460.461901,2761.3130883,NA,NA,3121.155882,5882.4689703
Mass,Nom,Ideal,AK,Hlow,HYD200-HYD200,4,NA,NA,31993.133847,2909.4669316,NA,NA,3121.155882,6030.6228136
Mass,Nom,Ideal,AK,Hlow,HYD200-HYD200,5,NA,NA,34656.128628,3088.4987007,NA,NA,3121.155882,6209.6545827
Mass,Nom,Ideal,AK,Hlow,HYD500-HYD500,3,NA,NA,36066.722076,3144.3390329999997,NA,NA,3157.035561,6301.374594
Mass,Nom,Ideal,AK,Hlow,HYD500-HYD500,4,NA,NA,39177.363265,3318.5846914,NA,NA,3157.035561,6475.6202524
Mass,Nom,Ideal,AK,Hlow,HYD500-HYD500,5,NA,NA,42436.186153,3532.8495485000003,NA,NA,3157.035561,6689.885109500001
Mass,Nom,Ideal,CH,Hhigh,HYD1000-HYD1000,3,NA,NA,78433.646657,5201.3568942,NA,NA,4418.979746,9620.3366402
Mass,Nom,Ideal,CH,Hhigh,HYD1000-HYD1000,4,NA,NA,81442.89262,5355.091637500001,NA,NA,4418.979746,9774.0713835
Mass,Nom,Ideal,CH,Hhigh,HYD1000-HYD1000,5,NA,NA,84613.529337,5540.4196181,NA,NA,4418.979746,9959.3993641
Mass,Nom,Ideal,CH,Hhigh,HYD200-HYD200,3,NA,NA,74117.536607,5182.4477421,NA,NA,3489.813971,8672.2617131
Mass,Nom,Ideal,CH,Hhigh,HYD200-HYD200,4,NA,NA,77183.750065,5340.2201072,NA,NA,3489.813971,8830.0340782
Mass,Nom,Ideal,CH,Hhigh,HYD200-HYD200,5,NA,NA,80406.552,5528.9440446,NA,NA,3489.813971,9018.7580156
Mass,Nom,Ideal,CH,Hhigh,HYD500-HYD500,3,NA,NA,75622.866886,5120.4496213,NA,NA,3985.223061,9105.6726823
Mass,Nom,Ideal,CH,Hhigh,HYD500-HYD500,4,NA,NA,78708.323699,5282.0577974,NA,NA,3985.223061,9267.2808584
Mass,Nom,Ideal,CH,Hhigh,HYD500-HYD500,5,NA,NA,81983.98513,5474.1667147,NA,NA,3985.223061,9459.3897757
Mass,Nom,Ideal,CH,Hlow,HYD1000-HYD1000,3,NA,NA,78454.799826,7224.5978474,NA,NA,4418.979746,11643.577593400001
Mass,Nom,Ideal,CH,Hlow,HYD1000-HYD1000,4,NA,NA,81470.72487399999,7412.6938399,NA,NA,4418.979746,11831.6735859
Mass,Nom,Ideal,CH,Hlow,HYD1000-HYD1000,5,NA,NA,84641.178669,7625.2536597,NA,NA,4418.979746,12044.2334057
Mass,Nom,Ideal,CH,Hlow,HYD200-HYD200,3,NA,NA,74121.04708399999,7047.3729609,NA,NA,3489.813971,10537.1869319
Mass,Nom,Ideal,CH,Hlow,HYD200-HYD200,4,NA,NA,77187.401106,7230.038759499999,NA,NA,3489.813971,10719.852730499999
Mass,Nom,Ideal,CH,Hlow,HYD200-HYD200,5,NA,NA,80409.002126,7444.2601572,NA,NA,3489.813971,10934.0741282
Mass,Nom,Ideal,CH,Hlow,HYD500-HYD500,3,NA,NA,75633.33131,7021.9245303,NA,NA,3985.223061,11007.1475913
Mass,Nom,Ideal,CH,Hlow,HYD500-HYD500,4,NA,NA,78722.187749,7210.1618959,NA,NA,3985.223061,11195.3849569
Mass,Nom,Ideal,CH,Hlow,HYD500-HYD500,5,NA,NA,81996.277517,7429.2813836000005,NA,NA,3985.223061,11414.504444600001
Mass,Nom,Real,AK,Hhigh,HYD1000-HYD1000,3,NA,NA,33701.974141,1813.33654059,NA,NA,3782.262834,5595.59937459
Mass,Nom,Real,AK,Hhigh,HYD1000-HYD1000,4,NA,NA,36607.247272,1935.8907089900001,NA,NA,3782.262834,5718.1535429900005
Mass,Nom,Real,AK,Hhigh,HYD1000-HYD1000,5,NA,NA,39642.01282,2106.7171197,NA,NA,3782.262834,5888.9799537
Mass,Nom,Real,AK,Hhigh,HYD200-HYD200,3,NA,NA,27057.798667,1759.79060445,NA,NA,3121.155882,4880.9464864500005
Mass,Nom,Real,AK,Hhigh,HYD200-HYD200,4,NA,NA,29589.905641,1887.93031662,NA,NA,3121.155882,5009.08619862
Mass,Nom,Real,AK,Hhigh,HYD200-HYD200,5,NA,NA,32254.612025,2043.94333255,NA,NA,3121.155882,5165.09921455
Mass,Nom,Real,AK,Hhigh,HYD500-HYD500,3,NA,NA,33464.586447,1977.0503716,NA,NA,3157.035561,5134.0859326
Mass,Nom,Real,AK,Hhigh,HYD500-HYD500,4,NA,NA,36571.460603,2125.7406685,NA,NA,3157.035561,5282.7762295
Mass,Nom,Real,AK,Hhigh,HYD500-HYD500,5,NA,NA,39827.7227,2310.34700295,NA,NA,3157.035561,5467.38256395
Mass,Nom,Real,AK,Hlow,HYD1000-HYD1000,3,NA,NA,33704.114817,2652.1426125,NA,NA,3782.262834,6434.4054465
Mass,Nom,Real,AK,Hlow,HYD1000-HYD1000,4,NA,NA,36610.677549,2801.0417641999998,NA,NA,3782.262834,6583.3045982
Mass,Nom,Real,AK,Hlow,HYD1000-HYD1000,5,NA,NA,39645.809511,3003.5860738,NA,NA,3782.262834,6785.8489078
Mass,Nom,Real,AK,Hlow,HYD200-HYD200,3,NA,NA,27058.467683000003,2472.0134464000002,NA,NA,3121.155882,5593.1693284
Mass,Nom,Real,AK,Hlow,HYD200-HYD200,4,NA,NA,29590.616428,2620.9151478,NA,NA,3121.155882,5742.071029799999
Mass,Nom,Real,AK,Hlow,HYD200-HYD200,5,NA,NA,32255.319081,2800.6858172,NA,NA,3121.155882,5921.8416992
Mass,Nom,Real,AK,Hlow,HYD500-HYD500,3,NA,NA,33465.682041,2830.7592887,NA,NA,3157.035561,5987.7948497
Mass,Nom,Real,AK,Hlow,HYD500-HYD500,4,NA,NA,36573.825472,3005.1363045,NA,NA,3157.035561,6162.1718655
Mass,Nom,Real,AK,Hlow,HYD500-HYD500,5,NA,NA,39829.386674,3218.825326,NA,NA,3157.035561,6375.860887000001
Mass,Nom,Real,CH,Hhigh,HYD1000-HYD1000,3,NA,NA,65689.818924,4301.9848034999995,NA,NA,4418.979746,8720.9645495
Mass,Nom,Real,CH,Hhigh,HYD1000-HYD1000,4,NA,NA,68683.111061,4457.9788403,NA,NA,4418.979746,8876.9585863
Mass,Nom,Real,CH,Hhigh,HYD1000-HYD1000,5,NA,NA,71840.754134,4642.7975678,NA,NA,4418.979746,9061.777313800001
Mass,Nom,Real,CH,Hhigh,HYD200-HYD200,3,NA,NA,62279.620868,4370.5169813,NA,NA,3489.813971,7860.330952300001
Mass,Nom,Real,CH,Hhigh,HYD200-HYD200,4,NA,NA,65346.747774,4529.4702984,NA,NA,3489.813971,8019.284269399999
Mass,Nom,Real,CH,Hhigh,HYD200-HYD200,5,NA,NA,68570.846419,4718.4994238,NA,NA,3489.813971,8208.3133948
Mass,Nom,Real,CH,Hhigh,HYD500-HYD500,3,NA,NA,63839.893689,4307.3660476000005,NA,NA,3985.223061,8292.589108600001
Mass,Nom,Real,CH,Hhigh,HYD500-HYD500,4,NA,NA,66908.301909,4468.085194400001,NA,NA,3985.223061,8453.308255400001
Mass,Nom,Real,CH,Hhigh,HYD500-HYD500,5,NA,NA,70166.707457,4660.2425358,NA,NA,3985.223061,8645.4655968
Mass,Nom,Real,CH,Hlow,HYD1000-HYD1000,3,NA,NA,65716.89266499999,5863.931531,NA,NA,4418.979746,10282.911277
Mass,Nom,Real,CH,Hlow,HYD1000-HYD1000,4,NA,NA,68712.827568,6050.0092482,NA,NA,4418.979746,10468.9889942
Mass,Nom,Real,CH,Hlow,HYD1000-HYD1000,5,NA,NA,71867.852318,6265.1333874,NA,NA,4418.979746,10684.1131334
Mass,Nom,Real,CH,Hlow,HYD200-HYD200,3,NA,NA,62282.316269,5801.516670399999,NA,NA,3489.813971,9291.3306414
Mass,Nom,Real,CH,Hlow,HYD200-HYD200,4,NA,NA,65352.641511,5986.1438299,NA,NA,3489.813971,9475.9578009
Mass,Nom,Real,CH,Hlow,HYD200-HYD200,5,NA,NA,68573.110598,6201.1113641,NA,NA,3489.813971,9690.9253351
Mass,Nom,Real,CH,Hlow,HYD500-HYD500,3,NA,NA,63850.31363999999,5782.4344582,NA,NA,3985.223061,9767.6575192
Mass,Nom,Real,CH,Hlow,HYD500-HYD500,4,NA,NA,66919.393957,5967.729540599999,NA,NA,3985.223061,9952.9526016
Mass,Nom,Real,CH,Hlow,HYD500-HYD500,5,NA,NA,70178.220566,6187.2024887,NA,NA,3985.223061,10172.4255497
Mod,H1,Ideal,AK,Hhigh,HYD1000-HYD1000,3,NA,NA,34380.222821,1791.33035979,NA,NA,4221.950334,6013.28069379
Mod,H1,Ideal,AK,Hhigh,HYD1000-HYD1000,4,NA,NA,37416.914628,1917.73475897,NA,NA,4221.950334,6139.68509297
Mod,H1,Ideal,AK,Hhigh,HYD1000-HYD1000,5,NA,NA,40469.216178,2082.29437651,NA,NA,4221.950334,6304.24471051
Mod,H1,Ideal,AK,Hhigh,HYD200-HYD200,3,NA,NA,32819.85763,2051.22212105,NA,NA,3101.313971,5152.536092050001
Mod,H1,Ideal,AK,Hhigh,HYD200-HYD200,4,NA,NA,35953.20567,2206.43409435,NA,NA,3101.313971,5307.748065350001
Mod,H1,Ideal,AK,Hhigh,HYD200-HYD200,5,NA,NA,39222.633531,2396.67849915,NA,NA,3101.313971,5497.99247015
Mod,H1,Ideal,AK,Hhigh,HYD500-HYD500,3,NA,NA,32622.01823,1885.1591385699999,NA,NA,3596.723061,5481.88219957
Mod,H1,Ideal,AK,Hhigh,HYD500-HYD500,4,NA,NA,35548.645817,2022.83690541,NA,NA,3596.723061,5619.55996641
Mod,H1,Ideal,AK,Hhigh,HYD500-HYD500,5,NA,NA,38630.279478,2197.7230996,NA,NA,3596.723061,5794.4461606
Mod,H1,Ideal,AK,Hlow,HYD1000-HYD1000,3,NA,NA,34382.951220999996,2819.0685005,NA,NA,4221.950334,7041.018834500001
Mod,H1,Ideal,AK,Hlow,HYD1000-HYD1000,4,NA,NA,37421.178412,2969.8899125,NA,NA,4221.950334,7191.8402465
Mod,H1,Ideal,AK,Hlow,HYD1000-HYD1000,5,NA,NA,40473.347173,3165.5046378,NA,NA,4221.950334,7387.4549718
Mod,H1,Ideal,AK,Hlow,HYD200-HYD200,3,NA,NA,32820.78365,3115.9713166,NA,NA,3101.313971,6217.2852876
Mod,H1,Ideal,AK,Hlow,HYD200-HYD200,4,NA,NA,35952.901037,3295.2199793,NA,NA,3101.313971,6396.5339503
Mod,H1,Ideal,AK,Hlow,HYD200-HYD200,5,NA,NA,39222.638807,3511.9812604,NA,NA,3101.313971,6613.2952313999995
Mod,H1,Ideal,AK,Hlow,HYD500-HYD500,3,NA,NA,32623.803147000002,2939.0130094,NA,NA,3596.723061,6535.7360704
Mod,H1,Ideal,AK,Hlow,HYD500-HYD500,4,NA,NA,35550.908409999996,3102.3569107000003,NA,NA,3596.723061,6699.079971700001
Mod,H1,Ideal,AK,Hlow,HYD500-HYD500,5,NA,NA,38631.520229,3303.8363489999997,NA,NA,3596.723061,6900.55941
Mod,H1,Ideal,CH,Hhigh,HYD1000-HYD1000,3,NA,NA,96429.19907,6222.9184404,NA,NA,4359.762834,10582.6812744
Mod,H1,Ideal,CH,Hhigh,HYD1000-HYD1000,4,NA,NA,99820.847276,6385.8653017,NA,NA,4359.762834,10745.6281357
Mod,H1,Ideal,CH,Hhigh,HYD1000-HYD1000,5,NA,NA,103353.200019,6592.0506327,NA,NA,4359.762834,10951.813466700001
Mod,H1,Ideal,CH,Hhigh,HYD200-HYD200,3,NA,NA,87983.873634,6185.4906597,NA,NA,3698.655882,9884.1465417
Mod,H1,Ideal,CH,Hhigh,HYD200-HYD200,4,NA,NA,90960.790782,6343.233454499999,NA,NA,3698.655882,10041.8893365
Mod,H1,Ideal,CH,Hhigh,HYD200-HYD200,5,NA,NA,94062.547643,6525.880961,NA,NA,3698.655882,10224.536843
Mod,H1,Ideal,CH,Hhigh,HYD500-HYD500,3,NA,NA,93943.34693,6277.6398136,NA,NA,3734.535561,10012.1753746
Mod,H1,Ideal,CH,Hhigh,HYD500-HYD500,4,NA,NA,97380.558254,6451.8342619000005,NA,NA,3734.535561,10186.3698229
Mod,H1,Ideal,CH,Hhigh,HYD500-HYD500,5,NA,NA,100943.722587,6660.3925143999995,NA,NA,3734.535561,10394.9280754
Mod,H1,Ideal,CH,Hlow,HYD1000-HYD1000,3,NA,NA,96442.949899,9235.4763729,NA,NA,4359.762834,13595.239206900002
Mod,H1,Ideal,CH,Hlow,HYD1000-HYD1000,4,NA,NA,99834.585389,9426.217975,NA,NA,4359.762834,13785.980809
Mod,H1,Ideal,CH,Hlow,HYD1000-HYD1000,5,NA,NA,103365.507907,9661.1452061,NA,NA,4359.762834,14020.9080401
Mod,H1,Ideal,CH,Hlow,HYD200-HYD200,3,NA,NA,87987.584417,9057.2296039,NA,NA,3698.655882,12755.885485899998
Mod,H1,Ideal,CH,Hlow,HYD200-HYD200,4,NA,NA,90962.648144,9242.3582626,NA,NA,3698.655882,12941.014144600002
Mod,H1,Ideal,CH,Hlow,HYD200-HYD200,5,NA,NA,94066.028731,9448.6920955,NA,NA,3698.655882,13147.347977500001
Mod,H1,Ideal,CH,Hlow,HYD500-HYD500,3,NA,NA,93949.460263,9230.5529117,NA,NA,3734.535561,12965.088472700001
Mod,H1,Ideal,CH,Hlow,HYD500-HYD500,4,NA,NA,97386.146732,9431.4132996,NA,NA,3734.535561,13165.948860600001
Mod,H1,Ideal,CH,Hlow,HYD500-HYD500,5,NA,NA,100950.47276,9663.2591684,NA,NA,3734.535561,13397.7947294
Mod,H1,Real,AK,Hhigh,HYD1000-HYD1000,3,NA,NA,33739.458635,1749.04920932,NA,NA,4221.950334,5970.99954332
Mod,H1,Real,AK,Hhigh,HYD1000-HYD1000,4,NA,NA,36774.313359,1875.58042008,NA,NA,4221.950334,6097.53075408
Mod,H1,Real,AK,Hhigh,HYD1000-HYD1000,5,NA,NA,39826.061435,2040.09208416,NA,NA,4221.950334,6262.04241816
Mod,H1,Real,AK,Hhigh,HYD200-HYD200,3,NA,NA,32143.810666999998,2010.4272292599999,NA,NA,3101.313971,5111.7412002599995
Mod,H1,Real,AK,Hhigh,HYD200-HYD200,4,NA,NA,35277.09233,2165.8262545,NA,NA,3101.313971,5267.140225499999
Mod,H1,Real,AK,Hhigh,HYD200-HYD200,5,NA,NA,38542.846953,2356.01841,NA,NA,3101.313971,5457.332381
Mod,H1,Real,AK,Hhigh,HYD500-HYD500,3,NA,NA,31976.813921,1845.53565605,NA,NA,3596.723061,5442.25871705
Mod,H1,Real,AK,Hhigh,HYD500-HYD500,4,NA,NA,34903.778505,1983.5794304600001,NA,NA,3596.723061,5580.30249146
Mod,H1,Real,AK,Hhigh,HYD500-HYD500,5,NA,NA,37985.18449,2158.0741852,NA,NA,3596.723061,5754.7972462
Mod,H1,Real,AK,Hlow,HYD1000-HYD1000,3,NA,NA,33742.62433,2726.1278112,NA,NA,4221.950334,6948.0781452
Mod,H1,Real,AK,Hlow,HYD1000-HYD1000,4,NA,NA,36778.207342,2875.6705689,NA,NA,4221.950334,7097.6209029
Mod,H1,Real,AK,Hlow,HYD1000-HYD1000,5,NA,NA,39829.953333,3071.9610096,NA,NA,4221.950334,7293.911343600001
Mod,H1,Real,AK,Hlow,HYD200-HYD200,3,NA,NA,32143.530954,3020.6995268,NA,NA,3101.313971,6122.013497800001
Mod,H1,Real,AK,Hlow,HYD200-HYD200,4,NA,NA,35277.41834,3202.2235104,NA,NA,3101.313971,6303.537481400001
Mod,H1,Real,AK,Hlow,HYD200-HYD200,5,NA,NA,38544.293652,3417.6530747,NA,NA,3101.313971,6518.9670457
Mod,H1,Real,AK,Hlow,HYD500-HYD500,3,NA,NA,31978.634927,2848.6960628,NA,NA,3596.723061,6445.4191238
Mod,H1,Real,AK,Hlow,HYD500-HYD500,4,NA,NA,34906.636518,3011.6806206,NA,NA,3596.723061,6608.403681600001
Mod,H1,Real,AK,Hlow,HYD500-HYD500,5,NA,NA,37986.577877,3212.7644201,NA,NA,3596.723061,6809.4874811
Mod,H1,Real,CH,Hhigh,HYD1000-HYD1000,3,NA,NA,85657.88165699999,5486.7698296,NA,NA,4359.762834,9846.532663599999
Mod,H1,Real,CH,Hhigh,HYD1000-HYD1000,4,NA,NA,89039.55582,5648.9796183,NA,NA,4359.762834,10008.7424523
Mod,H1,Real,CH,Hhigh,HYD1000-HYD1000,5,NA,NA,92576.153857,5855.3763724,NA,NA,4359.762834,10215.1392064
Mod,H1,Real,CH,Hhigh,HYD200-HYD200,3,NA,NA,76764.480528,5422.5549034000005,NA,NA,3698.655882,9121.2107854
Mod,H1,Real,CH,Hhigh,HYD200-HYD200,4,NA,NA,79739.701508,5580.5214284,NA,NA,3698.655882,9279.1773104
Mod,H1,Real,CH,Hhigh,HYD200-HYD200,5,NA,NA,82843.872813,5762.7403822,NA,NA,3698.655882,9461.3962642
Mod,H1,Real,CH,Hhigh,HYD500-HYD500,3,NA,NA,83184.176117,5547.7531922,NA,NA,3734.535561,9282.2887532
Mod,H1,Real,CH,Hhigh,HYD500-HYD500,4,NA,NA,86623.11955,5723.2637647,NA,NA,3734.535561,9457.7993257
Mod,H1,Real,CH,Hhigh,HYD500-HYD500,5,NA,NA,90181.383377,5931.2252567000005,NA,NA,3734.535561,9665.7608177
Mod,H1,Real,CH,Hlow,HYD1000-HYD1000,3,NA,NA,85672.674977,7954.1138501000005,NA,NA,4359.762834,12313.8766841
Mod,H1,Real,CH,Hlow,HYD1000-HYD1000,4,NA,NA,89055.212115,8143.1374141999995,NA,NA,4359.762834,12502.9002482
Mod,H1,Real,CH,Hlow,HYD1000-HYD1000,5,NA,NA,92591.505726,8378.0213441,NA,NA,4359.762834,12737.784178099999
Mod,H1,Real,CH,Hlow,HYD200-HYD200,3,NA,NA,76768.506859,7721.6421615,NA,NA,3698.655882,11420.298043499999
Mod,H1,Real,CH,Hlow,HYD200-HYD200,4,NA,NA,79743.781742,7906.4719181,NA,NA,3698.655882,11605.1278001
Mod,H1,Real,CH,Hlow,HYD200-HYD200,5,NA,NA,82846.662731,8113.7797013,NA,NA,3698.655882,11812.4355833
Mod,H1,Real,CH,Hlow,HYD500-HYD500,3,NA,NA,83192.159667,7954.309151699999,NA,NA,3734.535561,11688.8447127
Mod,H1,Real,CH,Hlow,HYD500-HYD500,4,NA,NA,86628.108013,8155.2455194,NA,NA,3734.535561,11889.7810804
Mod,H1,Real,CH,Hlow,HYD500-HYD500,5,NA,NA,90188.333873,8387.347738,NA,NA,3734.535561,12121.883299000001
Mod,Nom,Ideal,AK,Hhigh,HYD1000-HYD1000,3,NA,NA,43667.239052,2489.62804785,NA,NA,4359.762834,6849.39088185
Mod,Nom,Ideal,AK,Hhigh,HYD1000-HYD1000,4,NA,NA,46571.437680999996,2615.7660974,NA,NA,4359.762834,6975.5289314
Mod,Nom,Ideal,AK,Hhigh,HYD1000-HYD1000,5,NA,NA,49600.433377,2783.5412063999997,NA,NA,4359.762834,7143.3040404
Mod,Nom,Ideal,AK,Hhigh,HYD200-HYD200,3,NA,NA,35977.392246,2352.0929099,NA,NA,3698.655882,6050.7487919
Mod,Nom,Ideal,AK,Hhigh,HYD200-HYD200,4,NA,NA,38506.350774,2478.60928375,NA,NA,3698.655882,6177.26516575
Mod,Nom,Ideal,AK,Hhigh,HYD200-HYD200,5,NA,NA,41166.826213,2633.8453049,NA,NA,3698.655882,6332.5011869
Mod,Nom,Ideal,AK,Hhigh,HYD500-HYD500,3,NA,NA,43830.054877,2670.3386845,NA,NA,3734.535561,6404.8742455
Mod,Nom,Ideal,AK,Hhigh,HYD500-HYD500,4,NA,NA,46933.169038,2818.5285083999997,NA,NA,3734.535561,6553.064069399999
Mod,Nom,Ideal,AK,Hhigh,HYD500-HYD500,5,NA,NA,50187.431029,3003.6260624,NA,NA,3734.535561,6738.1616234
Mod,Nom,Ideal,AK,Hlow,HYD1000-HYD1000,3,NA,NA,43670.718043,3940.7303578,NA,NA,4359.762834,8300.4931918
Mod,Nom,Ideal,AK,Hlow,HYD1000-HYD1000,4,NA,NA,46575.884115,4094.0592358,NA,NA,4359.762834,8453.8220698
Mod,Nom,Ideal,AK,Hlow,HYD1000-HYD1000,5,NA,NA,49604.846565,4294.760717,NA,NA,4359.762834,8654.523551
Mod,Nom,Ideal,AK,Hlow,HYD200-HYD200,3,NA,NA,35977.89998,3609.0777724,NA,NA,3698.655882,7307.7336544
Mod,Nom,Ideal,AK,Hlow,HYD200-HYD200,4,NA,NA,38506.773393,3756.7535608,NA,NA,3698.655882,7455.4094428
Mod,Nom,Ideal,AK,Hlow,HYD200-HYD200,5,NA,NA,41167.750501,3935.0766015,NA,NA,3698.655882,7633.7324835
Mod,Nom,Ideal,AK,Hlow,HYD500-HYD500,3,NA,NA,43831.460628,4154.982386,NA,NA,3734.535561,7889.517947
Mod,Nom,Ideal,AK,Hlow,HYD500-HYD500,4,NA,NA,46934.539174,4328.4174139,NA,NA,3734.535561,8062.952974899999
Mod,Nom,Ideal,AK,Hlow,HYD500-HYD500,5,NA,NA,50189.275061,4541.690114,NA,NA,3734.535561,8276.225675
Mod,Nom,Ideal,CH,Hhigh,HYD1000-HYD1000,3,NA,NA,113460.02794,7612.5256619,NA,NA,5128.887834,12741.4134959
Mod,Nom,Ideal,CH,Hhigh,HYD1000-HYD1000,4,NA,NA,116532.668057,7766.828342899999,NA,NA,5128.887834,12895.7161769
Mod,Nom,Ideal,CH,Hhigh,HYD1000-HYD1000,5,NA,NA,119746.014035,7957.1845342,NA,NA,5128.887834,13086.072368199999
Mod,Nom,Ideal,CH,Hhigh,HYD200-HYD200,3,NA,NA,109622.336608,7701.9359707,NA,NA,4008.251471,11710.1874417
Mod,Nom,Ideal,CH,Hhigh,HYD200-HYD200,4,NA,NA,112691.478459,7860.094329,NA,NA,4008.251471,11868.3458
Mod,Nom,Ideal,CH,Hhigh,HYD200-HYD200,5,NA,NA,115902.046235,8045.9297706,NA,NA,4008.251471,12054.1812416
Mod,Nom,Ideal,CH,Hhigh,HYD500-HYD500,3,NA,NA,111285.977279,7666.6228262,NA,NA,4503.660561,12170.283387200001
Mod,Nom,Ideal,CH,Hhigh,HYD500-HYD500,4,NA,NA,114342.798317,7826.1806606,NA,NA,4503.660561,12329.8412216
Mod,Nom,Ideal,CH,Hhigh,HYD500-HYD500,5,NA,NA,117588.92504799999,8017.6424937,NA,NA,4503.660561,12521.3030547
Mod,Nom,Ideal,CH,Hlow,HYD1000-HYD1000,3,NA,NA,113471.737459,11097.9282109,NA,NA,5128.887834,16226.816044899999
Mod,Nom,Ideal,CH,Hlow,HYD1000-HYD1000,4,NA,NA,116550.531247,11279.9638818,NA,NA,5128.887834,16408.8517158
Mod,Nom,Ideal,CH,Hlow,HYD1000-HYD1000,5,NA,NA,119765.01229,11498.0459771,NA,NA,5128.887834,16626.9338111
Mod,Nom,Ideal,CH,Hlow,HYD200-HYD200,3,NA,NA,109625.320969,11093.396195199999,NA,NA,4008.251471,15101.647666199999
Mod,Nom,Ideal,CH,Hlow,HYD200-HYD200,4,NA,NA,112695.525,11276.9548285,NA,NA,4008.251471,15285.2062995
Mod,Nom,Ideal,CH,Hlow,HYD200-HYD200,5,NA,NA,115904.360429,11489.2300772,NA,NA,4008.251471,15497.4815482
Mod,Nom,Ideal,CH,Hlow,HYD500-HYD500,3,NA,NA,111294.17985,11096.0814698,NA,NA,4503.660561,15599.7420308
Mod,Nom,Ideal,CH,Hlow,HYD500-HYD500,4,NA,NA,114348.64134999999,11281.6917302,NA,NA,4503.660561,15785.3522912
Mod,Nom,Ideal,CH,Hlow,HYD500-HYD500,5,NA,NA,117597.598882,11499.0847992,NA,NA,4503.660561,16002.745360199999
Mod,Nom,Real,AK,Hhigh,HYD1000-HYD1000,3,NA,NA,41043.270598,2323.92953785,NA,NA,4359.762834,6683.69237185
Mod,Nom,Real,AK,Hhigh,HYD1000-HYD1000,4,NA,NA,43941.217899,2449.64986555,NA,NA,4359.762834,6809.41269955
Mod,Nom,Real,AK,Hhigh,HYD1000-HYD1000,5,NA,NA,46972.277066,2618.0468044,NA,NA,4359.762834,6977.8096384
Mod,Nom,Real,AK,Hhigh,HYD200-HYD200,3,NA,NA,33460.621599,2198.0874645,NA,NA,3698.655882,5896.7433464999995
Mod,Nom,Real,AK,Hhigh,HYD200-HYD200,4,NA,NA,35988.677128,2325.25945325,NA,NA,3698.655882,6023.91533525
Mod,Nom,Real,AK,Hhigh,HYD200-HYD200,5,NA,NA,38652.108983,2479.95179885,NA,NA,3698.655882,6178.60768085
Mod,Nom,Real,AK,Hhigh,HYD500-HYD500,3,NA,NA,41082.160945999996,2501.07743285,NA,NA,3734.535561,6235.61299385
Mod,Nom,Real,AK,Hhigh,HYD500-HYD500,4,NA,NA,44185.059277,2649.2738841,NA,NA,3734.535561,6383.8094451
Mod,Nom,Real,AK,Hhigh,HYD500-HYD500,5,NA,NA,47437.105983,2835.3169604,NA,NA,3734.535561,6569.8525214
Mod,Nom,Real,AK,Hlow,HYD1000-HYD1000,3,NA,NA,41046.459135,3603.3705253,NA,NA,4359.762834,7963.1333593
Mod,Nom,Real,AK,Hlow,HYD1000-HYD1000,4,NA,NA,43945.386642,3755.2464451,NA,NA,4359.762834,8115.009279100001
Mod,Nom,Real,AK,Hlow,HYD1000-HYD1000,5,NA,NA,46976.339525999996,3956.6317431999996,NA,NA,4359.762834,8316.3945772
Mod,Nom,Real,AK,Hlow,HYD200-HYD200,3,NA,NA,33461.368593,3291.2038773,NA,NA,3698.655882,6989.8597592999995
Mod,Nom,Real,AK,Hlow,HYD200-HYD200,4,NA,NA,35989.593962,3438.9827870999998,NA,NA,3698.655882,7137.6386691
Mod,Nom,Real,AK,Hlow,HYD200-HYD200,5,NA,NA,38652.190057,3617.0921184,NA,NA,3698.655882,7315.7480004
Mod,Nom,Real,AK,Hlow,HYD500-HYD500,3,NA,NA,41083.250871,3807.2355109,NA,NA,3734.535561,7541.771071900001
Mod,Nom,Real,AK,Hlow,HYD500-HYD500,4,NA,NA,44187.518852,3980.4335989,NA,NA,3734.535561,7714.9691599
Mod,Nom,Real,AK,Hlow,HYD500-HYD500,5,NA,NA,47439.433124999996,4194.4266943,NA,NA,3734.535561,7928.962255300001
Mod,Nom,Real,CH,Hhigh,HYD1000-HYD1000,3,NA,NA,94525.094944,6322.1348288,NA,NA,5128.887834,11451.0226628
Mod,Nom,Real,CH,Hhigh,HYD1000-HYD1000,4,NA,NA,97586.361288,6478.12368,NA,NA,5128.887834,11607.011514
Mod,Nom,Real,CH,Hhigh,HYD1000-HYD1000,5,NA,NA,100802.753246,6667.0594185,NA,NA,5128.887834,11795.9472525
Mod,Nom,Real,CH,Hhigh,HYD200-HYD200,3,NA,NA,90677.711528,6427.6426737,NA,NA,4008.251471,10435.8941447
Mod,Nom,Real,CH,Hhigh,HYD200-HYD200,4,NA,NA,93737.56034499999,6585.2807794,NA,NA,4008.251471,10593.5322504
Mod,Nom,Real,CH,Hhigh,HYD200-HYD200,5,NA,NA,96954.786639,6772.6096773,NA,NA,4008.251471,10780.8611483
Mod,Nom,Real,CH,Hhigh,HYD500-HYD500,3,NA,NA,92358.675231,6383.1811935,NA,NA,4503.660561,10886.8417545
Mod,Nom,Real,CH,Hhigh,HYD500-HYD500,4,NA,NA,95410.99368500001,6544.8172289,NA,NA,4503.660561,11048.4777899
Mod,Nom,Real,CH,Hhigh,HYD500-HYD500,5,NA,NA,98655.05874400001,6735.3210018,NA,NA,4503.660561,11238.9815628
Mod,Nom,Real,CH,Hlow,HYD1000-HYD1000,3,NA,NA,94539.424316,8985.6284516,NA,NA,5128.887834,14114.516285599999
Mod,Nom,Real,CH,Hlow,HYD1000-HYD1000,4,NA,NA,97605.27481799999,9166.2508778,NA,NA,5128.887834,14295.138711799998
Mod,Nom,Real,CH,Hlow,HYD1000-HYD1000,5,NA,NA,100823.256062,9385.5807966,NA,NA,5128.887834,14514.4686306
Mod,Nom,Real,CH,Hlow,HYD200-HYD200,3,NA,NA,90680.597204,8986.5825903,NA,NA,4008.251471,12994.8340613
Mod,Nom,Real,CH,Hlow,HYD200-HYD200,4,NA,NA,93743.432198,9169.1431785,NA,NA,4008.251471,13177.3946495
Mod,Nom,Real,CH,Hlow,HYD200-HYD200,5,NA,NA,96956.52689,9383.0408195,NA,NA,4008.251471,13391.2922905
Mod,Nom,Real,CH,Hlow,HYD500-HYD500,3,NA,NA,92367.191904,8987.0973746,NA,NA,4503.660561,13490.757935599999
Mod,Nom,Real,CH,Hlow,HYD500-HYD500,4,NA,NA,95420.107717,9172.5344528,NA,NA,4503.660561,13676.1950138
Mod,Nom,Real,CH,Hlow,HYD500-HYD500,5,NA,NA,98665.431421,9390.6835426,NA,NA,4503.660561,13894.3441036
