Hour_of_Year,kWh_tererehau
0,22573
1,22218
2,17244
3,11190
4,8446
5,13818
6,16016
7,5604
8,6208
9,1375
10,10873
11,10770
12,9738
13,5057
14,4829
15,10263
16,10957
17,10813
18,8494
19,7901
20,4328
21,1109
22,1667
23,1985
24,2153
25,3818
26,5273
27,4205
28,4438
29,4493
30,3098
31,1981
32,2601
33,6623
34,5333
35,4458
36,4720
37,7929
38,12513
39,17869
40,16642
41,13920
42,11117
43,9112
44,4549
45,2894
46,3735
47,1708
48,477
49,252
50,10
51,0
52,0
53,0
54,41
55,206
56,2
57,0
58,0
59,0
60,0
61,0
62,0
63,0
64,0
65,0
66,4
67,58
68,71
69,328
70,767
71,308
72,0
73,937
74,3003
75,4391
76,6929
77,8971
78,10218
79,11647
80,11594
81,11439
82,11842
83,11595
84,10488
85,13371
86,9692
87,11628
88,11685
89,12569
90,15845
91,18376
92,19495
93,20764
94,23759
95,27158
96,30079
97,27686
98,23371
99,15603
100,15623
101,15510
102,26295
103,23323
104,22139
105,26038
106,19266
107,13548
108,8503
109,3092
110,3387
111,286
112,210
113,368
114,0
115,0
116,0
117,175
118,39
119,52
120,476
121,96
122,0
123,0
124,0
125,0
126,13
127,0
128,0
129,0
130,0
131,0
132,7754
133,10624
134,10575
135,11648
136,8400
137,8153
138,8253
139,7932
140,8670
141,8541
142,6981
143,6234
144,4798
145,3157
146,2105
147,1223
148,756
149,516
150,335
151,7
152,0
153,0
154,0
155,0
156,0
157,0
158,0
159,0
160,0
161,0
162,0
163,0
164,979
165,494
166,3888
167,11574
168,9649
169,8008
170,3390
171,1523
172,518
173,61
174,1
175,0
176,0
177,35
178,1167
179,1514
180,5092
181,9898
182,11246
183,10333
184,9390
185,12792
186,13211
187,9281
188,6004
189,3280
190,3141
191,7068
192,14306
193,17772
194,18687
195,16986
196,16471
197,23499
198,25584
199,29220
200,32505
201,31840
202,31290
203,30100
204,33070
205,30703
206,22661
207,18268
208,9007
209,8260
210,7171
211,5310
212,3269
213,889
214,31
215,398
216,2529
217,4351
218,6440
219,8531
220,11983
221,12316
222,12293
223,13122
224,12254
225,9844
226,12062
227,12112
228,13747
229,14305
230,14991
231,15285
232,15427
233,13962
234,12969
235,9650
236,5368
237,2015
238,182
239,0
240,0
241,0
242,0
243,21
244,74
245,1763
246,5901
247,8611
248,14192
249,13086
250,14973
251,15277
252,17934
253,20334
254,23855
255,25622
256,29873
257,27633
258,25178
259,18965
260,19744
261,20751
262,21505
263,31063
264,27257
265,32008
266,38001
267,35440
268,34675
269,33654
270,31946
271,25229
272,16743
273,19542
274,7707
275,9447
276,4811
277,3188
278,2582
279,833
280,172
281,0
282,44
283,135
284,31
285,0
286,7
287,0
288,0
289,0
290,0
291,0
292,0
293,4
294,389
295,1436
296,2713
297,7112
298,9493
299,11020
300,11874
301,10150
302,13674
303,14265
304,12887
305,17244
306,20459
307,18883
308,20464
309,28171
310,28417
311,32563
312,36590
313,33855
314,32973
315,29788
316,28361
317,27523
318,23220
319,20654
320,28773
321,29416
322,28969
323,33567
324,35877
325,35382
326,34295
327,34701
328,33741
329,31735
330,25971
331,18936
332,17271
333,14567
334,10752
335,13393
336,22843
337,16095
338,17889
339,13442
340,10202
341,8057
342,7170
343,2133
344,5697
345,7968
346,7145
347,10778
348,8612
349,11435
350,10514
351,6507
352,2823
353,346
354,1329
355,6261
356,9872
357,12980
358,16265
359,17196
360,17944
361,17682
362,20771
363,18425
364,15096
365,14846
366,15341
367,17712
368,19486
369,22984
370,24413
371,23548
372,22673
373,21356
374,20780
375,22835
376,23707
377,24484
378,24899
379,23260
380,22943
381,24355
382,23584
383,20800
384,21275
385,17700
386,12422
387,7657
388,3768
389,1880
390,634
391,0
392,0
393,0
394,0
395,0
396,0
397,0
398,0
399,0
400,1
401,1
402,14
403,307
404,1408
405,774
406,431
407,4
408,48
409,81
410,0
411,118
412,463
413,17
414,0
415,0
416,0
417,0
418,0
419,0
420,18
421,0
422,0
423,15
424,18
425,26
426,243
427,253
428,527
429,1368
430,818
431,695
432,117
433,13
434,88
435,2419
436,3396
437,3136
438,2376
439,1129
440,145
441,216
442,115
443,69
444,1532
445,3971
446,9354
447,7219
448,2420
449,2732
450,5807
451,5794
452,1885
453,147
454,639
455,1567
456,1773
457,4503
458,4626
459,6712
460,13195
461,17362
462,17250
463,13902
464,14898
465,21472
466,19209
467,18098
468,10407
469,9286
470,10774
471,11404
472,5718
473,10496
474,7452
475,6286
476,5211
477,6179
478,9911
479,17474
480,7693
481,3688
482,3204
483,493
484,1077
485,1886
486,223
487,238
488,34
489,0
490,0
491,137
492,6
493,0
494,0
495,0
496,0
497,0
498,0
499,240
500,332
501,1
502,0
503,0
504,0
505,6
506,271
507,45
508,0
509,0
510,0
511,0
512,0
513,0
514,36
515,3569
516,5795
517,11205
518,10857
519,10411
520,11473
521,10744
522,8763
523,5638
524,2315
525,865
526,10
527,340
528,2142
529,8227
530,8111
531,7524
532,6739
533,9181
534,13044
535,17332
536,22563
537,20962
538,24878
539,27714
540,24579
541,28440
542,25499
543,19982
544,20268
545,25354
546,28250
547,29097
548,31074
549,30625
550,30350
551,29194
552,19375
553,20398
554,20565
555,14631
556,6880
557,2948
558,3041
559,149
560,0
561,31
562,1125
563,2987
564,7290
565,5159
566,3517
567,7754
568,5273
569,3713
570,2382
571,239
572,6
573,23
574,0
575,0
576,117
577,4399
578,8138
579,4427
580,4052
581,11983
582,10702
583,7576
584,8148
585,10791
586,11485
587,15775
588,15551
589,13063
590,11408
591,13092
592,8516
593,7818
594,8323
595,8180
596,8090
597,8271
598,8418
599,7032
600,4857
601,3144
602,2369
603,2099
604,1942
605,1499
606,1014
607,551
608,24
609,7
610,15
611,0
612,0
613,0
614,0
615,696
616,1343
617,102
618,163
619,1511
620,1526
621,1721
622,4485
623,5679
624,8909
625,11892
626,7105
627,7586
628,17420
629,14505
630,13804
631,12526
632,15316
633,17542
634,14032
635,16367
636,22945
637,23777
638,31618
639,27697
640,28478
641,22783
642,20794
643,16487
644,9970
645,13058
646,17117
647,14485
648,11272
649,11198
650,8062
651,6375
652,5949
653,9447
654,13987
655,18840
656,18635
657,23049
658,22022
659,19178
660,14691
661,9772
662,12871
663,3162
664,1268
665,4820
666,0
667,4
668,211
669,139
670,1920
671,5935
672,9499
673,9780
674,9915
675,10591
676,6374
677,6864
678,4435
679,1167
680,14
681,429
682,3536
683,5516
684,12510
685,13237
686,13837
687,8734
688,14969
689,16575
690,18620
691,14333
692,16839
693,19614
694,15887
695,20449
696,20084
697,19940
698,27053
699,24423
700,21072
701,22518
702,26519
703,25203
704,17792
705,8266
706,8826
707,7938
708,7123
709,9592
710,6765
711,935
712,2
713,312
714,2727
715,3400
716,9235
717,11596
718,14571
719,14758
720,12296
721,17037
722,13509
723,14798
724,17033
725,18612
726,12975
727,11919
728,13818
729,14359
730,17358
731,14582
732,10092
733,7158
734,7414
735,1558
736,1558
737,92
738,0
739,0
740,0
741,0
742,32
743,2028
744,10198
745,9431
746,10841
747,13301
748,17625
749,16882
750,11028
751,3733
752,2033
753,211
754,338
755,303
756,4372
757,3647
758,8103
759,13474
760,14078
761,18212
762,18484
763,15705
764,13477
765,15235
766,14128
767,14439
768,20100
769,20426
770,16289
771,13926
772,21675
773,25477
774,33129
775,29325
776,30065
777,31768
778,31780
779,31012
780,26857
781,21264
782,31803
783,32650
784,31863
785,29816
786,28285
787,32958
788,24962
789,18691
790,11214
791,14754
792,15190
793,28184
794,20900
795,14525
796,22742
797,20016
798,20683
799,20012
800,24524
801,25991
802,17429
803,17033
804,16310
805,22015
806,29032
807,34127
808,33085
809,30998
810,27198
811,20012
812,4211
813,0
814,0
815,0
816,718
817,630
818,867
819,2
820,0
821,0
822,0
823,721
824,1156
825,1652
826,8153
827,16878
828,23675
829,31046
830,31854
831,31884
832,33060
833,33260
834,31904
835,26338
836,26694
837,27280
838,29657
839,28255
840,31465
841,31510
842,30143
843,30315
844,30875
845,29855
846,28988
847,27582
848,26116
849,22877
850,17703
851,12669
852,8271
853,8766
854,10260
855,12576
856,14736
857,14580
858,14873
859,15175
860,16630
861,18368
862,19064
863,19245
864,18651
865,19630
866,18347
867,17449
868,22078
869,23365
870,23762
871,24285
872,25052
873,22517
874,20658
875,20441
876,19003
877,18516
878,22503
879,25120
880,25046
881,26161
882,26018
883,25452
884,21683
885,19435
886,16438
887,18719
888,24101
889,23223
890,19718
891,14374
892,10124
893,12976
894,14641
895,17629
896,19430
897,16805
898,17544
899,20523
900,23692
901,28271
902,28461
903,20417
904,14669
905,8940
906,11007
907,9633
908,9673
909,8557
910,6318
911,2593
912,2764
913,583
914,100
915,451
916,3409
917,5580
918,8150
919,10798
920,12688
921,10814
922,17237
923,23072
924,27247
925,23765
926,30395
927,29673
928,24342
929,17966
930,11294
931,7194
932,1887
933,332
934,67
935,3206
936,10224
937,11843
938,13015
939,16001
940,25321
941,30758
942,31946
943,32105
944,30665
945,26628
946,24200
947,19883
948,18597
949,21145
950,24114
951,22863
952,22136
953,21790
954,22262
955,20773
956,19700
957,13987
958,7629
959,2857
960,612
961,2
962,1
963,186
964,1466
965,2561
966,6065
967,10489
968,12514
969,12809
970,13752
971,19242
972,20591
973,18587
974,18538
975,22894
976,20826
977,23298
978,22944
979,25017
980,30608
981,36503
982,37872
983,35991
984,35017
985,31903
986,32860
987,7842
988,648
989,0
990,2450
991,11368
992,19108
993,22576
994,21863
995,14468
996,12776
997,10713
998,9427
999,11855
1000,8262
1001,7138
1002,6000
1003,5270
1004,8647
1005,7209
1006,4478
1007,4403
1008,2112
1009,173
1010,0
1011,0
1012,39
1013,308
1014,180
1015,361
1016,545
1017,1379
1018,2575
1019,4092
1020,3025
1021,4257
1022,6264
1023,7695
1024,11017
1025,12155
1026,9615
1027,3757
1028,2662
1029,1501
1030,91
1031,0
1032,32
1033,11
1034,0
1035,0
1036,0
1037,0
1038,0
1039,0
1040,0
1041,131
1042,1111
1043,6115
1044,8658
1045,8871
1046,11160
1047,14609
1048,16267
1049,16570
1050,15987
1051,12199
1052,9668
1053,6647
1054,2753
1055,1400
1056,2008
1057,3736
1058,4177
1059,5809
1060,5720
1061,7672
1062,8534
1063,11647
1064,12205
1065,16872
1066,20856
1067,22710
1068,20770
1069,22164
1070,23475
1071,22531
1072,20923
1073,18770
1074,18383
1075,19558
1076,19137
1077,20384
1078,28180
1079,24187
1080,23426
1081,27425
1082,25353
1083,20403
1084,21971
1085,29439
1086,27253
1087,23177
1088,21819
1089,32213
1090,32084
1091,31945
1092,25943
1093,23605
1094,19522
1095,19751
1096,21747
1097,21589
1098,16538
1099,12949
1100,10394
1101,9511
1102,12521
1103,15191
1104,10285
1105,9989
1106,10927
1107,11166
1108,6315
1109,6570
1110,11996
1111,7988
1112,10019
1113,7476
1114,7068
1115,4963
1116,6405
1117,7877
1118,12457
1119,9587
1120,5841
1121,4882
1122,2981
1123,2265
1124,1568
1125,204
1126,1
1127,0
1128,0
1129,0
1130,0
1131,0
1132,0
1133,80
1134,284
1135,1154
1136,151
1137,1066
1138,2433
1139,4282
1140,3819
1141,3759
1142,7017
1143,8811
1144,9392
1145,8536
1146,8273
1147,7337
1148,5371
1149,3427
1150,3227
1151,1962
1152,3387
1153,5069
1154,10043
1155,15335
1156,17297
1157,17727
1158,19461
1159,16814
1160,16832
1161,16445
1162,17584
1163,21055
1164,20404
1165,18672
1166,21228
1167,23951
1168,25513
1169,21274
1170,19358
1171,18690
1172,19322
1173,20844
1174,18642
1175,14888
1176,21804
1177,23600
1178,23138
1179,24257
1180,32150
1181,28508
1182,28159
1183,30277
1184,35134
1185,37490
1186,37669
1187,36225
1188,30666
1189,29369
1190,34135
1191,34141
1192,35623
1193,35673
1194,35946
1195,36115
1196,36815
1197,36341
1198,36091
1199,36370
1200,36353
1201,36966
1202,36627
1203,34693
1204,28497
1205,25431
1206,15831
1207,5765
1208,2959
1209,13120
1210,16409
1211,16359
1212,14758
1213,13700
1214,11712
1215,9943
1216,11770
1217,8509
1218,7826
1219,9156
1220,9717
1221,12208
1222,12688
1223,6403
1224,3315
1225,1867
1226,109
1227,0
1228,0
1229,0
1230,0
1231,0
1232,0
1233,0
1234,0
1235,0
1236,0
1237,1
1238,247
1239,1451
1240,5378
1241,8128
1242,6525
1243,8473
1244,6847
1245,5535
1246,11012
1247,15664
1248,16604
1249,14288
1250,10669
1251,5684
1252,4674
1253,4441
1254,6097
1255,5265
1256,4258
1257,1915
1258,4
1259,0
1260,0
1261,0
1262,0
1263,0
1264,0
1265,0
1266,0
1267,0
1268,0
1269,248
1270,67
1271,206
1272,942
1273,28
1274,0
1275,0
1276,19
1277,2308
1278,2706
1279,1638
1280,1859
1281,2457
1282,9180
1283,14475
1284,14118
1285,11837
1286,14907
1287,20651
1288,19662
1289,21703
1290,17252
1291,11438
1292,10290
1293,12419
1294,15923
1295,21816
1296,23238
1297,21211
1298,19827
1299,17788
1300,18454
1301,11072
1302,20616
1303,20729
1304,23750
1305,25855
1306,33099
1307,30025
1308,30332
1309,29732
1310,25651
1311,28837
1312,31743
1313,31092
1314,31261
1315,21159
1316,16261
1317,21001
1318,33517
1319,34336
1320,25183
1321,29160
1322,22786
1323,4188
1324,19893
1325,22361
1326,30073
1327,15423
1328,3615
1329,45
1330,0
1331,0
1332,0
1333,0
1334,0
1335,8
1336,1650
1337,3023
1338,5189
1339,9001
1340,9340
1341,11257
1342,13809
1343,10656
1344,6812
1345,5655
1346,4319
1347,4967
1348,2948
1349,2177
1350,297
1351,0
1352,0
1353,0
1354,0
1355,0
1356,303
1357,175
1358,997
1359,2640
1360,1789
1361,2215
1362,2102
1363,4986
1364,4337
1365,2750
1366,2450
1367,3066
1368,2096
1369,230
1370,485
1371,4296
1372,5058
1373,5470
1374,4407
1375,5158
1376,4510
1377,5464
1378,6617
1379,9890
1380,13106
1381,21682
1382,24010
1383,22753
1384,24294
1385,21925
1386,20214
1387,15128
1388,8361
1389,4937
1390,3156
1391,1046
1392,3085
1393,4121
1394,606
1395,1358
1396,1911
1397,1451
1398,266
1399,0
1400,0
1401,0
1402,0
1403,0
1404,0
1405,0
1406,0
1407,0
1408,0
1409,0
1410,0
1411,0
1412,0
1413,0
1414,0
1415,0
1416,0
1417,0
1418,0
1419,0
1420,0
1421,0
1422,0
1423,0
1424,0
1425,0
1426,0
1427,0
1428,0
1429,0
1430,0
1431,0
1432,0
1433,0
1434,0
1435,0
1436,0
1437,0
1438,0
1439,0
1440,0
1441,0
1442,0
1443,0
1444,0
1445,0
1446,0
1447,0
1448,0
1449,743
1450,826
1451,2325
1452,2267
1453,5573
1454,7912
1455,7207
1456,11767
1457,15791
1458,14759
1459,13511
1460,13813
1461,13433
1462,14307
1463,11122
1464,11720
1465,18253
1466,21178
1467,23137
1468,23620
1469,18561
1470,17488
1471,21345
1472,27082
1473,31057
1474,33212
1475,29263
1476,31032
1477,33901
1478,32894
1479,16833
1480,23833
1481,29024
1482,25472
1483,24428
1484,24267
1485,36534
1486,38613
1487,32980
1488,27904
1489,31025
1490,39036
1491,17420
1492,23844
1493,27634
1494,31889
1495,34925
1496,36188
1497,32033
1498,28629
1499,26791
1500,21779
1501,23963
1502,24789
1503,28340
1504,29161
1505,28102
1506,19109
1507,21128
1508,19380
1509,23964
1510,27030
1511,33062
1512,24950
1513,14552
1514,11739
1515,11244
1516,13118
1517,12112
1518,17498
1519,26528
1520,28858
1521,27338
1522,34377
1523,36312
1524,36173
1525,26981
1526,16518
1527,31844
1528,20668
1529,20287
1530,28684
1531,34721
1532,30179
1533,31431
1534,23614
1535,22088
1536,30947
1537,29902
1538,29600
1539,28105
1540,29910
1541,34173
1542,30539
1543,18850
1544,22534
1545,20451
1546,26744
1547,32009
1548,32781
1549,33098
1550,34182
1551,31939
1552,31446
1553,29683
1554,30204
1555,27463
1556,22947
1557,21704
1558,13939
1559,7671
1560,3088
1561,12839
1562,9072
1563,5098
1564,699
1565,45
1566,18
1567,0
1568,0
1569,0
1570,0
1571,0
1572,0
1573,0
1574,0
1575,187
1576,1256
1577,2097
1578,976
1579,1160
1580,1417
1581,1299
1582,352
1583,0
1584,0
1585,268
1586,2195
1587,3793
1588,6168
1589,7463
1590,6044
1591,2755
1592,7802
1593,10190
1594,10834
1595,23312
1596,28909
1597,26358
1598,26941
1599,28082
1600,30239
1601,31043
1602,32111
1603,35746
1604,38281
1605,38421
1606,38884
1607,38897
1608,36313
1609,36035
1610,36012
1611,31730
1612,27493
1613,29887
1614,18598
1615,19797
1616,12269
1617,5077
1618,2965
1619,14483
1620,12757
1621,12205
1622,5900
1623,3534
1624,3005
1625,4322
1626,4785
1627,5496
1628,6932
1629,2670
1630,83
1631,1197
1632,7395
1633,13862
1634,13323
1635,15046
1636,22518
1637,30049
1638,32009
1639,28566
1640,29479
1641,29268
1642,21851
1643,15744
1644,9330
1645,1970
1646,22
1647,0
1648,1848
1649,7051
1650,10847
1651,24531
1652,22597
1653,22040
1654,21146
1655,20761
1656,14487
1657,13171
1658,11656
1659,3595
1660,2554
1661,917
1662,2567
1663,4230
1664,1396
1665,0
1666,716
1667,881
1668,2919
1669,3836
1670,12672
1671,21017
1672,21983
1673,26248
1674,31084
1675,32218
1676,32661
1677,32686
1678,30858
1679,30630
1680,34358
1681,35825
1682,34156
1683,31447
1684,34642
1685,35716
1686,34642
1687,34011
1688,36766
1689,37157
1690,36864
1691,34753
1692,36312
1693,36816
1694,36961
1695,37358
1696,37381
1697,35208
1698,29578
1699,23167
1700,10709
1701,5433
1702,2381
1703,43
1704,0
1705,0
1706,2145
1707,5689
1708,7549
1709,8751
1710,7991
1711,7400
1712,5858
1713,5105
1714,4058
1715,3328
1716,649
1717,0
1718,0
1719,2071
1720,7699
1721,13516
1722,19690
1723,16345
1724,26297
1725,26917
1726,31062
1727,28862
1728,32534
1729,34591
1730,25859
1731,32571
1732,28462
1733,31718
1734,35696
1735,25407
1736,32652
1737,33757
1738,27169
1739,15786
1740,13622
1741,12030
1742,9617
1743,1899
1744,303
1745,3120
1746,5142
1747,8475
1748,13131
1749,13425
1750,11982
1751,11449
1752,9126
1753,7010
1754,7750
1755,5656
1756,3910
1757,3729
1758,1820
1759,494
1760,0
1761,0
1762,867
1763,6997
1764,8730
1765,11926
1766,12918
1767,24833
1768,25230
1769,25565
1770,27451
1771,29411
1772,28362
1773,25644
1774,25653
1775,29168
1776,28136
1777,20749
1778,24109
1779,21366
1780,22233
1781,18727
1782,21068
1783,19754
1784,12719
1785,21599
1786,26307
1787,29213
1788,33978
1789,34691
1790,36641
1791,35458
1792,32660
1793,31287
1794,27900
1795,22442
1796,17098
1797,10201
1798,2399
1799,7062
1800,19474
1801,19802
1802,16263
1803,11470
1804,9292
1805,10155
1806,8039
1807,3223
1808,1613
1809,330
1810,253
1811,3
1812,0
1813,0
1814,208
1815,2770
1816,4980
1817,5582
1818,5352
1819,7051
1820,6649
1821,2844
1822,2130
1823,3980
1824,7274
1825,14586
1826,20153
1827,18551
1828,18734
1829,26492
1830,26509
1831,25135
1832,26487
1833,26134
1834,24661
1835,18953
1836,20931
1837,17710
1838,16613
1839,18962
1840,21122
1841,17656
1842,17761
1843,16150
1844,10477
1845,5733
1846,5977
1847,4422
1848,5141
1849,8736
1850,14715
1851,21409
1852,23144
1853,22194
1854,21612
1855,20031
1856,13357
1857,10198
1858,8543
1859,4831
1860,1543
1861,494
1862,1236
1863,13645
1864,15243
1865,12685
1866,13732
1867,8425
1868,4868
1869,539
1870,515
1871,0
1872,0
1873,0
1874,39
1875,436
1876,124
1877,870
1878,2375
1879,5877
1880,7713
1881,10447
1882,12234
1883,5383
1884,4255
1885,4194
1886,7388
1887,4215
1888,1640
1889,1670
1890,1509
1891,448
1892,48
1893,1543
1894,1032
1895,1242
1896,171
1897,6454
1898,5727
1899,3708
1900,3998
1901,1329
1902,102
1903,221
1904,395
1905,17
1906,0
1907,716
1908,846
1909,678
1910,133
1911,58
1912,13
1913,503
1914,1581
1915,908
1916,1985
1917,3472
1918,4238
1919,3890
1920,2730
1921,1604
1922,1203
1923,679
1924,342
1925,1785
1926,1936
1927,123
1928,0
1929,0
1930,0
1931,0
1932,29
1933,0
1934,0
1935,0
1936,256
1937,1102
1938,769
1939,1598
1940,1490
1941,739
1942,147
1943,0
1944,0
1945,0
1946,85
1947,2019
1948,3385
1949,5131
1950,5856
1951,6208
1952,2843
1953,1194
1954,4
1955,0
1956,0
1957,13
1958,135
1959,42
1960,50
1961,365
1962,272
1963,122
1964,0
1965,232
1966,538
1967,887
1968,483
1969,1454
1970,994
1971,292
1972,0
1973,0
1974,0
1975,0
1976,0
1977,0
1978,0
1979,0
1980,0
1981,0
1982,0
1983,33
1984,0
1985,0
1986,511
1987,2719
1988,873
1989,1526
1990,978
1991,268
1992,531
1993,963
1994,51
1995,13
1996,373
1997,455
1998,181
1999,84
2000,25
2001,0
2002,0
2003,0
2004,0
2005,0
2006,0
2007,13
2008,132
2009,2665
2010,6697
2011,6621
2012,9840
2013,17476
2014,23404
2015,24022
2016,23702
2017,17134
2018,18267
2019,11885
2020,20060
2021,22682
2022,29325
2023,29869
2024,23911
2025,27736
2026,35370
2027,29177
2028,37431
2029,35557
2030,31263
2031,28975
2032,29681
2033,35478
2034,36740
2035,35855
2036,33434
2037,36334
2038,37748
2039,37717
2040,37106
2041,33050
2042,27911
2043,26294
2044,29473
2045,31342
2046,33516
2047,30744
2048,32087
2049,33883
2050,35704
2051,35414
2052,35446
2053,34971
2054,34143
2055,34877
2056,34275
2057,30501
2058,31736
2059,32028
2060,36015
2061,37363
2062,37408
2063,34346
2064,29830
2065,22853
2066,24944
2067,24301
2068,25096
2069,27038
2070,33165
2071,35830
2072,33740
2073,38920
2074,33491
2075,36627
2076,36460
2077,19844
2078,8146
2079,9510
2080,14081
2081,34440
2082,31418
2083,22187
2084,15564
2085,8198
2086,6704
2087,8043
2088,9976
2089,21838
2090,34360
2091,34451
2092,28377
2093,24149
2094,19978
2095,22678
2096,20339
2097,24662
2098,35207
2099,36391
2100,36157
2101,33153
2102,31384
2103,32432
2104,34464
2105,33908
2106,33893
2107,37370
2108,36998
2109,32245
2110,20215
2111,4701
2112,244
2113,2215
2114,4361
2115,2907
2116,2475
2117,1212
2118,803
2119,821
2120,493
2121,2
2122,0
2123,0
2124,0
2125,0
2126,2187
2127,3550
2128,205
2129,250
2130,764
2131,1606
2132,192
2133,0
2134,204
2135,592
2136,50
2137,0
2138,1240
2139,2389
2140,2733
2141,2505
2142,5664
2143,3956
2144,4334
2145,6304
2146,8951
2147,8144
2148,8855
2149,4819
2150,3362
2151,2239
2152,2544
2153,667
2154,1192
2155,2513
2156,3282
2157,1772
2158,3159
2159,6190
2160,4572
2161,3493
2162,1183
2163,181
2164,417
2165,160
2166,3103
2167,677
2168,679
2169,434
2170,486
2171,318
2172,0
2173,0
2174,0
2175,0
2176,58
2177,199
2178,2
2179,0
2180,1032
2181,1828
2182,2187
2183,2508
2184,1393
2185,982
2186,350
2187,172
2188,115
2189,296
2190,537
2191,1412
2192,852
2193,497
2194,246
2195,0
2196,0
2197,0
2198,0
2199,0
2200,0
2201,0
2202,0
2203,0
2204,0
2205,0
2206,0
2207,0
2208,0
2209,0
2210,0
2211,0
2212,0
2213,0
2214,0
2215,0
2216,0
2217,0
2218,0
2219,0
2220,0
2221,0
2222,0
2223,0
2224,0
2225,19
2226,510
2227,2228
2228,3895
2229,5528
2230,3822
2231,1876
2232,1271
2233,233
2234,0
2235,0
2236,0
2237,56
2238,83
2239,1253
2240,2895
2241,1287
2242,2582
2243,1613
2244,5900
2245,15653
2246,16502
2247,20777
2248,16721
2249,14167
2250,12678
2251,13788
2252,18341
2253,28402
2254,33429
2255,29372
2256,31612
2257,28419
2258,26967
2259,26052
2260,27911
2261,24906
2262,27438
2263,28714
2264,20618
2265,24181
2266,30673
2267,31862
2268,23327
2269,20653
2270,12976
2271,17451
2272,6542
2273,2688
2274,8532
2275,1621
2276,2093
2277,7051
2278,12017
2279,17758
2280,16683
2281,19490
2282,5870
2283,1403
2284,1187
2285,201
2286,0
2287,0
2288,65
2289,8698
2290,22370
2291,17897
2292,18868
2293,18044
2294,19056
2295,18035
2296,15200
2297,14850
2298,14029
2299,10781
2300,7532
2301,6628
2302,5672
2303,4859
2304,2697
2305,888
2306,4374
2307,5949
2308,5249
2309,3863
2310,3186
2311,4013
2312,3067
2313,1318
2314,724
2315,1464
2316,1519
2317,1835
2318,1172
2319,707
2320,1279
2321,1456
2322,2903
2323,3386
2324,5339
2325,4622
2326,7532
2327,5046
2328,4970
2329,3376
2330,3785
2331,4430
2332,2771
2333,1470
2334,1698
2335,840
2336,1791
2337,460
2338,457
2339,2322
2340,3355
2341,2551
2342,2172
2343,1470
2344,1427
2345,1088
2346,1159
2347,3218
2348,6440
2349,9178
2350,7900
2351,3880
2352,486
2353,107
2354,0
2355,0
2356,0
2357,0
2358,0
2359,0
2360,0
2361,0
2362,54
2363,146
2364,2546
2365,2937
2366,4445
2367,4696
2368,1794
2369,487
2370,135
2371,156
2372,530
2373,208
2374,281
2375,33
2376,3
2377,4
2378,6
2379,795
2380,1282
2381,4421
2382,4726
2383,7043
2384,13733
2385,9723
2386,20817
2387,17457
2388,16579
2389,15976
2390,9678
2391,8617
2392,5642
2393,3077
2394,904
2395,1171
2396,2126
2397,7473
2398,19525
2399,13190
2400,7925
2401,9634
2402,9592
2403,7211
2404,6620
2405,9655
2406,10753
2407,7677
2408,10438
2409,11026
2410,19988
2411,23685
2412,17636
2413,13950
2414,2335
2415,118
2416,0
2417,0
2418,0
2419,16
2420,727
2421,1767
2422,3510
2423,3343
2424,1696
2425,353
2426,2269
2427,4899
2428,3154
2429,833
2430,897
2431,1460
2432,2055
2433,137
2434,3498
2435,2214
2436,1655
2437,291
2438,3343
2439,8842
2440,5654
2441,6393
2442,3261
2443,3026
2444,4019
2445,2611
2446,2075
2447,668
2448,1547
2449,4846
2450,2150
2451,1347
2452,1438
2453,2228
2454,3
2455,0
2456,106
2457,797
2458,12
2459,0
2460,154
2461,253
2462,1448
2463,4293
2464,9524
2465,10100
2466,3074
2467,9762
2468,3217
2469,267
2470,3447
2471,8881
2472,4547
2473,2634
2474,2167
2475,2124
2476,690
2477,1582
2478,3069
2479,2482
2480,2336
2481,1888
2482,2152
2483,492
2484,0
2485,68
2486,0
2487,0
2488,57
2489,13
2490,381
2491,2371
2492,0
2493,0
2494,0
2495,0
2496,0
2497,0
2498,0
2499,0
2500,0
2501,0
2502,76
2503,919
2504,1088
2505,1065
2506,31
2507,0
2508,0
2509,0
2510,0
2511,0
2512,72
2513,8
2514,60
2515,325
2516,402
2517,306
2518,35
2519,0
2520,0
2521,0
2522,66
2523,613
2524,1075
2525,3808
2526,4052
2527,2315
2528,542
2529,720
2530,284
2531,612
2532,4798
2533,11055
2534,11009
2535,14127
2536,13733
2537,10965
2538,9447
2539,12139
2540,18104
2541,18603
2542,19888
2543,14288
2544,11726
2545,10031
2546,11893
2547,18797
2548,18027
2549,12539
2550,9211
2551,8591
2552,9883
2553,10247
2554,19358
2555,25052
2556,31674
2557,28147
2558,30189
2559,29321
2560,25509
2561,22665
2562,28509
2563,27086
2564,26731
2565,25659
2566,23981
2567,25594
2568,24333
2569,26210
2570,27630
2571,25496
2572,17781
2573,11779
2574,17754
2575,20721
2576,32168
2577,30440
2578,30751
2579,28309
2580,25047
2581,25235
2582,26050
2583,23252
2584,13487
2585,7513
2586,1841
2587,2245
2588,5061
2589,4590
2590,6116
2591,8928
2592,14114
2593,22764
2594,22179
2595,16557
2596,13651
2597,14997
2598,13344
2599,22529
2600,26474
2601,29316
2602,30704
2603,35764
2604,35757
2605,34981
2606,33759
2607,32762
2608,33888
2609,33707
2610,34346
2611,34404
2612,31841
2613,29568
2614,28916
2615,30511
2616,30495
2617,28524
2618,28893
2619,28158
2620,31367
2621,28191
2622,29214
2623,28508
2624,28569
2625,26431
2626,27020
2627,23173
2628,29416
2629,28104
2630,27209
2631,23883
2632,18569
2633,11991
2634,6796
2635,11915
2636,12400
2637,4590
2638,1827
2639,193
2640,14
2641,145
2642,314
2643,167
2644,0
2645,0
2646,0
2647,140
2648,1057
2649,1726
2650,3283
2651,4189
2652,4120
2653,5124
2654,7852
2655,7424
2656,7156
2657,8737
2658,9741
2659,9225
2660,6312
2661,3190
2662,2145
2663,865
2664,1155
2665,353
2666,1966
2667,2909
2668,1016
2669,0
2670,14
2671,124
2672,141
2673,0
2674,0
2675,21
2676,359
2677,3199
2678,4135
2679,3386
2680,7308
2681,5049
2682,2867
2683,1055
2684,418
2685,37
2686,0
2687,1643
2688,7504
2689,10466
2690,12445
2691,7021
2692,2242
2693,2997
2694,2341
2695,3568
2696,298
2697,2288
2698,1875
2699,424
2700,0
2701,0
2702,0
2703,0
2704,1883
2705,23294
2706,31169
2707,29405
2708,17816
2709,14308
2710,13744
2711,6843
2712,4338
2713,3209
2714,1062
2715,70
2716,0
2717,0
2718,0
2719,0
2720,0
2721,263
2722,2070
2723,3992
2724,6651
2725,7256
2726,8533
2727,8562
2728,8311
2729,9898
2730,8994
2731,10329
2732,13375
2733,14701
2734,19962
2735,24854
2736,26860
2737,26918
2738,22767
2739,25665
2740,28269
2741,37309
2742,36815
2743,36950
2744,33733
2745,35435
2746,33974
2747,34399
2748,29641
2749,28745
2750,19312
2751,17851
2752,23150
2753,20780
2754,18798
2755,17947
2756,22881
2757,26037
2758,27699
2759,21263
2760,22410
2761,23559
2762,31030
2763,33140
2764,32482
2765,32601
2766,32420
2767,34775
2768,32029
2769,32985
2770,35831
2771,35667
2772,36543
2773,35678
2774,36279
2775,36871
2776,34724
2777,34470
2778,34737
2779,32522
2780,23677
2781,18487
2782,21234
2783,26288
2784,23089
2785,21233
2786,26660
2787,28150
2788,30357
2789,30767
2790,31943
2791,32520
2792,34477
2793,36913
2794,36405
2795,37560
2796,34486
2797,35642
2798,36878
2799,36891
2800,32186
2801,29952
2802,16765
2803,4658
2804,11095
2805,10876
2806,7916
2807,84
2808,1241
2809,41
2810,0
2811,0
2812,0
2813,0
2814,161
2815,976
2816,579
2817,479
2818,617
2819,3873
2820,3184
2821,7326
2822,16625
2823,16674
2824,19122
2825,13554
2826,8218
2827,8219
2828,8289
2829,5736
2830,3586
2831,1809
2832,528
2833,29
2834,0
2835,0
2836,0
2837,0
2838,0
2839,0
2840,0
2841,0
2842,0
2843,0
2844,6
2845,0
2846,0
2847,0
2848,0
2849,216
2850,1777
2851,3492
2852,1891
2853,171
2854,0
2855,0
2856,0
2857,0
2858,0
2859,0
2860,0
2861,0
2862,0
2863,0
2864,0
2865,0
2866,0
2867,0
2868,0
2869,0
2870,0
2871,0
2872,606
2873,1363
2874,2197
2875,947
2876,0
2877,0
2878,0
2879,0
2880,0
2881,0
2882,0
2883,0
2884,7
2885,29
2886,0
2887,0
2888,0
2889,0
2890,0
2891,32
2892,1593
2893,5269
2894,4815
2895,5226
2896,5929
2897,5649
2898,5754
2899,4855
2900,5961
2901,10463
2902,15523
2903,18503
2904,17868
2905,20028
2906,21026
2907,24522
2908,20090
2909,16689
2910,11927
2911,14672
2912,18837
2913,23155
2914,25785
2915,26568
2916,26242
2917,23807
2918,19056
2919,13048
2920,4317
2921,2419
2922,5266
2923,498
2924,182
2925,2471
2926,22520
2927,18930
2928,5926
2929,13264
2930,14286
2931,6183
2932,558
2933,96
2934,134
2935,49
2936,0
2937,0
2938,0
2939,0
2940,0
2941,0
2942,1
2943,0
2944,0
2945,0
2946,0
2947,117
2948,2679
2949,4337
2950,7818
2951,11747
2952,10797
2953,7702
2954,9333
2955,8467
2956,8169
2957,2363
2958,624
2959,2068
2960,1744
2961,276
2962,0
2963,0
2964,0
2965,0
2966,792
2967,1468
2968,4663
2969,4293
2970,5142
2971,1913
2972,355
2973,1404
2974,1102
2975,810
2976,4
2977,0
2978,0
2979,0
2980,0
2981,0
2982,0
2983,0
2984,0
2985,0
2986,0
2987,0
2988,0
2989,152
2990,913
2991,1085
2992,557
2993,219
2994,43
2995,0
2996,0
2997,0
2998,0
2999,0
3000,0
3001,0
3002,0
3003,0
3004,0
3005,0
3006,0
3007,0
3008,0
3009,0
3010,0
3011,0
3012,0
3013,254
3014,521
3015,307
3016,640
3017,381
3018,12
3019,1
3020,8
3021,87
3022,569
3023,3334
3024,9288
3025,10772
3026,9672
3027,5784
3028,8159
3029,7060
3030,5697
3031,6692
3032,11404
3033,13839
3034,15787
3035,16715
3036,23119
3037,20820
3038,19855
3039,17517
3040,3836
3041,34
3042,186
3043,3701
3044,19336
3045,19137
3046,20671
3047,25438
3048,26648
3049,25535
3050,22495
3051,20150
3052,19393
3053,17560
3054,16267
3055,14926
3056,15830
3057,11101
3058,10120
3059,7202
3060,6958
3061,4212
3062,2900
3063,2603
3064,2682
3065,956
3066,3905
3067,7622
3068,2219
3069,391
3070,1169
3071,2567
3072,4759
3073,7865
3074,4799
3075,2313
3076,547
3077,1650
3078,2462
3079,1531
3080,668
3081,0
3082,0
3083,1
3084,14
3085,0
3086,0
3087,0
3088,0
3089,0
3090,0
3091,0
3092,0
3093,0
3094,236
3095,1022
3096,788
3097,8313
3098,21407
3099,29790
3100,31946
3101,32089
3102,30669
3103,24381
3104,28690
3105,29822
3106,25418
3107,26066
3108,22109
3109,25210
3110,29600
3111,26452
3112,17615
3113,9483
3114,4365
3115,996
3116,324
3117,190
3118,86
3119,95
3120,133
3121,38
3122,666
3123,878
3124,11
3125,0
3126,0
3127,0
3128,0
3129,0
3130,0
3131,0
3132,0
3133,0
3134,7
3135,0
3136,5
3137,6
3138,0
3139,0
3140,291
3141,0
3142,324
3143,308
3144,3
3145,0
3146,0
3147,0
3148,0
3149,1
3150,7
3151,81
3152,0
3153,0
3154,0
3155,0
3156,0
3157,0
3158,0
3159,0
3160,0
3161,62
3162,317
3163,174
3164,582
3165,616
3166,83
3167,0
3168,0
3169,0
3170,0
3171,1
3172,189
3173,643
3174,1361
3175,1415
3176,1300
3177,403
3178,824
3179,818
3180,797
3181,629
3182,60
3183,255
3184,81
3185,162
3186,1246
3187,1936
3188,2373
3189,2553
3190,1807
3191,2922
3192,6412
3193,2691
3194,4644
3195,1715
3196,1330
3197,293
3198,0
3199,0
3200,0
3201,0
3202,0
3203,0
3204,0
3205,0
3206,0
3207,1673
3208,2949
3209,969
3210,798
3211,1742
3212,1448
3213,881
3214,816
3215,471
3216,190
3217,201
3218,304
3219,42
3220,0
3221,0
3222,0
3223,0
3224,0
3225,0
3226,0
3227,0
3228,0
3229,62
3230,1142
3231,1922
3232,231
3233,0
3234,2
3235,230
3236,1242
3237,387
3238,98
3239,201
3240,269
3241,0
3242,0
3243,0
3244,0
3245,0
3246,957
3247,10245
3248,6473
3249,5382
3250,4245
3251,5397
3252,4662
3253,3207
3254,3936
3255,3541
3256,2106
3257,459
3258,0
3259,245
3260,2582
3261,2933
3262,4945
3263,2625
3264,5136
3265,2410
3266,3733
3267,3769
3268,60
3269,1
3270,319
3271,107
3272,53
3273,0
3274,614
3275,4702
3276,7258
3277,10178
3278,11223
3279,9886
3280,15544
3281,12012
3282,8177
3283,6087
3284,945
3285,5477
3286,7192
3287,6636
3288,6560
3289,5162
3290,4707
3291,3518
3292,2529
3293,1379
3294,469
3295,319
3296,59
3297,0
3298,0
3299,0
3300,0
3301,0
3302,402
3303,4131
3304,6239
3305,7718
3306,12656
3307,13005
3308,14533
3309,18703
3310,25064
3311,26079
3312,25060
3313,20985
3314,21521
3315,23793
3316,24489
3317,24351
3318,27551
3319,28170
3320,31199
3321,35547
3322,36327
3323,36161
3324,30685
3325,26797
3326,30994
3327,30791
3328,22937
3329,16275
3330,18905
3331,7308
3332,5111
3333,5797
3334,2764
3335,1062
3336,6
3337,651
3338,2073
3339,3127
3340,4900
3341,2596
3342,5568
3343,7772
3344,6819
3345,6166
3346,4262
3347,2549
3348,1215
3349,1190
3350,502
3351,102
3352,699
3353,3233
3354,3338
3355,5032
3356,5807
3357,5701
3358,3984
3359,2381
3360,1123
3361,4
3362,26
3363,308
3364,2114
3365,2409
3366,2036
3367,285
3368,1521
3369,1660
3370,2006
3371,1008
3372,25
3373,179
3374,446
3375,2869
3376,7886
3377,10867
3378,12849
3379,17396
3380,19441
3381,24528
3382,25426
3383,29462
3384,33375
3385,32517
3386,26104
3387,20190
3388,10842
3389,17179
3390,35514
3391,35470
3392,35492
3393,37982
3394,35692
3395,24633
3396,16674
3397,25710
3398,32195
3399,29622
3400,32593
3401,30834
3402,25767
3403,22359
3404,17489
3405,10120
3406,6628
3407,6898
3408,5481
3409,4165
3410,6996
3411,8998
3412,9717
3413,19049
3414,17931
3415,11162
3416,10578
3417,16228
3418,16635
3419,16089
3420,15994
3421,16214
3422,13903
3423,15248
3424,14261
3425,19044
3426,19097
3427,16659
3428,11478
3429,9088
3430,8662
3431,13080
3432,16420
3433,14919
3434,13992
3435,16545
3436,15342
3437,17894
3438,17210
3439,13175
3440,13573
3441,13354
3442,12082
3443,5794
3444,2502
3445,2349
3446,3546
3447,3801
3448,5348
3449,3997
3450,4107
3451,2432
3452,1545
3453,413
3454,9
3455,0
3456,0
3457,0
3458,0
3459,160
3460,94
3461,0
3462,0
3463,0
3464,0
3465,0
3466,0
3467,0
3468,0
3469,0
3470,0
3471,5
3472,1180
3473,3344
3474,4296
3475,3424
3476,3977
3477,5045
3478,2680
3479,1672
3480,351
3481,663
3482,0
3483,0
3484,0
3485,0
3486,0
3487,777
3488,671
3489,459
3490,1091
3491,2424
3492,10877
3493,19168
3494,28946
3495,36503
3496,31722
3497,34873
3498,32557
3499,35649
3500,35454
3501,29541
3502,32691
3503,39019
3504,37505
3505,36879
3506,36368
3507,33453
3508,36757
3509,35883
3510,33413
3511,25499
3512,24396
3513,29682
3514,30751
3515,30278
3516,27875
3517,28981
3518,29956
3519,27262
3520,22069
3521,10294
3522,2059
3523,132
3524,321
3525,4424
3526,3283
3527,2335
3528,796
3529,36
3530,0
3531,0
3532,0
3533,227
3534,878
3535,343
3536,3684
3537,10901
3538,19706
3539,28130
3540,31419
3541,27799
3542,25556
3543,26941
3544,15606
3545,5036
3546,719
3547,17
3548,26
3549,0
3550,0
3551,0
3552,0
3553,1005
3554,2076
3555,2374
3556,3340
3557,6287
3558,10307
3559,11611
3560,9524
3561,9480
3562,17079
3563,21254
3564,25120
3565,24528
3566,25372
3567,23054
3568,13397
3569,2602
3570,2039
3571,2690
3572,456
3573,907
3574,471
3575,135
3576,145
3577,421
3578,1090
3579,1075
3580,3853
3581,12335
3582,13334
3583,11625
3584,8799
3585,12021
3586,7846
3587,3289
3588,4173
3589,2662
3590,1614
3591,2745
3592,22
3593,105
3594,4224
3595,5063
3596,2950
3597,914
3598,6
3599,0
3600,0
3601,0
3602,0
3603,1
3604,0
3605,1
3606,22
3607,0
3608,265
3609,333
3610,1073
3611,4497
3612,7131
3613,12337
3614,17522
3615,15094
3616,18071
3617,19927
3618,15597
3619,14162
3620,13267
3621,17529
3622,16527
3623,18426
3624,20756
3625,23152
3626,29693
3627,30192
3628,32182
3629,34734
3630,35097
3631,34422
3632,31241
3633,32308
3634,34121
3635,32175
3636,33566
3637,34038
3638,33715
3639,31967
3640,29851
3641,28425
3642,26418
3643,24201
3644,23549
3645,25852
3646,28538
3647,30538
3648,32124
3649,30479
3650,31688
3651,29009
3652,30587
3653,30958
3654,27332
3655,23069
3656,35368
3657,37100
3658,25828
3659,15065
3660,23650
3661,33140
3662,39137
3663,37944
3664,36477
3665,36191
3666,32174
3667,32359
3668,32094
3669,25696
3670,22245
3671,26988
3672,31095
3673,28859
3674,21953
3675,29137
3676,18260
3677,8775
3678,2414
3679,694
3680,19
3681,5
3682,276
3683,925
3684,1317
3685,1663
3686,4847
3687,1187
3688,47
3689,2710
3690,3214
3691,2933
3692,3405
3693,6878
3694,13352
3695,20607
3696,20461
3697,21984
3698,30821
3699,30361
3700,31145
3701,32811
3702,32845
3703,28665
3704,27948
3705,31984
3706,29768
3707,29265
3708,29844
3709,23438
3710,12831
3711,4542
3712,54
3713,0
3714,0
3715,231
3716,11761
3717,9978
3718,9330
3719,18574
3720,14785
3721,11633
3722,7852
3723,5621
3724,1473
3725,483
3726,1434
3727,5296
3728,4244
3729,4080
3730,3107
3731,3013
3732,3572
3733,3108
3734,3429
3735,9801
3736,12529
3737,11852
3738,7379
3739,2136
3740,560
3741,1514
3742,3689
3743,10151
3744,11740
3745,7521
3746,11234
3747,26465
3748,32519
3749,27276
3750,20351
3751,14889
3752,19549
3753,16949
3754,11368
3755,6789
3756,2882
3757,2738
3758,5565
3759,8901
3760,9954
3761,11818
3762,17103
3763,12152
3764,5904
3765,2382
3766,0
3767,0
3768,71
3769,1089
3770,6013
3771,6682
3772,10350
3773,10762
3774,12079
3775,13783
3776,11501
3777,13582
3778,18510
3779,15173
3780,11456
3781,12246
3782,20921
3783,14159
3784,9326
3785,7083
3786,9849
3787,7419
3788,6105
3789,3132
3790,1962
3791,1559
3792,1804
3793,532
3794,548
3795,572
3796,241
3797,1
3798,0
3799,0
3800,0
3801,0
3802,0
3803,0
3804,0
3805,240
3806,375
3807,447
3808,1816
3809,1853
3810,3554
3811,3514
3812,5965
3813,5821
3814,7648
3815,7601
3816,7155
3817,9787
3818,7069
3819,4601
3820,2241
3821,130
3822,4396
3823,10918
3824,10535
3825,9676
3826,12496
3827,18196
3828,22055
3829,20227
3830,13929
3831,11926
3832,13513
3833,13041
3834,12312
3835,9649
3836,6587
3837,6660
3838,1467
3839,0
3840,0
3841,0
3842,0
3843,0
3844,1
3845,178
3846,222
3847,845
3848,2258
3849,3154
3850,2325
3851,752
3852,2137
3853,1846
3854,2663
3855,4346
3856,6325
3857,4435
3858,9478
3859,12375
3860,18655
3861,18440
3862,24218
3863,12825
3864,18109
3865,10616
3866,12137
3867,22455
3868,28695
3869,33890
3870,28052
3871,29736
3872,33002
3873,35516
3874,37767
3875,35762
3876,36909
3877,35399
3878,35710
3879,34430
3880,30921
3881,26657
3882,23830
3883,17129
3884,6090
3885,86
3886,171
3887,1710
3888,4814
3889,9473
3890,10652
3891,17700
3892,17255
3893,16906
3894,21857
3895,22155
3896,20075
3897,16498
3898,18767
3899,19863
3900,21522
3901,21651
3902,22975
3903,10437
3904,1041
3905,142
3906,0
3907,0
3908,0
3909,0
3910,0
3911,0
3912,0
3913,0
3914,0
3915,0
3916,0
3917,0
3918,0
3919,0
3920,0
3921,0
3922,0
3923,0
3924,0
3925,0
3926,0
3927,0
3928,0
3929,0
3930,0
3931,0
3932,0
3933,0
3934,0
3935,0
3936,0
3937,0
3938,0
3939,54
3940,643
3941,780
3942,362
3943,25
3944,0
3945,0
3946,0
3947,0
3948,0
3949,0
3950,0
3951,0
3952,233
3953,3673
3954,6224
3955,6964
3956,8686
3957,5404
3958,1462
3959,530
3960,656
3961,770
3962,357
3963,299
3964,104
3965,2889
3966,10032
3967,14545
3968,14815
3969,13926
3970,13074
3971,17827
3972,18041
3973,18134
3974,19566
3975,21580
3976,22320
3977,27650
3978,23197
3979,9337
3980,14097
3981,14200
3982,17988
3983,6415
3984,8633
3985,3167
3986,3153
3987,16578
3988,23365
3989,29442
3990,29823
3991,26863
3992,18887
3993,22559
3994,31923
3995,34601
3996,36274
3997,34130
3998,31029
3999,21126
4000,13582
4001,8544
4002,10988
4003,7869
4004,6166
4005,3836
4006,5284
4007,6550
4008,8555
4009,7506
4010,9709
4011,7692
4012,5857
4013,10902
4014,19463
4015,24535
4016,26839
4017,26519
4018,17375
4019,16022
4020,7194
4021,7860
4022,8117
4023,5033
4024,10163
4025,11143
4026,8848
4027,4353
4028,1128
4029,30
4030,0
4031,0
4032,771
4033,4952
4034,5936
4035,3634
4036,6733
4037,13612
4038,13497
4039,6903
4040,193
4041,0
4042,0
4043,0
4044,1
4045,28
4046,0
4047,0
4048,0
4049,0
4050,0
4051,136
4052,519
4053,608
4054,4615
4055,6398
4056,9414
4057,13379
4058,15609
4059,16624
4060,15437
4061,19948
4062,26316
4063,27822
4064,27332
4065,26859
4066,18745
4067,15058
4068,15523
4069,14083
4070,15179
4071,18946
4072,13238
4073,11911
4074,21818
4075,25304
4076,26237
4077,26483
4078,25487
4079,26304
4080,20034
4081,17615
4082,15872
4083,15816
4084,26167
4085,29274
4086,24957
4087,27954
4088,26185
4089,19931
4090,17490
4091,16941
4092,19526
4093,21149
4094,16931
4095,17206
4096,20997
4097,18960
4098,13063
4099,8711
4100,11150
4101,12120
4102,15205
4103,17030
4104,20387
4105,15332
4106,22502
4107,21645
4108,19629
4109,17092
4110,14910
4111,12138
4112,10870
4113,11574
4114,11572
4115,7236
4116,6669
4117,5433
4118,4187
4119,4088
4120,4296
4121,2129
4122,812
4123,1283
4124,699
4125,1937
4126,3106
4127,5776
4128,3336
4129,2980
4130,0
4131,110
4132,169
4133,0
4134,0
4135,0
4136,0
4137,0
4138,0
4139,0
4140,0
4141,0
4142,583
4143,5495
4144,6087
4145,7552
4146,6345
4147,5272
4148,4922
4149,3983
4150,2932
4151,1484
4152,1200
4153,594
4154,110
4155,648
4156,324
4157,33
4158,0
4159,0
4160,1
4161,0
4162,0
4163,0
4164,0
4165,0
4166,0
4167,0
4168,3
4169,377
4170,381
4171,213
4172,18
4173,17
4174,38
4175,34
4176,1099
4177,1305
4178,2813
4179,2775
4180,2267
4181,3718
4182,2859
4183,3309
4184,9194
4185,12979
4186,11743
4187,254
4188,0
4189,1443
4190,2646
4191,2683
4192,4379
4193,3616
4194,1254
4195,16
4196,0
4197,0
4198,0
4199,101
4200,819
4201,740
4202,905
4203,1896
4204,1246
4205,1982
4206,3202
4207,3838
4208,2768
4209,1414
4210,181
4211,57
4212,0
4213,0
4214,0
4215,0
4216,105
4217,1902
4218,4123
4219,4408
4220,5899
4221,7136
4222,9791
4223,9691
4224,4993
4225,8111
4226,7422
4227,2784
4228,348
4229,771
4230,1002
4231,2221
4232,5206
4233,6022
4234,6156
4235,8905
4236,5882
4237,4104
4238,3118
4239,5589
4240,6331
4241,6529
4242,8530
4243,8422
4244,11786
4245,10673
4246,9742
4247,10307
4248,13379
4249,10581
4250,8573
4251,10123
4252,11174
4253,11966
4254,12668
4255,12682
4256,15483
4257,13993
4258,18323
4259,16108
4260,12953
4261,10235
4262,8286
4263,8726
4264,9358
4265,7362
4266,7609
4267,9526
4268,9137
4269,10454
4270,16399
4271,15250
4272,11160
4273,13752
4274,9930
4275,7559
4276,6676
4277,8017
4278,8040
4279,7874
4280,2394
4281,3218
4282,4460
4283,1346
4284,2943
4285,2040
4286,1574
4287,3601
4288,2410
4289,4499
4290,3992
4291,6232
4292,7655
4293,11224
4294,14292
4295,11710
4296,11261
4297,5461
4298,881
4299,18
4300,3148
4301,5697
4302,5386
4303,4232
4304,4717
4305,3708
4306,1874
4307,1073
4308,0
4309,0
4310,0
4311,0
4312,0
4313,521
4314,487
4315,24
4316,113
4317,249
4318,2724
4319,6091
4320,7714
4321,3042
4322,3521
4323,3485
4324,6500
4325,6431
4326,5266
4327,2441
4328,914
4329,208
4330,422
4331,326
4332,0
4333,272
4334,69
4335,0
4336,0
4337,1002
4338,4937
4339,5295
4340,4262
4341,2946
4342,1361
4343,44
4344,0
4345,0
4346,0
4347,0
4348,0
4349,0
4350,1
4351,0
4352,60
4353,268
4354,1989
4355,6112
4356,6611
4357,13157
4358,17867
4359,23927
4360,31481
4361,33570
4362,24375
4363,17530
4364,17691
4365,10262
4366,10481
4367,15097
4368,14456
4369,11972
4370,8848
4371,8835
4372,11623
4373,11232
4374,8527
4375,10257
4376,9382
4377,10672
4378,10729
4379,15129
4380,22100
4381,28341
4382,29352
4383,25095
4384,24090
4385,26056
4386,31578
4387,27350
4388,29262
4389,20264
4390,27944
4391,30727
4392,28724
4393,25434
4394,19205
4395,22404
4396,26107
4397,28120
4398,28472
4399,29147
4400,26341
4401,21732
4402,24994
4403,23601
4404,3094
4405,0
4406,0
4407,2222
4408,4226
4409,2481
4410,2407
4411,354
4412,17
4413,0
4414,2
4415,0
4416,2
4417,29
4418,0
4419,0
4420,0
4421,0
4422,0
4423,0
4424,0
4425,0
4426,0
4427,0
4428,0
4429,0
4430,15
4431,27
4432,2210
4433,2016
4434,2623
4435,2499
4436,1578
4437,1087
4438,1841
4439,1852
4440,1558
4441,303
4442,69
4443,1
4444,0
4445,0
4446,0
4447,0
4448,0
4449,0
4450,0
4451,0
4452,0
4453,0
4454,0
4455,0
4456,0
4457,0
4458,0
4459,0
4460,0
4461,0
4462,0
4463,0
4464,0
4465,0
4466,0
4467,0
4468,0
4469,0
4470,0
4471,152
4472,695
4473,1002
4474,1403
4475,2677
4476,3911
4477,4696
4478,4074
4479,3441
4480,5473
4481,7365
4482,5881
4483,13789
4484,22255
4485,25520
4486,31105
4487,29811
4488,26996
4489,25935
4490,23199
4491,17210
4492,8001
4493,4438
4494,3559
4495,1703
4496,1304
4497,18
4498,0
4499,0
4500,0
4501,1673
4502,1901
4503,4695
4504,5052
4505,6277
4506,4783
4507,3679
4508,1554
4509,152
4510,0
4511,0
4512,174
4513,1846
4514,7726
4515,12670
4516,14330
4517,17168
4518,18121
4519,18924
4520,18246
4521,23917
4522,26901
4523,29342
4524,26866
4525,23585
4526,18107
4527,9426
4528,3754
4529,1881
4530,307
4531,0
4532,0
4533,0
4534,303
4535,26
4536,0
4537,0
4538,0
4539,0
4540,0
4541,0
4542,0
4543,0
4544,0
4545,0
4546,0
4547,0
4548,0
4549,0
4550,0
4551,0
4552,0
4553,0
4554,0
4555,2053
4556,2696
4557,2189
4558,1775
4559,45
4560,0
4561,0
4562,0
4563,0
4564,0
4565,0
4566,0
4567,0
4568,0
4569,0
4570,0
4571,0
4572,0
4573,0
4574,123
4575,368
4576,306
4577,775
4578,981
4579,1500
4580,2278
4581,1051
4582,179
4583,0
4584,0
4585,0
4586,0
4587,314
4588,1028
4589,1640
4590,3706
4591,5300
4592,3864
4593,5788
4594,4429
4595,5805
4596,6503
4597,9136
4598,10645
4599,7804
4600,2370
4601,224
4602,58
4603,55
4604,0
4605,0
4606,0
4607,0
4608,86
4609,1097
4610,243
4611,0
4612,0
4613,4
4614,502
4615,1174
4616,616
4617,514
4618,93
4619,851
4620,288
4621,588
4622,16
4623,535
4624,3141
4625,3034
4626,7236
4627,5550
4628,7279
4629,15012
4630,13794
4631,14479
4632,13773
4633,21843
4634,21710
4635,20489
4636,17495
4637,15057
4638,15713
4639,14133
4640,11968
4641,20354
4642,21700
4643,19069
4644,17668
4645,17751
4646,13224
4647,13411
4648,15232
4649,15790
4650,11118
4651,14704
4652,14529
4653,16168
4654,15395
4655,11506
4656,8400
4657,7464
4658,6924
4659,7948
4660,5247
4661,4366
4662,7997
4663,6305
4664,7777
4665,9265
4666,6507
4667,4440
4668,2935
4669,3013
4670,3483
4671,3000
4672,4095
4673,4036
4674,4857
4675,5990
4676,6738
4677,8488
4678,21899
4679,20761
4680,11349
4681,12027
4682,3545
4683,6782
4684,4463
4685,2653
4686,2330
4687,1251
4688,892
4689,1650
4690,3723
4691,19988
4692,26572
4693,21204
4694,23206
4695,16054
4696,15828
4697,15340
4698,16507
4699,15615
4700,18541
4701,22856
4702,22659
4703,22694
4704,23032
4705,18255
4706,18699
4707,19050
4708,19625
4709,23216
4710,24116
4711,25207
4712,26800
4713,24891
4714,20788
4715,12142
4716,14122
4717,15831
4718,17340
4719,19998
4720,24154
4721,23645
4722,24926
4723,25550
4724,25739
4725,25185
4726,22400
4727,21677
4728,19286
4729,12257
4730,6192
4731,2848
4732,802
4733,13
4734,0
4735,0
4736,0
4737,0
4738,0
4739,0
4740,0
4741,0
4742,591
4743,1203
4744,1067
4745,2193
4746,293
4747,91
4748,492
4749,1731
4750,4317
4751,2386
4752,3595
4753,6044
4754,3580
4755,169
4756,95
4757,0
4758,0
4759,0
4760,0
4761,18
4762,966
4763,1949
4764,871
4765,375
4766,25
4767,0
4768,32
4769,35
4770,159
4771,37
4772,0
4773,0
4774,0
4775,0
4776,0
4777,0
4778,0
4779,0
4780,0
4781,0
4782,0
4783,0
4784,0
4785,0
4786,142
4787,204
4788,1
4789,0
4790,0
4791,0
4792,90
4793,2628
4794,6684
4795,7776
4796,5409
4797,4767
4798,1850
4799,1677
4800,2519
4801,576
4802,0
4803,890
4804,1555
4805,1555
4806,2587
4807,7570
4808,11141
4809,9437
4810,4613
4811,4699
4812,2737
4813,3091
4814,1648
4815,1635
4816,2630
4817,4995
4818,5413
4819,5044
4820,4072
4821,4975
4822,4908
4823,3368
4824,1051
4825,2275
4826,588
4827,13
4828,101
4829,377
4830,1310
4831,1716
4832,898
4833,140
4834,411
4835,1
4836,0
4837,0
4838,0
4839,0
4840,2
4841,0
4842,0
4843,1825
4844,6841
4845,5493
4846,7140
4847,12211
4848,13925
4849,15110
4850,15465
4851,19889
4852,12857
4853,10581
4854,13590
4855,9153
4856,7028
4857,9980
4858,13090
4859,13897
4860,17364
4861,11631
4862,2629
4863,35
4864,0
4865,0
4866,0
4867,93
4868,3219
4869,6951
4870,12809
4871,11929
4872,16171
4873,15672
4874,13894
4875,13987
4876,12460
4877,12796
4878,11476
4879,11260
4880,11517
4881,9603
4882,12755
4883,11786
4884,7059
4885,4492
4886,3439
4887,594
4888,3002
4889,1755
4890,80
4891,0
4892,0
4893,0
4894,0
4895,0
4896,0
4897,1
4898,0
4899,0
4900,0
4901,0
4902,0
4903,67
4904,207
4905,512
4906,1026
4907,1017
4908,1793
4909,6281
4910,3043
4911,2786
4912,3893
4913,3826
4914,412
4915,563
4916,2025
4917,2366
4918,2197
4919,1577
4920,1105
4921,1072
4922,202
4923,213
4924,18
4925,0
4926,32
4927,606
4928,1944
4929,3252
4930,3442
4931,3632
4932,3063
4933,4554
4934,3820
4935,2839
4936,1085
4937,536
4938,995
4939,1707
4940,1101
4941,3757
4942,6905
4943,7260
4944,9337
4945,11093
4946,11142
4947,11623
4948,12007
4949,11188
4950,10444
4951,9401
4952,8825
4953,7987
4954,6665
4955,6105
4956,4537
4957,3362
4958,1559
4959,1121
4960,500
4961,772
4962,370
4963,107
4964,0
4965,87
4966,191
4967,287
4968,723
4969,202
4970,828
4971,1213
4972,1327
4973,538
4974,2734
4975,4148
4976,4336
4977,3906
4978,4638
4979,10590
4980,14739
4981,12849
4982,9515
4983,7537
4984,15565
4985,11917
4986,12761
4987,9560
4988,6979
4989,7640
4990,10557
4991,10086
4992,9044
4993,9992
4994,11347
4995,13393
4996,11296
4997,17771
4998,25192
4999,30604
5000,35942
5001,36822
5002,36208
5003,35039
5004,34938
5005,32733
5006,33950
5007,28393
5008,24385
5009,24970
5010,22724
5011,21247
5012,16727
5013,18501
5014,18760
5015,20368
5016,20415
5017,24972
5018,23262
5019,20089
5020,17589
5021,16982
5022,10346
5023,12707
5024,13315
5025,8667
5026,6911
5027,3949
5028,2464
5029,7768
5030,13686
5031,7430
5032,9352
5033,11029
5034,12856
5035,4470
5036,6158
5037,6125
5038,11266
5039,13537
5040,21879
5041,22620
5042,12123
5043,15469
5044,13413
5045,8019
5046,8070
5047,9560
5048,17661
5049,10418
5050,6916
5051,6529
5052,5401
5053,3873
5054,6144
5055,4885
5056,3074
5057,5151
5058,4848
5059,6501
5060,7978
5061,17068
5062,14155
5063,8223
5064,3686
5065,12471
5066,13025
5067,16345
5068,12279
5069,11306
5070,6061
5071,7760
5072,8532
5073,10717
5074,6503
5075,4527
5076,2327
5077,5
5078,0
5079,0
5080,5699
5081,17364
5082,19890
5083,18540
5084,10434
5085,12384
5086,13001
5087,15360
5088,23252
5089,28934
5090,33044
5091,30972
5092,26668
5093,28139
5094,26713
5095,24652
5096,21091
5097,16201
5098,16651
5099,14625
5100,15220
5101,17484
5102,22730
5103,22248
5104,25240
5105,31340
5106,34452
5107,36672
5108,36728
5109,37667
5110,38691
5111,37966
5112,38773
5113,38088
5114,36910
5115,33590
5116,30551
5117,32007
5118,31239
5119,31099
5120,28106
5121,29531
5122,28820
5123,30712
5124,28464
5125,24161
5126,22312
5127,19522
5128,18358
5129,13782
5130,11443
5131,9278
5132,8086
5133,12245
5134,17100
5135,14403
5136,9333
5137,4632
5138,6969
5139,6189
5140,8586
5141,10783
5142,8845
5143,8704
5144,10333
5145,7101
5146,6636
5147,5530
5148,4708
5149,2696
5150,1361
5151,1510
5152,3339
5153,648
5154,162
5155,5
5156,634
5157,2239
5158,928
5159,2794
5160,6419
5161,6873
5162,3511
5163,755
5164,223
5165,450
5166,1424
5167,3003
5168,4758
5169,7470
5170,5627
5171,6138
5172,9395
5173,7325
5174,12812
5175,10273
5176,8441
5177,13964
5178,14270
5179,7215
5180,8793
5181,7738
5182,5122
5183,4127
5184,3976
5185,1639
5186,262
5187,0
5188,0
5189,0
5190,0
5191,0
5192,0
5193,0
5194,0
5195,0
5196,430
5197,3387
5198,2504
5199,1565
5200,805
5201,648
5202,569
5203,424
5204,239
5205,28
5206,282
5207,1278
5208,6550
5209,7360
5210,4499
5211,1023
5212,858
5213,2814
5214,1704
5215,4156
5216,5063
5217,7061
5218,7044
5219,12727
5220,12738
5221,13428
5222,12576
5223,13211
5224,10309
5225,7771
5226,4640
5227,2541
5228,2902
5229,2103
5230,520
5231,234
5232,366
5233,144
5234,346
5235,48
5236,125
5237,207
5238,60
5239,118
5240,133
5241,204
5242,88
5243,0
5244,0
5245,0
5246,0
5247,0
5248,0
5249,0
5250,191
5251,850
5252,1216
5253,1022
5254,759
5255,275
5256,350
5257,341
5258,1840
5259,1103
5260,323
5261,37
5262,143
5263,82
5264,424
5265,925
5266,1530
5267,3122
5268,2767
5269,1711
5270,1670
5271,967
5272,88
5273,2
5274,0
5275,0
5276,0
5277,0
5278,1084
5279,3501
5280,3913
5281,5859
5282,7211
5283,6174
5284,5909
5285,6605
5286,6186
5287,6865
5288,7226
5289,4558
5290,5028
5291,13135
5292,15000
5293,10429
5294,4144
5295,3158
5296,590
5297,461
5298,29
5299,304
5300,559
5301,345
5302,474
5303,306
5304,13
5305,0
5306,0
5307,0
5308,0
5309,641
5310,3445
5311,5086
5312,5634
5313,3952
5314,2971
5315,1279
5316,1047
5317,157
5318,802
5319,502
5320,3639
5321,8662
5322,5837
5323,8510
5324,8910
5325,6299
5326,5784
5327,3494
5328,3793
5329,6532
5330,7181
5331,7724
5332,7992
5333,9619
5334,7702
5335,5091
5336,4375
5337,3897
5338,4286
5339,2425
5340,394
5341,0
5342,0
5343,0
5344,103
5345,608
5346,3037
5347,2477
5348,1172
5349,634
5350,42
5351,0
5352,0
5353,33
5354,126
5355,49
5356,178
5357,58
5358,1
5359,348
5360,4203
5361,7300
5362,12016
5363,15262
5364,15433
5365,22072
5366,25542
5367,31770
5368,31102
5369,32607
5370,34524
5371,35941
5372,36726
5373,37021
5374,35660
5375,36657
5376,35458
5377,38231
5378,35895
5379,38287
5380,38117
5381,38445
5382,31692
5383,28771
5384,29806
5385,35882
5386,35832
5387,36975
5388,35452
5389,34212
5390,31989
5391,30703
5392,26470
5393,25092
5394,28058
5395,23638
5396,10724
5397,10852
5398,9829
5399,5460
5400,5692
5401,4992
5402,1619
5403,12
5404,78
5405,19
5406,6
5407,1
5408,0
5409,0
5410,0
5411,0
5412,0
5413,0
5414,0
5415,3
5416,175
5417,2065
5418,3517
5419,1428
5420,886
5421,35
5422,0
5423,0
5424,5
5425,194
5426,1088
5427,1404
5428,1449
5429,1325
5430,1450
5431,2580
5432,3516
5433,2898
5434,2110
5435,3599
5436,4182
5437,5093
5438,4870
5439,5094
5440,2758
5441,5172
5442,8932
5443,9333
5444,6515
5445,8913
5446,18479
5447,22493
5448,22011
5449,20853
5450,25413
5451,24279
5452,27669
5453,27295
5454,25812
5455,21941
5456,24353
5457,25359
5458,32302
5459,37011
5460,31514
5461,27189
5462,32994
5463,33308
5464,34700
5465,38279
5466,37310
5467,37884
5468,38163
5469,37815
5470,30668
5471,23046
5472,19750
5473,23065
5474,20030
5475,22279
5476,17305
5477,18280
5478,26210
5479,19957
5480,14896
5481,11240
5482,16441
5483,18580
5484,19267
5485,24210
5486,27779
5487,20718
5488,21307
5489,32553
5490,27580
5491,17079
5492,14528
5493,13728
5494,15963
5495,19546
5496,19761
5497,9669
5498,13066
5499,14862
5500,18379
5501,11989
5502,7732
5503,9311
5504,7322
5505,3825
5506,5579
5507,5199
5508,5572
5509,8130
5510,1373
5511,1147
5512,2052
5513,2396
5514,332
5515,85
5516,1443
5517,100
5518,6196
5519,2591
5520,1673
5521,2350
5522,10403
5523,16120
5524,20089
5525,17761
5526,31455
5527,35714
5528,35288
5529,33985
5530,29123
5531,19751
5532,16682
5533,31019
5534,37265
5535,35291
5536,33430
5537,29203
5538,17535
5539,7866
5540,12597
5541,20102
5542,19588
5543,16922
5544,7994
5545,662
5546,62
5547,0
5548,0
5549,13962
5550,19174
5551,14157
5552,16332
5553,16629
5554,22884
5555,27757
5556,33163
5557,31651
5558,32840
5559,27079
5560,20785
5561,14000
5562,12745
5563,12768
5564,4738
5565,1205
5566,0
5567,0
5568,0
5569,11
5570,244
5571,907
5572,355
5573,786
5574,109
5575,0
5576,0
5577,0
5578,0
5579,0
5580,844
5581,4622
5582,1474
5583,2192
5584,808
5585,0
5586,0
5587,0
5588,0
5589,0
5590,23
5591,326
5592,458
5593,568
5594,232
5595,941
5596,1760
5597,1641
5598,2065
5599,2314
5600,3039
5601,2597
5602,1673
5603,1317
5604,694
5605,148
5606,171
5607,13
5608,30
5609,7
5610,90
5611,194
5612,183
5613,220
5614,499
5615,674
5616,760
5617,959
5618,913
5619,1137
5620,1410
5621,1326
5622,2823
5623,6005
5624,7471
5625,6306
5626,10964
5627,13747
5628,15884
5629,17166
5630,16983
5631,17735
5632,13780
5633,10054
5634,6439
5635,4579
5636,11034
5637,15612
5638,13713
5639,11259
5640,13564
5641,18082
5642,23497
5643,16419
5644,13175
5645,14292
5646,15507
5647,17648
5648,25278
5649,29771
5650,26755
5651,27350
5652,22156
5653,15654
5654,17022
5655,16584
5656,20967
5657,19766
5658,16199
5659,16078
5660,15188
5661,17834
5662,17335
5663,20610
5664,26305
5665,23512
5666,21993
5667,16618
5668,20203
5669,20978
5670,25652
5671,28411
5672,27036
5673,29008
5674,31986
5675,36239
5676,35277
5677,32107
5678,30068
5679,28486
5680,32184
5681,30187
5682,26271
5683,21439
5684,17922
5685,9119
5686,10408
5687,6514
5688,11126
5689,30119
5690,32777
5691,32159
5692,31745
5693,24442
5694,26938
5695,32765
5696,35875
5697,38104
5698,39647
5699,38031
5700,35379
5701,26472
5702,24247
5703,27477
5704,30696
5705,30664
5706,24211
5707,19654
5708,19383
5709,14401
5710,20974
5711,23878
5712,17195
5713,17523
5714,27662
5715,32321
5716,32130
5717,29627
5718,23239
5719,18753
5720,21159
5721,20282
5722,18094
5723,15941
5724,11329
5725,14425
5726,12832
5727,9273
5728,4494
5729,5891
5730,7748
5731,7467
5732,5320
5733,4515
5734,4345
5735,6144
5736,9202
5737,4495
5738,4563
5739,7831
5740,14536
5741,12507
5742,6876
5743,5915
5744,6413
5745,5957
5746,4241
5747,2278
5748,7614
5749,13646
5750,32468
5751,27748
5752,31760
5753,30672
5754,25611
5755,19262
5756,19250
5757,21965
5758,26784
5759,28376
5760,33408
5761,27785
5762,22968
5763,22211
5764,22007
5765,18625
5766,14148
5767,10000
5768,10557
5769,232
5770,0
5771,6
5772,1196
5773,2236
5774,6342
5775,12849
5776,17865
5777,15952
5778,21452
5779,26565
5780,36761
5781,33218
5782,32527
5783,36523
5784,32766
5785,11187
5786,5317
5787,5673
5788,15114
5789,33761
5790,36943
5791,38236
5792,39015
5793,38549
5794,39463
5795,39114
5796,37881
5797,23087
5798,26441
5799,17945
5800,11495
5801,9218
5802,3888
5803,20478
5804,20317
5805,18261
5806,18614
5807,22244
5808,23534
5809,30224
5810,31336
5811,22733
5812,5481
5813,23506
5814,19733
5815,20062
5816,18850
5817,26662
5818,33333
5819,23179
5820,22114
5821,33574
5822,33079
5823,28314
5824,27358
5825,34235
5826,34358
5827,24813
5828,20031
5829,11722
5830,10361
5831,7430
5832,5386
5833,4609
5834,7291
5835,3733
5836,4500
5837,3215
5838,6754
5839,15396
5840,6482
5841,513
5842,289
5843,4947
5844,24667
5845,28903
5846,26402
5847,25968
5848,6901
5849,12409
5850,17641
5851,19774
5852,23126
5853,25412
5854,27943
5855,19151
5856,16758
5857,27491
5858,21953
5859,7739
5860,16001
5861,33011
5862,31574
5863,34862
5864,36246
5865,36786
5866,36576
5867,31555
5868,2036
5869,31808
5870,27082
5871,34064
5872,37422
5873,34475
5874,32372
5875,22205
5876,18147
5877,20392
5878,21289
5879,6157
5880,21272
5881,12838
5882,8425
5883,3735
5884,8852
5885,22537
5886,27453
5887,23814
5888,23753
5889,27286
5890,30393
5891,29781
5892,34466
5893,35608
5894,32846
5895,22395
5896,22641
5897,21790
5898,16571
5899,9123
5900,8966
5901,12594
5902,11311
5903,5557
5904,25302
5905,26108
5906,20626
5907,11830
5908,8146
5909,5826
5910,8711
5911,10259
5912,15213
5913,15891
5914,15343
5915,28576
5916,32092
5917,18327
5918,10706
5919,27703
5920,25644
5921,29110
5922,22583
5923,14272
5924,15524
5925,11792
5926,9981
5927,8828
5928,18727
5929,15344
5930,11017
5931,6494
5932,6007
5933,13002
5934,10758
5935,3859
5936,6307
5937,1498
5938,3109
5939,4675
5940,4361
5941,2298
5942,3019
5943,1290
5944,603
5945,865
5946,3539
5947,2167
5948,504
5949,385
5950,496
5951,65
5952,26
5953,5
5954,0
5955,0
5956,233
5957,485
5958,1574
5959,1400
5960,758
5961,689
5962,265
5963,70
5964,913
5965,2383
5966,1275
5967,417
5968,859
5969,905
5970,1219
5971,1205
5972,1540
5973,3876
5974,4504
5975,4027
5976,4306
5977,6608
5978,8438
5979,9630
5980,12300
5981,13571
5982,15015
5983,18226
5984,21462
5985,25114
5986,24378
5987,28708
5988,34034
5989,36608
5990,38541
5991,37711
5992,36770
5993,35260
5994,34455
5995,33933
5996,27150
5997,29089
5998,26619
5999,25280
6000,23032
6001,15523
6002,8048
6003,6847
6004,1683
6005,0
6006,23868
6007,34415
6008,30010
6009,32728
6010,37128
6011,37853
6012,38107
6013,37910
6014,35485
6015,33717
6016,31115
6017,20345
6018,10628
6019,2136
6020,731
6021,19055
6022,34636
6023,27449
6024,26791
6025,15861
6026,3211
6027,4700
6028,10341
6029,13917
6030,20866
6031,14505
6032,12472
6033,23206
6034,30019
6035,27220
6036,28955
6037,30626
6038,31746
6039,30974
6040,32159
6041,34207
6042,28779
6043,27287
6044,24428
6045,24863
6046,31146
6047,24132
6048,18058
6049,5147
6050,12947
6051,21499
6052,22879
6053,22589
6054,28224
6055,33752
6056,33887
6057,34400
6058,28888
6059,20260
6060,32785
6061,33556
6062,34175
6063,34103
6064,32836
6065,30870
6066,16835
6067,21997
6068,32877
6069,31914
6070,32444
6071,27255
6072,37341
6073,35218
6074,36524
6075,37966
6076,37452
6077,37544
6078,37870
6079,37644
6080,37285
6081,35865
6082,34545
6083,33451
6084,34982
6085,33787
6086,34105
6087,33903
6088,34237
6089,26704
6090,26399
6091,23004
6092,34963
6093,38454
6094,36593
6095,37303
6096,37050
6097,32254
6098,14857
6099,6568
6100,3854
6101,1384
6102,0
6103,0
6104,0
6105,0
6106,0
6107,0
6108,0
6109,44
6110,2516
6111,4660
6112,4477
6113,4103
6114,5067
6115,5322
6116,4992
6117,5549
6118,6370
6119,9291
6120,10274
6121,15290
6122,21618
6123,22057
6124,22115
6125,26703
6126,32139
6127,32109
6128,34966
6129,34813
6130,36498
6131,37242
6132,36783
6133,33372
6134,33003
6135,32925
6136,30320
6137,29423
6138,30124
6139,31632
6140,32463
6141,36283
6142,37746
6143,36819
6144,35197
6145,37686
6146,38504
6147,37842
6148,37661
6149,37217
6150,35882
6151,37682
6152,33837
6153,34741
6154,37629
6155,32271
6156,27531
6157,14726
6158,5812
6159,6989
6160,9613
6161,19411
6162,7705
6163,11779
6164,9685
6165,9454
6166,14473
6167,21056
6168,18168
6169,18623
6170,18913
6171,13524
6172,8801
6173,4796
6174,1145
6175,414
6176,584
6177,706
6178,449
6179,12
6180,0
6181,0
6182,0
6183,0
6184,0
6185,0
6186,0
6187,1022
6188,1301
6189,2665
6190,669
6191,1
6192,0
6193,255
6194,1037
6195,326
6196,0
6197,0
6198,0
6199,0
6200,0
6201,0
6202,0
6203,0
6204,0
6205,0
6206,3139
6207,5614
6208,6437
6209,8661
6210,5159
6211,2124
6212,1139
6213,1176
6214,2377
6215,3910
6216,8647
6217,13867
6218,12544
6219,6822
6220,4347
6221,2297
6222,940
6223,3667
6224,7699
6225,6526
6226,4943
6227,6192
6228,5325
6229,6132
6230,10607
6231,16484
6232,6017
6233,683
6234,215
6235,2815
6236,6196
6237,4384
6238,7896
6239,11839
6240,12602
6241,13220
6242,2043
6243,0
6244,5
6245,64
6246,453
6247,301
6248,0
6249,33
6250,4
6251,1005
6252,7427
6253,5052
6254,6180
6255,10597
6256,13772
6257,11346
6258,8853
6259,15659
6260,10857
6261,16021
6262,4019
6263,30
6264,0
6265,0
6266,0
6267,0
6268,0
6269,0
6270,0
6271,0
6272,0
6273,2218
6274,1863
6275,1178
6276,6767
6277,15936
6278,19750
6279,23875
6280,23785
6281,23381
6282,23172
6283,22024
6284,25834
6285,31629
6286,29842
6287,17558
6288,20315
6289,26244
6290,31735
6291,33552
6292,30812
6293,20509
6294,21230
6295,22130
6296,24838
6297,30424
6298,34258
6299,34625
6300,36330
6301,37375
6302,33760
6303,32971
6304,38155
6305,37233
6306,36209
6307,37238
6308,39063
6309,35844
6310,29957
6311,28059
6312,26949
6313,22702
6314,17072
6315,16164
6316,19125
6317,15693
6318,17748
6319,18874
6320,21648
6321,29589
6322,31735
6323,31433
6324,26537
6325,8489
6326,11972
6327,14166
6328,14471
6329,18027
6330,30786
6331,38829
6332,35814
6333,30858
6334,33704
6335,26412
6336,29534
6337,35767
6338,36156
6339,36357
6340,26707
6341,14646
6342,7672
6343,10940
6344,15111
6345,16723
6346,7419
6347,13180
6348,14626
6349,15739
6350,17050
6351,16344
6352,10347
6353,5876
6354,2944
6355,1004
6356,475
6357,805
6358,1854
6359,6526
6360,12350
6361,16890
6362,13367
6363,7186
6364,4608
6365,5908
6366,8608
6367,8842
6368,8457
6369,13859
6370,31171
6371,19522
6372,25906
6373,34340
6374,33053
6375,24107
6376,12982
6377,17001
6378,14352
6379,7137
6380,12089
6381,12088
6382,13519
6383,11119
6384,14785
6385,18302
6386,16755
6387,25802
6388,35932
6389,33995
6390,21115
6391,13644
6392,25092
6393,35974
6394,37902
6395,35246
6396,35965
6397,37296
6398,34576
6399,36423
6400,31479
6401,30431
6402,27451
6403,26678
6404,27567
6405,27818
6406,23498
6407,28268
6408,29401
6409,35078
6410,29151
6411,36396
6412,35817
6413,32307
6414,34920
6415,36718
6416,37016
6417,31948
6418,20660
6419,26551
6420,14009
6421,10636
6422,30808
6423,32297
6424,26551
6425,21547
6426,9969
6427,1087
6428,0
6429,0
6430,0
6431,55
6432,1095
6433,324
6434,1492
6435,2771
6436,2381
6437,1034
6438,36
6439,0
6440,0
6441,0
6442,0
6443,0
6444,0
6445,0
6446,2
6447,202
6448,1486
6449,801
6450,1224
6451,4783
6452,9557
6453,22214
6454,24125
6455,28744
6456,31219
6457,30813
6458,25770
6459,24139
6460,19935
6461,28592
6462,31033
6463,33647
6464,35476
6465,37846
6466,32628
6467,24565
6468,38256
6469,26348
6470,21589
6471,21870
6472,22325
6473,23164
6474,29350
6475,36473
6476,38791
6477,40065
6478,38957
6479,36294
6480,37949
6481,38520
6482,29266
6483,28658
6484,29846
6485,24596
6486,15756
6487,740
6488,1708
6489,910
6490,96
6491,4
6492,0
6493,0
6494,362
6495,34
6496,0
6497,438
6498,737
6499,282
6500,0
6501,0
6502,0
6503,0
6504,1175
6505,6347
6506,8679
6507,8912
6508,9973
6509,10500
6510,10567
6511,13364
6512,14920
6513,20199
6514,23217
6515,24384
6516,27234
6517,30824
6518,30628
6519,28626
6520,30805
6521,29150
6522,20968
6523,13401
6524,11732
6525,17422
6526,20455
6527,19132
6528,18834
6529,19742
6530,27369
6531,28804
6532,27457
6533,26150
6534,25944
6535,24582
6536,23263
6537,20482
6538,20671
6539,18492
6540,13523
6541,8663
6542,4868
6543,3623
6544,2346
6545,592
6546,43
6547,0
6548,1
6549,932
6550,2953
6551,3156
6552,2348
6553,1905
6554,1643
6555,1133
6556,1020
6557,1811
6558,4195
6559,7056
6560,9229
6561,4864
6562,979
6563,64
6564,174
6565,53
6566,0
6567,27
6568,37
6569,0
6570,0
6571,175
6572,543
6573,12
6574,869
6575,2182
6576,3098
6577,8023
6578,9524
6579,12142
6580,14110
6581,13893
6582,14873
6583,12681
6584,13923
6585,13731
6586,24721
6587,30064
6588,28039
6589,26662
6590,24487
6591,24243
6592,22468
6593,21849
6594,21555
6595,10485
6596,7742
6597,3974
6598,5782
6599,6703
6600,4902
6601,5010
6602,10001
6603,13861
6604,22564
6605,20269
6606,13393
6607,10268
6608,5971
6609,6562
6610,6439
6611,6319
6612,4481
6613,9012
6614,10675
6615,9607
6616,4367
6617,2
6618,0
6619,0
6620,20
6621,455
6622,737
6623,1618
6624,2082
6625,3060
6626,12634
6627,18929
6628,23953
6629,19262
6630,10336
6631,12215
6632,13178
6633,10633
6634,8601
6635,9244
6636,6201
6637,4658
6638,1369
6639,693
6640,501
6641,457
6642,964
6643,2792
6644,2397
6645,2329
6646,3388
6647,1748
6648,365
6649,0
6650,0
6651,0
6652,0
6653,0
6654,0
6655,0
6656,0
6657,0
6658,0
6659,0
6660,0
6661,0
6662,0
6663,0
6664,0
6665,0
6666,0
6667,0
6668,4
6669,538
6670,989
6671,897
6672,7
6673,0
6674,0
6675,178
6676,540
6677,1266
6678,1275
6679,1397
6680,153
6681,0
6682,1
6683,2858
6684,3495
6685,12
6686,0
6687,0
6688,0
6689,0
6690,0
6691,43
6692,1839
6693,7963
6694,8784
6695,3821
6696,5870
6697,6744
6698,8887
6699,12903
6700,17944
6701,19427
6702,20373
6703,11764
6704,18726
6705,28463
6706,28846
6707,27699
6708,25004
6709,26804
6710,27922
6711,18338
6712,9730
6713,4838
6714,7378
6715,19697
6716,27643
6717,32847
6718,28773
6719,21932
6720,21003
6721,23271
6722,20386
6723,25514
6724,35864
6725,36419
6726,38283
6727,37599
6728,30426
6729,23256
6730,14604
6731,8348
6732,13457
6733,23380
6734,24078
6735,23657
6736,25627
6737,29864
6738,30816
6739,30137
6740,32903
6741,33668
6742,30596
6743,29552
6744,35118
6745,32656
6746,32236
6747,33752
6748,33818
6749,36540
6750,31590
6751,34331
6752,30862
6753,33304
6754,34124
6755,38590
6756,37791
6757,35132
6758,36416
6759,36017
6760,36381
6761,35543
6762,32708
6763,21764
6764,19171
6765,20371
6766,24876
6767,23143
6768,26640
6769,25345
6770,22696
6771,19222
6772,19531
6773,17041
6774,15450
6775,15528
6776,16290
6777,14353
6778,17267
6779,31764
6780,34758
6781,32464
6782,33785
6783,32624
6784,31343
6785,34591
6786,38666
6787,34578
6788,31813
6789,30668
6790,33112
6791,17946
6792,8883
6793,3365
6794,3069
6795,808
6796,426
6797,456
6798,1209
6799,7899
6800,6380
6801,3574
6802,4351
6803,4847
6804,3711
6805,1916
6806,3281
6807,3444
6808,10089
6809,6897
6810,7589
6811,7920
6812,8059
6813,5341
6814,5458
6815,5197
6816,4238
6817,1877
6818,296
6819,0
6820,0
6821,0
6822,0
6823,0
6824,0
6825,0
6826,0
6827,644
6828,2902
6829,2741
6830,4433
6831,5685
6832,3139
6833,2849
6834,2118
6835,1600
6836,3686
6837,5248
6838,6188
6839,4759
6840,5187
6841,5988
6842,4167
6843,4134
6844,7451
6845,9065
6846,10056
6847,8483
6848,7887
6849,10538
6850,10848
6851,9515
6852,13045
6853,17867
6854,21346
6855,23464
6856,28115
6857,30727
6858,29781
6859,29373
6860,26553
6861,29503
6862,29576
6863,26522
6864,30242
6865,31385
6866,30842
6867,28424
6868,24908
6869,22580
6870,11642
6871,12752
6872,13044
6873,7758
6874,1165
6875,137
6876,0
6877,0
6878,14
6879,4516
6880,6918
6881,10160
6882,4641
6883,11563
6884,14630
6885,11543
6886,14938
6887,15874
6888,14559
6889,10487
6890,11020
6891,10611
6892,8233
6893,5664
6894,4379
6895,3449
6896,3423
6897,284
6898,0
6899,0
6900,0
6901,0
6902,308
6903,5131
6904,5518
6905,2862
6906,0
6907,6381
6908,10929
6909,8374
6910,6292
6911,5393
6912,523
6913,0
6914,0
6915,0
6916,17
6917,94
6918,0
6919,0
6920,0
6921,0
6922,0
6923,0
6924,1421
6925,16038
6926,21861
6927,23349
6928,20284
6929,18704
6930,14721
6931,16409
6932,14056
6933,12708
6934,11595
6935,8449
6936,8104
6937,11770
6938,9725
6939,2879
6940,2950
6941,4820
6942,2001
6943,0
6944,0
6945,0
6946,11
6947,36
6948,240
6949,991
6950,762
6951,308
6952,1
6953,1
6954,20
6955,0
6956,150
6957,1003
6958,712
6959,496
6960,1259
6961,282
6962,94
6963,2298
6964,4079
6965,4785
6966,3180
6967,2099
6968,2441
6969,1512
6970,2714
6971,1963
6972,45
6973,0
6974,0
6975,0
6976,0
6977,0
6978,0
6979,70
6980,26
6981,104
6982,148
6983,0
6984,84
6985,78
6986,199
6987,195
6988,54
6989,328
6990,587
6991,570
6992,3445
6993,5188
6994,5584
6995,5343
6996,3814
6997,3690
6998,2855
6999,2901
7000,950
7001,246
7002,119
7003,48
7004,755
7005,796
7006,133
7007,2
7008,2
7009,0
7010,0
7011,0
7012,0
7013,0
7014,32
7015,0
7016,0
7017,0
7018,0
7019,0
7020,0
7021,0
7022,0
7023,0
7024,49
7025,347
7026,1759
7027,8037
7028,9354
7029,6871
7030,5699
7031,3067
7032,1166
7033,192
7034,41
7035,312
7036,148
7037,1004
7038,324
7039,7
7040,0
7041,0
7042,0
7043,0
7044,0
7045,0
7046,0
7047,0
7048,0
7049,0
7050,0
7051,0
7052,0
7053,0
7054,1
7055,3
7056,404
7057,2800
7058,6152
7059,7637
7060,6131
7061,5180
7062,5411
7063,8396
7064,11230
7065,12896
7066,13808
7067,12791
7068,14114
7069,11796
7070,11594
7071,10593
7072,9192
7073,8681
7074,8084
7075,6139
7076,5541
7077,5166
7078,4762
7079,3364
7080,2974
7081,3493
7082,4032
7083,4171
7084,4427
7085,4576
7086,4330
7087,2901
7088,1910
7089,2722
7090,1844
7091,1717
7092,550
7093,683
7094,624
7095,756
7096,591
7097,1141
7098,1286
7099,696
7100,706
7101,82
7102,0
7103,0
7104,0
7105,0
7106,0
7107,1
7108,170
7109,2248
7110,5350
7111,8560
7112,12830
7113,17583
7114,13843
7115,13178
7116,14262
7117,26190
7118,34262
7119,33814
7120,36955
7121,36381
7122,38451
7123,31051
7124,27422
7125,25717
7126,25282
7127,27812
7128,24986
7129,27257
7130,26283
7131,32061
7132,35145
7133,35690
7134,35748
7135,30967
7136,35172
7137,31537
7138,35829
7139,32251
7140,31757
7141,27484
7142,27432
7143,27453
7144,28146
7145,20884
7146,17055
7147,14312
7148,16465
7149,24325
7150,30137
7151,29262
7152,31945
7153,31748
7154,24475
7155,22544
7156,17379
7157,20785
7158,18646
7159,19336
7160,19916
7161,29805
7162,33181
7163,32246
7164,35123
7165,34999
7166,31680
7167,29061
7168,30837
7169,28496
7170,23326
7171,24750
7172,28251
7173,30682
7174,10765
7175,9234
7176,4462
7177,3882
7178,5569
7179,4157
7180,4515
7181,4202
7182,1959
7183,1744
7184,170
7185,365
7186,89
7187,3436
7188,9652
7189,5574
7190,6034
7191,5657
7192,4040
7193,2031
7194,4842
7195,3066
7196,3490
7197,1920
7198,35
7199,0
7200,0
7201,491
7202,7708
7203,17101
7204,16742
7205,19310
7206,13833
7207,15703
7208,9710
7209,4139
7210,2989
7211,4953
7212,6219
7213,2114
7214,11310
7215,6082
7216,4957
7217,5919
7218,12598
7219,11453
7220,13684
7221,9578
7222,9424
7223,13215
7224,18435
7225,4704
7226,551
7227,0
7228,2113
7229,10906
7230,17985
7231,11768
7232,20838
7233,28307
7234,25897
7235,25018
7236,22995
7237,18703
7238,25357
7239,32395
7240,31096
7241,30412
7242,37079
7243,35000
7244,32625
7245,23969
7246,28972
7247,15577
7248,12559
7249,16919
7250,3921
7251,17197
7252,30447
7253,35951
7254,33867
7255,28230
7256,31632
7257,33805
7258,34956
7259,30905
7260,31726
7261,32358
7262,26130
7263,27842
7264,20830
7265,17914
7266,14318
7267,17929
7268,15414
7269,5149
7270,2898
7271,6625
7272,9867
7273,13539
7274,12574
7275,6921
7276,10956
7277,12065
7278,8249
7279,12907
7280,11403
7281,11291
7282,13071
7283,12391
7284,9337
7285,9371
7286,4705
7287,3635
7288,4317
7289,5961
7290,10051
7291,6956
7292,5484
7293,6136
7294,9787
7295,12234
7296,14142
7297,19762
7298,19753
7299,21693
7300,23687
7301,16312
7302,15459
7303,24241
7304,30021
7305,33506
7306,36601
7307,37603
7308,38073
7309,38958
7310,38096
7311,37533
7312,34983
7313,33507
7314,34745
7315,37573
7316,34313
7317,32104
7318,30299
7319,31771
7320,36308
7321,38751
7322,37111
7323,25037
7324,31226
7325,23018
7326,26653
7327,27153
7328,17704
7329,29204
7330,33537
7331,35646
7332,37781
7333,37478
7334,37540
7335,33594
7336,24721
7337,23752
7338,26157
7339,27049
7340,25664
7341,19578
7342,18672
7343,19804
7344,17055
7345,18732
7346,19583
7347,19915
7348,26879
7349,30631
7350,29222
7351,28591
7352,30553
7353,29451
7354,32133
7355,37040
7356,35081
7357,32644
7358,30578
7359,34652
7360,31686
7361,31170
7362,31058
7363,37385
7364,39709
7365,26021
7366,18487
7367,7355
7368,2244
7369,10008
7370,13160
7371,12179
7372,12565
7373,13929
7374,14615
7375,11854
7376,7857
7377,5586
7378,4080
7379,5340
7380,4084
7381,2178
7382,5600
7383,5626
7384,6308
7385,5481
7386,3636
7387,3082
7388,3493
7389,3922
7390,2985
7391,2023
7392,2250
7393,1185
7394,160
7395,0
7396,0
7397,0
7398,0
7399,0
7400,36
7401,1425
7402,12385
7403,20342
7404,27936
7405,28243
7406,29831
7407,32864
7408,34640
7409,34475
7410,33092
7411,33667
7412,34672
7413,34158
7414,29999
7415,29136
7416,30047
7417,31505
7418,31936
7419,32369
7420,31088
7421,30137
7422,30122
7423,30976
7424,30255
7425,30810
7426,30370
7427,26274
7428,25609
7429,22333
7430,16330
7431,8353
7432,6575
7433,11491
7434,12276
7435,17573
7436,18832
7437,14837
7438,13679
7439,8870
7440,8837
7441,4421
7442,4518
7443,4881
7444,2433
7445,1479
7446,993
7447,145
7448,35
7449,0
7450,0
7451,0
7452,0
7453,0
7454,0
7455,0
7456,0
7457,0
7458,85
7459,313
7460,318
7461,0
7462,0
7463,0
7464,0
7465,0
7466,0
7467,0
7468,35
7469,0
7470,0
7471,3
7472,668
7473,352
7474,486
7475,1536
7476,1736
7477,1320
7478,2686
7479,3593
7480,1618
7481,3163
7482,4532
7483,2952
7484,1842
7485,3045
7486,3455
7487,2483
7488,4319
7489,6390
7490,7952
7491,5534
7492,8184
7493,11634
7494,11691
7495,9336
7496,13209
7497,24823
7498,30871
7499,32493
7500,33714
7501,30886
7502,29339
7503,27260
7504,30361
7505,29080
7506,25019
7507,15930
7508,8920
7509,8680
7510,9830
7511,16295
7512,16461
7513,19641
7514,15456
7515,16597
7516,18749
7517,18084
7518,21573
7519,24603
7520,20947
7521,25048
7522,28789
7523,30909
7524,31646
7525,34676
7526,35632
7527,37377
7528,31650
7529,25957
7530,26255
7531,22584
7532,12951
7533,5870
7534,6145
7535,7988
7536,10813
7537,10400
7538,16749
7539,19144
7540,12929
7541,12494
7542,6895
7543,3778
7544,3982
7545,2246
7546,1360
7547,308
7548,58
7549,139
7550,938
7551,151
7552,2115
7553,2528
7554,3137
7555,10519
7556,11343
7557,14160
7558,17330
7559,28877
7560,29502
7561,25462
7562,23368
7563,22583
7564,18591
7565,22163
7566,36233
7567,25979
7568,23293
7569,37190
7570,38017
7571,35119
7572,30482
7573,22881
7574,16114
7575,9128
7576,9293
7577,4019
7578,674
7579,1022
7580,3832
7581,6947
7582,11070
7583,12434
7584,13160
7585,14009
7586,14222
7587,14794
7588,15825
7589,14716
7590,13960
7591,11814
7592,9717
7593,8757
7594,11769
7595,9739
7596,8430
7597,5479
7598,6627
7599,6973
7600,10038
7601,12436
7602,10306
7603,11104
7604,11689
7605,6659
7606,6685
7607,6166
7608,5839
7609,3759
7610,1114
7611,178
7612,4
7613,3
7614,0
7615,0
7616,0
7617,0
7618,0
7619,0
7620,105
7621,724
7622,2016
7623,2662
7624,3683
7625,8505
7626,11847
7627,11463
7628,9935
7629,6233
7630,3673
7631,1194
7632,321
7633,0
7634,0
7635,0
7636,0
7637,11
7638,13
7639,0
7640,0
7641,0
7642,0
7643,0
7644,0
7645,0
7646,55
7647,2463
7648,59
7649,4
7650,398
7651,0
7652,121
7653,161
7654,720
7655,1323
7656,2205
7657,3730
7658,3986
7659,6531
7660,11069
7661,9028
7662,7597
7663,5183
7664,4170
7665,7878
7666,7015
7667,13113
7668,14206
7669,11039
7670,12447
7671,11165
7672,7722
7673,8869
7674,10831
7675,12787
7676,18165
7677,28545
7678,27458
7679,14497
7680,9553
7681,14011
7682,15397
7683,11676
7684,3788
7685,114
7686,5585
7687,13664
7688,26434
7689,22796
7690,21248
7691,18704
7692,17859
7693,24238
7694,24089
7695,22417
7696,19296
7697,19175
7698,16067
7699,19581
7700,23723
7701,24981
7702,26530
7703,25414
7704,20499
7705,21458
7706,17381
7707,13111
7708,16546
7709,17746
7710,16179
7711,13251
7712,15443
7713,14383
7714,8827
7715,5091
7716,2181
7717,1173
7718,468
7719,1618
7720,2153
7721,697
7722,437
7723,412
7724,1457
7725,2748
7726,1968
7727,3076
7728,10539
7729,9782
7730,6885
7731,4553
7732,5543
7733,7480
7734,9558
7735,8696
7736,6517
7737,4621
7738,3802
7739,2326
7740,2501
7741,3089
7742,2914
7743,3872
7744,4346
7745,3835
7746,5130
7747,7615
7748,9963
7749,13281
7750,8826
7751,4576
7752,446
7753,0
7754,0
7755,0
7756,0
7757,0
7758,0
7759,0
7760,0
7761,0
7762,0
7763,0
7764,0
7765,107
7766,1916
7767,4661
7768,6671
7769,8987
7770,8706
7771,7702
7772,12687
7773,15195
7774,9876
7775,3972
7776,7143
7777,11669
7778,9739
7779,10297
7780,10187
7781,4656
7782,6517
7783,11180
7784,13179
7785,24661
7786,25237
7787,27558
7788,36077
7789,35418
7790,33679
7791,34200
7792,33942
7793,35874
7794,36362
7795,37017
7796,36323
7797,36101
7798,37821
7799,39108
7800,37466
7801,38113
7802,37554
7803,38406
7804,37677
7805,38418
7806,38815
7807,37096
7808,32745
7809,22827
7810,24069
7811,30976
7812,29719
7813,24952
7814,17658
7815,12571
7816,1396
7817,2701
7818,3146
7819,7426
7820,8883
7821,5244
7822,767
7823,140
7824,1
7825,0
7826,1220
7827,1784
7828,36
7829,29
7830,3051
7831,582
7832,0
7833,0
7834,28
7835,3012
7836,5983
7837,9623
7838,13888
7839,19669
7840,25981
7841,31229
7842,31828
7843,32821
7844,31216
7845,21870
7846,22168
7847,20456
7848,20380
7849,16551
7850,14561
7851,13165
7852,6549
7853,4444
7854,1591
7855,239
7856,66
7857,53
7858,17
7859,21
7860,0
7861,534
7862,2484
7863,7991
7864,5737
7865,312
7866,1116
7867,900
7868,908
7869,906
7870,1199
7871,674
7872,122
7873,42
7874,11
7875,157
7876,731
7877,1857
7878,2237
7879,2111
7880,1175
7881,402
7882,29
7883,0
7884,0
7885,0
7886,298
7887,5982
7888,12592
7889,15558
7890,15723
7891,18530
7892,18438
7893,20643
7894,19765
7895,18938
7896,17738
7897,20987
7898,26494
7899,27824
7900,27479
7901,20461
7902,20116
7903,18916
7904,16207
7905,14678
7906,11678
7907,12438
7908,12709
7909,15518
7910,15519
7911,17459
7912,27250
7913,28049
7914,28753
7915,30903
7916,31998
7917,37804
7918,39660
7919,38967
7920,37120
7921,34269
7922,34479
7923,35016
7924,35089
7925,36632
7926,33529
7927,22052
7928,16106
7929,19111
7930,20395
7931,16553
7932,14734
7933,16727
7934,18749
7935,15103
7936,17147
7937,13226
7938,17134
7939,17481
7940,19891
7941,15601
7942,12810
7943,14138
7944,13890
7945,11703
7946,6600
7947,5548
7948,7773
7949,10168
7950,11903
7951,614
7952,0
7953,0
7954,0
7955,0
7956,0
7957,0
7958,0
7959,0
7960,0
7961,0
7962,0
7963,0
7964,0
7965,0
7966,0
7967,0
7968,0
7969,0
7970,0
7971,0
7972,0
7973,0
7974,0
7975,0
7976,0
7977,0
7978,0
7979,21468
7980,33218
7981,32487
7982,34099
7983,37120
7984,30479
7985,30586
7986,36348
7987,36771
7988,31081
7989,28513
7990,26867
7991,24760
7992,30875
7993,29810
7994,26078
7995,26311
7996,19021
7997,12054
7998,2115
7999,286
8000,0
8001,51
8002,429
8003,1855
8004,2654
8005,2235
8006,1799
8007,2713
8008,2586
8009,3010
8010,4395
8011,5804
8012,4659
8013,3886
8014,6452
8015,5549
8016,5863
8017,6810
8018,11590
8019,11803
8020,13911
8021,15617
8022,20225
8023,18439
8024,7538
8025,9776
8026,9375
8027,8532
8028,8353
8029,9781
8030,16979
8031,19931
8032,23779
8033,27208
8034,27813
8035,26986
8036,22933
8037,20440
8038,18641
8039,14191
8040,8078
8041,2232
8042,23
8043,0
8044,0
8045,0
8046,0
8047,0
8048,0
8049,0
8050,30
8051,324
8052,580
8053,2243
8054,6948
8055,7233
8056,8152
8057,7980
8058,6238
8059,4555
8060,4949
8061,6401
8062,4974
8063,7294
8064,9247
8065,9282
8066,5748
8067,2393
8068,1071
8069,445
8070,522
8071,1151
8072,1330
8073,2581
8074,5832
8075,6373
8076,12290
8077,12402
8078,10361
8079,11350
8080,8758
8081,7167
8082,5609
8083,6194
8084,8990
8085,7803
8086,6658
8087,10845
8088,10634
8089,19681
8090,24799
8091,25451
8092,21828
8093,26702
8094,30329
8095,30754
8096,34809
8097,36731
8098,37125
8099,35295
8100,32921
8101,30013
8102,26533
8103,30625
8104,35835
8105,34754
8106,33719
8107,32546
8108,22866
8109,15069
8110,23882
8111,37220
8112,39491
8113,39092
8114,38740
8115,36958
8116,38032
8117,31154
8118,22898
8119,27595
8120,30976
8121,32122
8122,30789
8123,31633
8124,32757
8125,34124
8126,34852
8127,32422
8128,33261
8129,33702
8130,32620
8131,35772
8132,39122
8133,37253
8134,34854
8135,38340
8136,31952
8137,27952
8138,27590
8139,30720
8140,37015
8141,39437
8142,20743
8143,25678
8144,38938
8145,39251
8146,29566
8147,34753
8148,37397
8149,39049
8150,37614
8151,33536
8152,34529
8153,35719
8154,37451
8155,35700
8156,36024
8157,37614
8158,35756
8159,28440
8160,18418
8161,17949
8162,19085
8163,13877
8164,7951
8165,8627
8166,7654
8167,6789
8168,4679
8169,1229
8170,0
8171,0
8172,0
8173,0
8174,0
8175,0
8176,1232
8177,1720
8178,1281
8179,1934
8180,3752
8181,5020
8182,9641
8183,8618
8184,8016
8185,6987
8186,7596
8187,6714
8188,5465
8189,3995
8190,1871
8191,227
8192,0
8193,0
8194,2870
8195,6154
8196,11892
8197,8351
8198,2442
8199,8324
8200,11856
8201,17642
8202,20437
8203,22177
8204,21258
8205,19747
8206,19148
8207,17229
8208,16174
8209,16218
8210,14241
8211,12205
8212,9676
8213,12938
8214,13944
8215,11351
8216,9914
8217,8987
8218,9173
8219,5258
8220,18010
8221,18089
8222,6490
8223,8419
8224,3793
8225,21722
8226,19456
8227,29129
8228,39374
8229,36261
8230,33635
8231,35539
8232,32669
8233,31899
8234,32095
8235,32001
8236,32075
8237,32804
8238,22579
8239,10130
8240,18543
8241,24710
8242,32830
8243,37072
8244,35755
8245,35285
8246,34578
8247,34908
8248,31651
8249,32916
8250,32702
8251,32741
8252,32716
8253,32455
8254,28168
8255,20853
8256,17330
8257,23737
8258,18969
8259,18187
8260,22255
8261,26901
8262,21675
8263,13287
8264,19316
8265,25729
8266,26102
8267,29238
8268,34371
8269,36882
8270,35182
8271,35534
8272,30841
8273,23329
8274,22115
8275,17226
8276,15802
8277,10320
8278,10192
8279,20816
8280,27668
8281,15842
8282,3809
8283,6229
8284,13169
8285,14772
8286,17007
8287,20238
8288,19196
8289,28225
8290,31740
8291,27572
8292,26667
8293,29334
8294,32582
8295,24918
8296,22924
8297,21192
8298,21148
8299,26126
8300,16030
8301,15944
8302,13512
8303,13415
8304,7452
8305,9512
8306,3347
8307,97
8308,0
8309,0
8310,0
8311,0
8312,0
8313,0
8314,0
8315,0
8316,0
8317,0
8318,0
8319,0
8320,0
8321,12
8322,311
8323,571
8324,40
8325,964
8326,1938
8327,1954
8328,4254
8329,10105
8330,15699
8331,15655
8332,18589
8333,19484
8334,26325
8335,18361
8336,24326
8337,30114
8338,33493
8339,29457
8340,24986
8341,22931
8342,25194
8343,21426
8344,23505
8345,24073
8346,22197
8347,16369
8348,17056
8349,12712
8350,21917
8351,31586
8352,22522
8353,11236
8354,6758
8355,7254
8356,9910
8357,13912
8358,16699
8359,14011
8360,18590
8361,25088
8362,22203
8363,18549
8364,16781
8365,16729
8366,19640
8367,19572
8368,22561
8369,22980
8370,19160
8371,14435
8372,13249
8373,13895
8374,12464
8375,19359
8376,16140
8377,17102
8378,15950
8379,6948
8380,9111
8381,4128
8382,2630
8383,4390
8384,5850
8385,2409
8386,556
8387,220
8388,2840
8389,4671
8390,4754
8391,5025
8392,6794
8393,7013
8394,4822
8395,4129
8396,6006
8397,6388
8398,6044
8399,6252
8400,7904
8401,6640
8402,6695
8403,6955
8404,7363
8405,9358
8406,18407
8407,17313
8408,16108
8409,15995
8410,12431
8411,13023
8412,15650
8413,16805
8414,17568
8415,7823
8416,1292
8417,124
8418,1738
8419,3283
8420,1756
8421,2538
8422,1160
8423,7470
8424,12914
8425,22941
8426,26703
8427,9669
8428,21992
8429,32454
8430,31299
8431,30697
8432,26429
8433,28497
8434,30588
8435,20543
8436,23579
8437,22455
8438,23310
8439,20550
8440,22405
8441,25372
8442,22845
8443,19713
8444,25022
8445,25306
8446,24968
8447,24991
8448,19574
8449,21725
8450,7819
8451,13622
8452,18718
8453,17537
8454,17760
8455,25824
8456,22528
8457,21469
8458,18471
8459,18609
8460,22620
8461,22955
8462,25842
8463,24576
8464,28242
8465,21640
8466,25111
8467,23696
8468,20868
8469,18702
8470,19659
8471,18838
8472,20226
8473,18013
8474,14346
8475,6536
8476,13570
8477,15694
8478,9810
8479,12094
8480,11871
8481,12882
8482,16195
8483,17892
8484,24264
8485,25732
8486,23175
8487,23195
8488,25512
8489,27142
8490,27263
8491,22006
8492,20476
8493,6772
8494,7691
8495,2344
8496,969
8497,252
8498,0
8499,0
8500,0
8501,2
8502,7
8503,25
8504,0
8505,0
8506,0
8507,0
8508,0
8509,0
8510,257
8511,56
8512,0
8513,0
8514,387
8515,4703
8516,3654
8517,1363
8518,156
8519,0
8520,1266
8521,704
8522,2593
8523,1756
8524,1510
8525,368
8526,93
8527,0
8528,406
8529,10
8530,444
8531,786
8532,951
8533,7038
8534,9134
8535,5569
8536,3500
8537,2237
8538,72
8539,1441
8540,2327
8541,11330
8542,12773
8543,12908
8544,15922
8545,19763
8546,15599
8547,9601
8548,11593
8549,14562
8550,6838
8551,7843
8552,3601
8553,4193
8554,11933
8555,11894
8556,12303
8557,8460
8558,7602
8559,5259
8560,3603
8561,5627
8562,5644
8563,3936
8564,2071
8565,0
8566,5
8567,15
8568,1634
8569,1736
8570,1
8571,4267
8572,8305
8573,3232
8574,6307
8575,5113
8576,5703
8577,6056
8578,7412
8579,7813
8580,9683
8581,9488
8582,11333
8583,10728
8584,10262
8585,13525
8586,9495
8587,10167
8588,8448
8589,8253
8590,10871
8591,18739
8592,21781
8593,21008
8594,15915
8595,14068
8596,12567
8597,11898
8598,10448
8599,13256
8600,9470
8601,9719
8602,6418
8603,5889
8604,3521
8605,1695
8606,3123
8607,4234
8608,2452
8609,4272
8610,6761
8611,6273
8612,3778
8613,2702
8614,523
8615,524
8616,1042
8617,548
8618,326
8619,134
8620,0
8621,145
8622,1133
8623,136
8624,0
8625,0
8626,0
8627,0
8628,0
8629,0
8630,0
8631,0
8632,0
8633,1920
8634,6935
8635,6732
8636,3844
8637,2534
8638,1203
8639,657
8640,0
8641,30
8642,0
8643,0
8644,0
8645,0
8646,1
8647,825
8648,3198
8649,4048
8650,5359
8651,8115
8652,7270
8653,4191
8654,6923
8655,11011
8656,10787
8657,12582
8658,14219
8659,6261
8660,4614
8661,5360
8662,2085
8663,5228
8664,7448
8665,9662
8666,7667
8667,11653
8668,12612
8669,14929
8670,9453
8671,11226
8672,13204
8673,16724
8674,25412
8675,28214
8676,23953
8677,14572
8678,12917
8679,12629
8680,13497
8681,13295
8682,8266
8683,8071
8684,6817
8685,7959
8686,9835
8687,14931
8688,8993
8689,3840
8690,345
8691,6
8692,4115
8693,18470
8694,11694
8695,7563
8696,1799
8697,0
8698,0
8699,0
8700,0
8701,0
8702,0
8703,0
8704,0
8705,325
8706,1526
8707,798
8708,84
8709,331
8710,50
8711,0
8712,0
8713,0
8714,0
8715,0
8716,0
8717,0
8718,0
8719,0
8720,0
8721,0
8722,1033
8723,5306
8724,6359
8725,6946
8726,8894
8727,13844
8728,18817
8729,12634
8730,12563
8731,14735
8732,14967
8733,17316
8734,17828
8735,22648
8736,24047
8737,22812
8738,22173
8739,18485
8740,18408
8741,11778
8742,4814
8743,5467
8744,5720
8745,8959
8746,21563
8747,20039
8748,13866
8749,21095
8750,19735
8751,15084
8752,3512
8753,1861
8754,1158
8755,401
8756,133
8757,0
8758,389
8759,1027
8760,4
8761,6
8762,0
8763,0
8764,0
8765,0
8766,0
8767,0
8768,3
8769,4329
8770,9962
8771,12349
8772,13154
8773,13781
8774,15086
8775,16950
8776,8993
8777,4334
8778,648
8779,2299
8780,1497
8781,659
8782,5
8783,94
